row_top,row_bottom,column_left,column_right,color_id,color_name,ral_code,hex
1,117,1,184,2,Black,RAL 9005,#111111
1,117,2,183,2,Black,RAL 9005,#111111
1,117,3,182,2,Black,RAL 9005,#111111
1,117,4,181,2,Black,RAL 9005,#111111
1,117,5,180,2,Black,RAL 9005,#111111
1,117,6,179,2,Black,RAL 9005,#111111
1,117,7,178,2,Black,RAL 9005,#111111
1,117,8,177,2,Black,RAL 9005,#111111
1,117,9,176,2,Black,RAL 9005,#111111
1,117,10,175,2,Black,RAL 9005,#111111
1,117,11,174,2,Black,RAL 9005,#111111
1,117,12,173,2,Black,RAL 9005,#111111
1,117,13,172,2,Black,RAL 9005,#111111
1,117,14,171,2,Black,RAL 9005,#111111
1,117,15,170,2,Black,RAL 9005,#111111
1,117,16,169,2,Black,RAL 9005,#111111
1,117,17,168,2,Black,RAL 9005,#111111
1,117,18,167,2,Black,RAL 9005,#111111
1,117,19,166,2,Black,RAL 9005,#111111
1,117,20,165,2,Black,RAL 9005,#111111
1,117,21,164,2,Black,RAL 9005,#111111
1,117,22,163,2,Black,RAL 9005,#111111
1,117,23,162,2,Black,RAL 9005,#111111
1,117,24,161,2,Black,RAL 9005,#111111
1,117,25,160,2,Black,RAL 9005,#111111
1,117,26,159,2,Black,RAL 9005,#111111
1,117,27,158,2,Black,RAL 9005,#111111
1,117,28,157,2,Black,RAL 9005,#111111
1,117,29,156,2,Black,RAL 9005,#111111
1,117,30,155,2,Black,RAL 9005,#111111
1,117,31,154,2,Black,RAL 9005,#111111
1,117,32,153,2,Black,RAL 9005,#111111
1,117,33,152,2,Black,RAL 9005,#111111
1,117,34,151,2,Black,RAL 9005,#111111
1,117,35,150,2,Black,RAL 9005,#111111
1,117,36,149,2,Black,RAL 9005,#111111
1,117,37,148,2,Black,RAL 9005,#111111
1,117,38,147,2,Black,RAL 9005,#111111
1,117,39,146,2,Black,RAL 9005,#111111
1,117,40,145,2,Black,RAL 9005,#111111
1,117,41,144,2,Black,RAL 9005,#111111
1,117,42,143,2,Black,RAL 9005,#111111
1,117,43,142,2,Black,RAL 9005,#111111
1,117,44,141,2,Black,RAL 9005,#111111
1,117,45,140,2,Black,RAL 9005,#111111
1,117,46,139,2,Black,RAL 9005,#111111
1,117,47,138,2,Black,RAL 9005,#111111
1,117,48,137,2,Black,RAL 9005,#111111
1,117,49,136,2,Black,RAL 9005,#111111
1,117,50,135,2,Black,RAL 9005,#111111
1,117,51,134,2,Black,RAL 9005,#111111
1,117,52,133,2,Black,RAL 9005,#111111
1,117,53,132,2,Black,RAL 9005,#111111
1,117,54,131,2,Black,RAL 9005,#111111
1,117,55,130,2,Black,RAL 9005,#111111
1,117,56,129,2,Black,RAL 9005,#111111
1,117,57,128,2,Black,RAL 9005,#111111
1,117,58,127,2,Black,RAL 9005,#111111
1,117,59,126,2,Black,RAL 9005,#111111
1,117,60,125,2,Black,RAL 9005,#111111
1,117,61,124,2,Black,RAL 9005,#111111
1,117,62,123,2,Black,RAL 9005,#111111
1,117,63,122,2,Black,RAL 9005,#111111
1,117,64,121,2,Black,RAL 9005,#111111
1,117,65,120,2,Black,RAL 9005,#111111
1,117,66,119,2,Black,RAL 9005,#111111
1,117,67,118,2,Black,RAL 9005,#111111
1,117,68,117,2,Black,RAL 9005,#111111
1,117,69,116,2,Black,RAL 9005,#111111
1,117,70,115,2,Black,RAL 9005,#111111
1,117,71,114,2,Black,RAL 9005,#111111
1,117,72,113,2,Black,RAL 9005,#111111
1,117,73,112,2,Black,RAL 9005,#111111
1,117,74,111,2,Black,RAL 9005,#111111
1,117,75,110,2,Black,RAL 9005,#111111
1,117,76,109,2,Black,RAL 9005,#111111
1,117,77,108,2,Black,RAL 9005,#111111
1,117,78,107,2,Black,RAL 9005,#111111
1,117,79,106,2,Black,RAL 9005,#111111
1,117,80,105,2,Black,RAL 9005,#111111
1,117,81,104,2,Black,RAL 9005,#111111
1,117,82,103,2,Black,RAL 9005,#111111
1,117,83,102,2,Black,RAL 9005,#111111
1,117,84,101,2,Black,RAL 9005,#111111
1,117,85,100,2,Black,RAL 9005,#111111
1,117,86,99,2,Black,RAL 9005,#111111
1,117,87,98,2,Black,RAL 9005,#111111
1,117,88,97,2,Black,RAL 9005,#111111
1,117,89,96,2,Black,RAL 9005,#111111
1,117,90,95,2,Black,RAL 9005,#111111
1,117,91,94,2,Black,RAL 9005,#111111
1,117,92,93,2,Black,RAL 9005,#111111
1,117,93,92,2,Black,RAL 9005,#111111
1,117,94,91,2,Black,RAL 9005,#111111
1,117,95,90,2,Black,RAL 9005,#111111
1,117,96,89,2,Black,RAL 9005,#111111
1,117,97,88,2,Black,RAL 9005,#111111
1,117,98,87,2,Black,RAL 9005,#111111
1,117,99,86,2,Black,RAL 9005,#111111
1,117,100,85,2,Black,RAL 9005,#111111
1,117,101,84,2,Black,RAL 9005,#111111
1,117,102,83,2,Black,RAL 9005,#111111
1,117,103,82,2,Black,RAL 9005,#111111
1,117,104,81,2,Black,RAL 9005,#111111
1,117,105,80,2,Black,RAL 9005,#111111
1,117,106,79,2,Black,RAL 9005,#111111
1,117,107,78,2,Black,RAL 9005,#111111
1,117,108,77,2,Black,RAL 9005,#111111
1,117,109,76,2,Black,RAL 9005,#111111
1,117,110,75,2,Black,RAL 9005,#111111
1,117,111,74,2,Black,RAL 9005,#111111
1,117,112,73,2,Black,RAL 9005,#111111
1,117,113,72,2,Black,RAL 9005,#111111
1,117,114,71,2,Black,RAL 9005,#111111
1,117,115,70,2,Black,RAL 9005,#111111
1,117,116,69,2,Black,RAL 9005,#111111
1,117,117,68,2,Black,RAL 9005,#111111
1,117,118,67,2,Black,RAL 9005,#111111
1,117,119,66,2,Black,RAL 9005,#111111
1,117,120,65,2,Black,RAL 9005,#111111
1,117,121,64,2,Black,RAL 9005,#111111
1,117,122,63,2,Black,RAL 9005,#111111
1,117,123,62,2,Black,RAL 9005,#111111
1,117,124,61,2,Black,RAL 9005,#111111
1,117,125,60,2,Black,RAL 9005,#111111
1,117,126,59,2,Black,RAL 9005,#111111
1,117,127,58,2,Black,RAL 9005,#111111
1,117,128,57,2,Black,RAL 9005,#111111
1,117,129,56,2,Black,RAL 9005,#111111
1,117,130,55,2,Black,RAL 9005,#111111
1,117,131,54,2,Black,RAL 9005,#111111
1,117,132,53,2,Black,RAL 9005,#111111
1,117,133,52,2,Black,RAL 9005,#111111
1,117,134,51,2,Black,RAL 9005,#111111
1,117,135,50,2,Black,RAL 9005,#111111
1,117,136,49,2,Black,RAL 9005,#111111
1,117,137,48,2,Black,RAL 9005,#111111
1,117,138,47,2,Black,RAL 9005,#111111
1,117,139,46,2,Black,RAL 9005,#111111
1,117,140,45,2,Black,RAL 9005,#111111
1,117,141,44,2,Black,RAL 9005,#111111
1,117,142,43,2,Black,RAL 9005,#111111
1,117,143,42,8,Gray,RAL 7040,#8E98A3
1,117,144,41,8,Gray,RAL 7040,#8E98A3
1,117,145,40,8,Gray,RAL 7040,#8E98A3
1,117,146,39,8,Gray,RAL 7040,#8E98A3
1,117,147,38,8,Gray,RAL 7040,#8E98A3
1,117,148,37,8,Gray,RAL 7040,#8E98A3
1,117,149,36,8,Gray,RAL 7040,#8E98A3
1,117,150,35,8,Gray,RAL 7040,#8E98A3
1,117,151,34,8,Gray,RAL 7040,#8E98A3
1,117,152,33,8,Gray,RAL 7040,#8E98A3
1,117,153,32,8,Gray,RAL 7040,#8E98A3
1,117,154,31,8,Gray,RAL 7040,#8E98A3
1,117,155,30,8,Gray,RAL 7040,#8E98A3
1,117,156,29,8,Gray,RAL 7040,#8E98A3
1,117,157,28,8,Gray,RAL 7040,#8E98A3
1,117,158,27,8,Gray,RAL 7040,#8E98A3
1,117,159,26,8,Gray,RAL 7040,#8E98A3
1,117,160,25,8,Gray,RAL 7040,#8E98A3
1,117,161,24,8,Gray,RAL 7040,#8E98A3
1,117,162,23,8,Gray,RAL 7040,#8E98A3
1,117,163,22,8,Gray,RAL 7040,#8E98A3
1,117,164,21,8,Gray,RAL 7040,#8E98A3
1,117,165,20,8,Gray,RAL 7040,#8E98A3
1,117,166,19,8,Gray,RAL 7040,#8E98A3
1,117,167,18,8,Gray,RAL 7040,#8E98A3
1,117,168,17,8,Gray,RAL 7040,#8E98A3
1,117,169,16,8,Gray,RAL 7040,#8E98A3
1,117,170,15,8,Gray,RAL 7040,#8E98A3
1,117,171,14,8,Gray,RAL 7040,#8E98A3
1,117,172,13,8,Gray,RAL 7040,#8E98A3
1,117,173,12,8,Gray,RAL 7040,#8E98A3
1,117,174,11,8,Gray,RAL 7040,#8E98A3
1,117,175,10,8,Gray,RAL 7040,#8E98A3
1,117,176,9,8,Gray,RAL 7040,#8E98A3
1,117,177,8,8,Gray,RAL 7040,#8E98A3
1,117,178,7,8,Gray,RAL 7040,#8E98A3
1,117,179,6,8,Gray,RAL 7040,#8E98A3
1,117,180,5,8,Gray,RAL 7040,#8E98A3
1,117,181,4,8,Gray,RAL 7040,#8E98A3
1,117,182,3,8,Gray,RAL 7040,#8E98A3
1,117,183,2,8,Gray,RAL 7040,#8E98A3
1,117,184,1,8,Gray,RAL 7040,#8E98A3
2,116,1,184,2,Black,RAL 9005,#111111
2,116,2,183,2,Black,RAL 9005,#111111
2,116,3,182,2,Black,RAL 9005,#111111
2,116,4,181,2,Black,RAL 9005,#111111
2,116,5,180,2,Black,RAL 9005,#111111
2,116,6,179,2,Black,RAL 9005,#111111
2,116,7,178,2,Black,RAL 9005,#111111
2,116,8,177,2,Black,RAL 9005,#111111
2,116,9,176,2,Black,RAL 9005,#111111
2,116,10,175,2,Black,RAL 9005,#111111
2,116,11,174,2,Black,RAL 9005,#111111
2,116,12,173,2,Black,RAL 9005,#111111
2,116,13,172,2,Black,RAL 9005,#111111
2,116,14,171,2,Black,RAL 9005,#111111
2,116,15,170,2,Black,RAL 9005,#111111
2,116,16,169,2,Black,RAL 9005,#111111
2,116,17,168,2,Black,RAL 9005,#111111
2,116,18,167,2,Black,RAL 9005,#111111
2,116,19,166,2,Black,RAL 9005,#111111
2,116,20,165,2,Black,RAL 9005,#111111
2,116,21,164,2,Black,RAL 9005,#111111
2,116,22,163,2,Black,RAL 9005,#111111
2,116,23,162,2,Black,RAL 9005,#111111
2,116,24,161,2,Black,RAL 9005,#111111
2,116,25,160,2,Black,RAL 9005,#111111
2,116,26,159,2,Black,RAL 9005,#111111
2,116,27,158,2,Black,RAL 9005,#111111
2,116,28,157,2,Black,RAL 9005,#111111
2,116,29,156,2,Black,RAL 9005,#111111
2,116,30,155,2,Black,RAL 9005,#111111
2,116,31,154,2,Black,RAL 9005,#111111
2,116,32,153,2,Black,RAL 9005,#111111
2,116,33,152,2,Black,RAL 9005,#111111
2,116,34,151,2,Black,RAL 9005,#111111
2,116,35,150,2,Black,RAL 9005,#111111
2,116,36,149,2,Black,RAL 9005,#111111
2,116,37,148,2,Black,RAL 9005,#111111
2,116,38,147,2,Black,RAL 9005,#111111
2,116,39,146,2,Black,RAL 9005,#111111
2,116,40,145,2,Black,RAL 9005,#111111
2,116,41,144,2,Black,RAL 9005,#111111
2,116,42,143,2,Black,RAL 9005,#111111
2,116,43,142,2,Black,RAL 9005,#111111
2,116,44,141,2,Black,RAL 9005,#111111
2,116,45,140,2,Black,RAL 9005,#111111
2,116,46,139,2,Black,RAL 9005,#111111
2,116,47,138,2,Black,RAL 9005,#111111
2,116,48,137,2,Black,RAL 9005,#111111
2,116,49,136,2,Black,RAL 9005,#111111
2,116,50,135,2,Black,RAL 9005,#111111
2,116,51,134,2,Black,RAL 9005,#111111
2,116,52,133,2,Black,RAL 9005,#111111
2,116,53,132,2,Black,RAL 9005,#111111
2,116,54,131,2,Black,RAL 9005,#111111
2,116,55,130,2,Black,RAL 9005,#111111
2,116,56,129,2,Black,RAL 9005,#111111
2,116,57,128,2,Black,RAL 9005,#111111
2,116,58,127,2,Black,RAL 9005,#111111
2,116,59,126,2,Black,RAL 9005,#111111
2,116,60,125,2,Black,RAL 9005,#111111
2,116,61,124,2,Black,RAL 9005,#111111
2,116,62,123,2,Black,RAL 9005,#111111
2,116,63,122,2,Black,RAL 9005,#111111
2,116,64,121,2,Black,RAL 9005,#111111
2,116,65,120,2,Black,RAL 9005,#111111
2,116,66,119,2,Black,RAL 9005,#111111
2,116,67,118,2,Black,RAL 9005,#111111
2,116,68,117,2,Black,RAL 9005,#111111
2,116,69,116,2,Black,RAL 9005,#111111
2,116,70,115,2,Black,RAL 9005,#111111
2,116,71,114,2,Black,RAL 9005,#111111
2,116,72,113,2,Black,RAL 9005,#111111
2,116,73,112,2,Black,RAL 9005,#111111
2,116,74,111,2,Black,RAL 9005,#111111
2,116,75,110,2,Black,RAL 9005,#111111
2,116,76,109,2,Black,RAL 9005,#111111
2,116,77,108,2,Black,RAL 9005,#111111
2,116,78,107,2,Black,RAL 9005,#111111
2,116,79,106,2,Black,RAL 9005,#111111
2,116,80,105,2,Black,RAL 9005,#111111
2,116,81,104,2,Black,RAL 9005,#111111
2,116,82,103,2,Black,RAL 9005,#111111
2,116,83,102,2,Black,RAL 9005,#111111
2,116,84,101,2,Black,RAL 9005,#111111
2,116,85,100,2,Black,RAL 9005,#111111
2,116,86,99,2,Black,RAL 9005,#111111
2,116,87,98,2,Black,RAL 9005,#111111
2,116,88,97,2,Black,RAL 9005,#111111
2,116,89,96,2,Black,RAL 9005,#111111
2,116,90,95,2,Black,RAL 9005,#111111
2,116,91,94,2,Black,RAL 9005,#111111
2,116,92,93,2,Black,RAL 9005,#111111
2,116,93,92,2,Black,RAL 9005,#111111
2,116,94,91,2,Black,RAL 9005,#111111
2,116,95,90,2,Black,RAL 9005,#111111
2,116,96,89,2,Black,RAL 9005,#111111
2,116,97,88,2,Black,RAL 9005,#111111
2,116,98,87,2,Black,RAL 9005,#111111
2,116,99,86,2,Black,RAL 9005,#111111
2,116,100,85,2,Black,RAL 9005,#111111
2,116,101,84,2,Black,RAL 9005,#111111
2,116,102,83,2,Black,RAL 9005,#111111
2,116,103,82,2,Black,RAL 9005,#111111
2,116,104,81,2,Black,RAL 9005,#111111
2,116,105,80,2,Black,RAL 9005,#111111
2,116,106,79,2,Black,RAL 9005,#111111
2,116,107,78,2,Black,RAL 9005,#111111
2,116,108,77,2,Black,RAL 9005,#111111
2,116,109,76,2,Black,RAL 9005,#111111
2,116,110,75,2,Black,RAL 9005,#111111
2,116,111,74,2,Black,RAL 9005,#111111
2,116,112,73,2,Black,RAL 9005,#111111
2,116,113,72,2,Black,RAL 9005,#111111
2,116,114,71,2,Black,RAL 9005,#111111
2,116,115,70,2,Black,RAL 9005,#111111
2,116,116,69,2,Black,RAL 9005,#111111
2,116,117,68,2,Black,RAL 9005,#111111
2,116,118,67,2,Black,RAL 9005,#111111
2,116,119,66,2,Black,RAL 9005,#111111
2,116,120,65,2,Black,RAL 9005,#111111
2,116,121,64,2,Black,RAL 9005,#111111
2,116,122,63,2,Black,RAL 9005,#111111
2,116,123,62,2,Black,RAL 9005,#111111
2,116,124,61,2,Black,RAL 9005,#111111
2,116,125,60,2,Black,RAL 9005,#111111
2,116,126,59,2,Black,RAL 9005,#111111
2,116,127,58,2,Black,RAL 9005,#111111
2,116,128,57,2,Black,RAL 9005,#111111
2,116,129,56,2,Black,RAL 9005,#111111
2,116,130,55,2,Black,RAL 9005,#111111
2,116,131,54,2,Black,RAL 9005,#111111
2,116,132,53,2,Black,RAL 9005,#111111
2,116,133,52,2,Black,RAL 9005,#111111
2,116,134,51,2,Black,RAL 9005,#111111
2,116,135,50,2,Black,RAL 9005,#111111
2,116,136,49,2,Black,RAL 9005,#111111
2,116,137,48,2,Black,RAL 9005,#111111
2,116,138,47,2,Black,RAL 9005,#111111
2,116,139,46,2,Black,RAL 9005,#111111
2,116,140,45,2,Black,RAL 9005,#111111
2,116,141,44,2,Black,RAL 9005,#111111
2,116,142,43,8,Gray,RAL 7040,#8E98A3
2,116,143,42,8,Gray,RAL 7040,#8E98A3
2,116,144,41,8,Gray,RAL 7040,#8E98A3
2,116,145,40,8,Gray,RAL 7040,#8E98A3
2,116,146,39,8,Gray,RAL 7040,#8E98A3
2,116,147,38,8,Gray,RAL 7040,#8E98A3
2,116,148,37,8,Gray,RAL 7040,#8E98A3
2,116,149,36,8,Gray,RAL 7040,#8E98A3
2,116,150,35,8,Gray,RAL 7040,#8E98A3
2,116,151,34,8,Gray,RAL 7040,#8E98A3
2,116,152,33,8,Gray,RAL 7040,#8E98A3
2,116,153,32,8,Gray,RAL 7040,#8E98A3
2,116,154,31,8,Gray,RAL 7040,#8E98A3
2,116,155,30,8,Gray,RAL 7040,#8E98A3
2,116,156,29,8,Gray,RAL 7040,#8E98A3
2,116,157,28,8,Gray,RAL 7040,#8E98A3
2,116,158,27,8,Gray,RAL 7040,#8E98A3
2,116,159,26,8,Gray,RAL 7040,#8E98A3
2,116,160,25,8,Gray,RAL 7040,#8E98A3
2,116,161,24,8,Gray,RAL 7040,#8E98A3
2,116,162,23,8,Gray,RAL 7040,#8E98A3
2,116,163,22,8,Gray,RAL 7040,#8E98A3
2,116,164,21,8,Gray,RAL 7040,#8E98A3
2,116,165,20,8,Gray,RAL 7040,#8E98A3
2,116,166,19,8,Gray,RAL 7040,#8E98A3
2,116,167,18,8,Gray,RAL 7040,#8E98A3
2,116,168,17,8,Gray,RAL 7040,#8E98A3
2,116,169,16,8,Gray,RAL 7040,#8E98A3
2,116,170,15,8,Gray,RAL 7040,#8E98A3
2,116,171,14,8,Gray,RAL 7040,#8E98A3
2,116,172,13,8,Gray,RAL 7040,#8E98A3
2,116,173,12,8,Gray,RAL 7040,#8E98A3
2,116,174,11,8,Gray,RAL 7040,#8E98A3
2,116,175,10,8,Gray,RAL 7040,#8E98A3
2,116,176,9,8,Gray,RAL 7040,#8E98A3
2,116,177,8,8,Gray,RAL 7040,#8E98A3
2,116,178,7,8,Gray,RAL 7040,#8E98A3
2,116,179,6,8,Gray,RAL 7040,#8E98A3
2,116,180,5,8,Gray,RAL 7040,#8E98A3
2,116,181,4,8,Gray,RAL 7040,#8E98A3
2,116,182,3,8,Gray,RAL 7040,#8E98A3
2,116,183,2,8,Gray,RAL 7040,#8E98A3
2,116,184,1,8,Gray,RAL 7040,#8E98A3
3,115,1,184,2,Black,RAL 9005,#111111
3,115,2,183,2,Black,RAL 9005,#111111
3,115,3,182,2,Black,RAL 9005,#111111
3,115,4,181,2,Black,RAL 9005,#111111
3,115,5,180,2,Black,RAL 9005,#111111
3,115,6,179,2,Black,RAL 9005,#111111
3,115,7,178,2,Black,RAL 9005,#111111
3,115,8,177,2,Black,RAL 9005,#111111
3,115,9,176,2,Black,RAL 9005,#111111
3,115,10,175,2,Black,RAL 9005,#111111
3,115,11,174,2,Black,RAL 9005,#111111
3,115,12,173,2,Black,RAL 9005,#111111
3,115,13,172,2,Black,RAL 9005,#111111
3,115,14,171,2,Black,RAL 9005,#111111
3,115,15,170,2,Black,RAL 9005,#111111
3,115,16,169,2,Black,RAL 9005,#111111
3,115,17,168,2,Black,RAL 9005,#111111
3,115,18,167,2,Black,RAL 9005,#111111
3,115,19,166,2,Black,RAL 9005,#111111
3,115,20,165,2,Black,RAL 9005,#111111
3,115,21,164,2,Black,RAL 9005,#111111
3,115,22,163,2,Black,RAL 9005,#111111
3,115,23,162,2,Black,RAL 9005,#111111
3,115,24,161,2,Black,RAL 9005,#111111
3,115,25,160,2,Black,RAL 9005,#111111
3,115,26,159,2,Black,RAL 9005,#111111
3,115,27,158,2,Black,RAL 9005,#111111
3,115,28,157,2,Black,RAL 9005,#111111
3,115,29,156,2,Black,RAL 9005,#111111
3,115,30,155,2,Black,RAL 9005,#111111
3,115,31,154,2,Black,RAL 9005,#111111
3,115,32,153,2,Black,RAL 9005,#111111
3,115,33,152,2,Black,RAL 9005,#111111
3,115,34,151,2,Black,RAL 9005,#111111
3,115,35,150,2,Black,RAL 9005,#111111
3,115,36,149,2,Black,RAL 9005,#111111
3,115,37,148,2,Black,RAL 9005,#111111
3,115,38,147,2,Black,RAL 9005,#111111
3,115,39,146,2,Black,RAL 9005,#111111
3,115,40,145,2,Black,RAL 9005,#111111
3,115,41,144,2,Black,RAL 9005,#111111
3,115,42,143,2,Black,RAL 9005,#111111
3,115,43,142,2,Black,RAL 9005,#111111
3,115,44,141,2,Black,RAL 9005,#111111
3,115,45,140,2,Black,RAL 9005,#111111
3,115,46,139,2,Black,RAL 9005,#111111
3,115,47,138,2,Black,RAL 9005,#111111
3,115,48,137,2,Black,RAL 9005,#111111
3,115,49,136,2,Black,RAL 9005,#111111
3,115,50,135,2,Black,RAL 9005,#111111
3,115,51,134,2,Black,RAL 9005,#111111
3,115,52,133,2,Black,RAL 9005,#111111
3,115,53,132,2,Black,RAL 9005,#111111
3,115,54,131,2,Black,RAL 9005,#111111
3,115,55,130,2,Black,RAL 9005,#111111
3,115,56,129,2,Black,RAL 9005,#111111
3,115,57,128,2,Black,RAL 9005,#111111
3,115,58,127,2,Black,RAL 9005,#111111
3,115,59,126,2,Black,RAL 9005,#111111
3,115,60,125,2,Black,RAL 9005,#111111
3,115,61,124,2,Black,RAL 9005,#111111
3,115,62,123,2,Black,RAL 9005,#111111
3,115,63,122,2,Black,RAL 9005,#111111
3,115,64,121,2,Black,RAL 9005,#111111
3,115,65,120,2,Black,RAL 9005,#111111
3,115,66,119,2,Black,RAL 9005,#111111
3,115,67,118,2,Black,RAL 9005,#111111
3,115,68,117,2,Black,RAL 9005,#111111
3,115,69,116,2,Black,RAL 9005,#111111
3,115,70,115,2,Black,RAL 9005,#111111
3,115,71,114,2,Black,RAL 9005,#111111
3,115,72,113,2,Black,RAL 9005,#111111
3,115,73,112,2,Black,RAL 9005,#111111
3,115,74,111,2,Black,RAL 9005,#111111
3,115,75,110,2,Black,RAL 9005,#111111
3,115,76,109,2,Black,RAL 9005,#111111
3,115,77,108,2,Black,RAL 9005,#111111
3,115,78,107,2,Black,RAL 9005,#111111
3,115,79,106,2,Black,RAL 9005,#111111
3,115,80,105,2,Black,RAL 9005,#111111
3,115,81,104,2,Black,RAL 9005,#111111
3,115,82,103,2,Black,RAL 9005,#111111
3,115,83,102,2,Black,RAL 9005,#111111
3,115,84,101,2,Black,RAL 9005,#111111
3,115,85,100,2,Black,RAL 9005,#111111
3,115,86,99,2,Black,RAL 9005,#111111
3,115,87,98,2,Black,RAL 9005,#111111
3,115,88,97,2,Black,RAL 9005,#111111
3,115,89,96,2,Black,RAL 9005,#111111
3,115,90,95,2,Black,RAL 9005,#111111
3,115,91,94,2,Black,RAL 9005,#111111
3,115,92,93,2,Black,RAL 9005,#111111
3,115,93,92,2,Black,RAL 9005,#111111
3,115,94,91,2,Black,RAL 9005,#111111
3,115,95,90,2,Black,RAL 9005,#111111
3,115,96,89,2,Black,RAL 9005,#111111
3,115,97,88,2,Black,RAL 9005,#111111
3,115,98,87,2,Black,RAL 9005,#111111
3,115,99,86,2,Black,RAL 9005,#111111
3,115,100,85,2,Black,RAL 9005,#111111
3,115,101,84,2,Black,RAL 9005,#111111
3,115,102,83,2,Black,RAL 9005,#111111
3,115,103,82,2,Black,RAL 9005,#111111
3,115,104,81,2,Black,RAL 9005,#111111
3,115,105,80,2,Black,RAL 9005,#111111
3,115,106,79,2,Black,RAL 9005,#111111
3,115,107,78,2,Black,RAL 9005,#111111
3,115,108,77,2,Black,RAL 9005,#111111
3,115,109,76,2,Black,RAL 9005,#111111
3,115,110,75,2,Black,RAL 9005,#111111
3,115,111,74,2,Black,RAL 9005,#111111
3,115,112,73,2,Black,RAL 9005,#111111
3,115,113,72,2,Black,RAL 9005,#111111
3,115,114,71,2,Black,RAL 9005,#111111
3,115,115,70,2,Black,RAL 9005,#111111
3,115,116,69,2,Black,RAL 9005,#111111
3,115,117,68,2,Black,RAL 9005,#111111
3,115,118,67,2,Black,RAL 9005,#111111
3,115,119,66,2,Black,RAL 9005,#111111
3,115,120,65,2,Black,RAL 9005,#111111
3,115,121,64,2,Black,RAL 9005,#111111
3,115,122,63,2,Black,RAL 9005,#111111
3,115,123,62,2,Black,RAL 9005,#111111
3,115,124,61,2,Black,RAL 9005,#111111
3,115,125,60,2,Black,RAL 9005,#111111
3,115,126,59,2,Black,RAL 9005,#111111
3,115,127,58,2,Black,RAL 9005,#111111
3,115,128,57,2,Black,RAL 9005,#111111
3,115,129,56,2,Black,RAL 9005,#111111
3,115,130,55,2,Black,RAL 9005,#111111
3,115,131,54,2,Black,RAL 9005,#111111
3,115,132,53,2,Black,RAL 9005,#111111
3,115,133,52,2,Black,RAL 9005,#111111
3,115,134,51,2,Black,RAL 9005,#111111
3,115,135,50,2,Black,RAL 9005,#111111
3,115,136,49,2,Black,RAL 9005,#111111
3,115,137,48,2,Black,RAL 9005,#111111
3,115,138,47,2,Black,RAL 9005,#111111
3,115,139,46,2,Black,RAL 9005,#111111
3,115,140,45,2,Black,RAL 9005,#111111
3,115,141,44,2,Black,RAL 9005,#111111
3,115,142,43,8,Gray,RAL 7040,#8E98A3
3,115,143,42,8,Gray,RAL 7040,#8E98A3
3,115,144,41,8,Gray,RAL 7040,#8E98A3
3,115,145,40,8,Gray,RAL 7040,#8E98A3
3,115,146,39,8,Gray,RAL 7040,#8E98A3
3,115,147,38,8,Gray,RAL 7040,#8E98A3
3,115,148,37,8,Gray,RAL 7040,#8E98A3
3,115,149,36,8,Gray,RAL 7040,#8E98A3
3,115,150,35,8,Gray,RAL 7040,#8E98A3
3,115,151,34,8,Gray,RAL 7040,#8E98A3
3,115,152,33,8,Gray,RAL 7040,#8E98A3
3,115,153,32,8,Gray,RAL 7040,#8E98A3
3,115,154,31,8,Gray,RAL 7040,#8E98A3
3,115,155,30,8,Gray,RAL 7040,#8E98A3
3,115,156,29,8,Gray,RAL 7040,#8E98A3
3,115,157,28,8,Gray,RAL 7040,#8E98A3
3,115,158,27,8,Gray,RAL 7040,#8E98A3
3,115,159,26,8,Gray,RAL 7040,#8E98A3
3,115,160,25,8,Gray,RAL 7040,#8E98A3
3,115,161,24,8,Gray,RAL 7040,#8E98A3
3,115,162,23,8,Gray,RAL 7040,#8E98A3
3,115,163,22,8,Gray,RAL 7040,#8E98A3
3,115,164,21,8,Gray,RAL 7040,#8E98A3
3,115,165,20,8,Gray,RAL 7040,#8E98A3
3,115,166,19,8,Gray,RAL 7040,#8E98A3
3,115,167,18,8,Gray,RAL 7040,#8E98A3
3,115,168,17,8,Gray,RAL 7040,#8E98A3
3,115,169,16,8,Gray,RAL 7040,#8E98A3
3,115,170,15,8,Gray,RAL 7040,#8E98A3
3,115,171,14,8,Gray,RAL 7040,#8E98A3
3,115,172,13,8,Gray,RAL 7040,#8E98A3
3,115,173,12,8,Gray,RAL 7040,#8E98A3
3,115,174,11,8,Gray,RAL 7040,#8E98A3
3,115,175,10,8,Gray,RAL 7040,#8E98A3
3,115,176,9,8,Gray,RAL 7040,#8E98A3
3,115,177,8,8,Gray,RAL 7040,#8E98A3
3,115,178,7,8,Gray,RAL 7040,#8E98A3
3,115,179,6,8,Gray,RAL 7040,#8E98A3
3,115,180,5,8,Gray,RAL 7040,#8E98A3
3,115,181,4,8,Gray,RAL 7040,#8E98A3
3,115,182,3,8,Gray,RAL 7040,#8E98A3
3,115,183,2,8,Gray,RAL 7040,#8E98A3
3,115,184,1,8,Gray,RAL 7040,#8E98A3
4,114,1,184,2,Black,RAL 9005,#111111
4,114,2,183,2,Black,RAL 9005,#111111
4,114,3,182,2,Black,RAL 9005,#111111
4,114,4,181,2,Black,RAL 9005,#111111
4,114,5,180,2,Black,RAL 9005,#111111
4,114,6,179,2,Black,RAL 9005,#111111
4,114,7,178,2,Black,RAL 9005,#111111
4,114,8,177,2,Black,RAL 9005,#111111
4,114,9,176,2,Black,RAL 9005,#111111
4,114,10,175,2,Black,RAL 9005,#111111
4,114,11,174,2,Black,RAL 9005,#111111
4,114,12,173,2,Black,RAL 9005,#111111
4,114,13,172,2,Black,RAL 9005,#111111
4,114,14,171,2,Black,RAL 9005,#111111
4,114,15,170,2,Black,RAL 9005,#111111
4,114,16,169,2,Black,RAL 9005,#111111
4,114,17,168,2,Black,RAL 9005,#111111
4,114,18,167,2,Black,RAL 9005,#111111
4,114,19,166,2,Black,RAL 9005,#111111
4,114,20,165,2,Black,RAL 9005,#111111
4,114,21,164,2,Black,RAL 9005,#111111
4,114,22,163,2,Black,RAL 9005,#111111
4,114,23,162,2,Black,RAL 9005,#111111
4,114,24,161,2,Black,RAL 9005,#111111
4,114,25,160,2,Black,RAL 9005,#111111
4,114,26,159,2,Black,RAL 9005,#111111
4,114,27,158,2,Black,RAL 9005,#111111
4,114,28,157,2,Black,RAL 9005,#111111
4,114,29,156,2,Black,RAL 9005,#111111
4,114,30,155,2,Black,RAL 9005,#111111
4,114,31,154,2,Black,RAL 9005,#111111
4,114,32,153,2,Black,RAL 9005,#111111
4,114,33,152,2,Black,RAL 9005,#111111
4,114,34,151,2,Black,RAL 9005,#111111
4,114,35,150,2,Black,RAL 9005,#111111
4,114,36,149,2,Black,RAL 9005,#111111
4,114,37,148,2,Black,RAL 9005,#111111
4,114,38,147,2,Black,RAL 9005,#111111
4,114,39,146,2,Black,RAL 9005,#111111
4,114,40,145,2,Black,RAL 9005,#111111
4,114,41,144,2,Black,RAL 9005,#111111
4,114,42,143,2,Black,RAL 9005,#111111
4,114,43,142,2,Black,RAL 9005,#111111
4,114,44,141,2,Black,RAL 9005,#111111
4,114,45,140,2,Black,RAL 9005,#111111
4,114,46,139,2,Black,RAL 9005,#111111
4,114,47,138,2,Black,RAL 9005,#111111
4,114,48,137,2,Black,RAL 9005,#111111
4,114,49,136,2,Black,RAL 9005,#111111
4,114,50,135,2,Black,RAL 9005,#111111
4,114,51,134,2,Black,RAL 9005,#111111
4,114,52,133,2,Black,RAL 9005,#111111
4,114,53,132,2,Black,RAL 9005,#111111
4,114,54,131,2,Black,RAL 9005,#111111
4,114,55,130,2,Black,RAL 9005,#111111
4,114,56,129,2,Black,RAL 9005,#111111
4,114,57,128,2,Black,RAL 9005,#111111
4,114,58,127,2,Black,RAL 9005,#111111
4,114,59,126,2,Black,RAL 9005,#111111
4,114,60,125,2,Black,RAL 9005,#111111
4,114,61,124,2,Black,RAL 9005,#111111
4,114,62,123,2,Black,RAL 9005,#111111
4,114,63,122,2,Black,RAL 9005,#111111
4,114,64,121,2,Black,RAL 9005,#111111
4,114,65,120,2,Black,RAL 9005,#111111
4,114,66,119,2,Black,RAL 9005,#111111
4,114,67,118,2,Black,RAL 9005,#111111
4,114,68,117,2,Black,RAL 9005,#111111
4,114,69,116,2,Black,RAL 9005,#111111
4,114,70,115,2,Black,RAL 9005,#111111
4,114,71,114,2,Black,RAL 9005,#111111
4,114,72,113,2,Black,RAL 9005,#111111
4,114,73,112,2,Black,RAL 9005,#111111
4,114,74,111,2,Black,RAL 9005,#111111
4,114,75,110,2,Black,RAL 9005,#111111
4,114,76,109,2,Black,RAL 9005,#111111
4,114,77,108,2,Black,RAL 9005,#111111
4,114,78,107,2,Black,RAL 9005,#111111
4,114,79,106,2,Black,RAL 9005,#111111
4,114,80,105,2,Black,RAL 9005,#111111
4,114,81,104,2,Black,RAL 9005,#111111
4,114,82,103,2,Black,RAL 9005,#111111
4,114,83,102,2,Black,RAL 9005,#111111
4,114,84,101,2,Black,RAL 9005,#111111
4,114,85,100,2,Black,RAL 9005,#111111
4,114,86,99,2,Black,RAL 9005,#111111
4,114,87,98,2,Black,RAL 9005,#111111
4,114,88,97,2,Black,RAL 9005,#111111
4,114,89,96,2,Black,RAL 9005,#111111
4,114,90,95,2,Black,RAL 9005,#111111
4,114,91,94,2,Black,RAL 9005,#111111
4,114,92,93,2,Black,RAL 9005,#111111
4,114,93,92,2,Black,RAL 9005,#111111
4,114,94,91,2,Black,RAL 9005,#111111
4,114,95,90,2,Black,RAL 9005,#111111
4,114,96,89,2,Black,RAL 9005,#111111
4,114,97,88,2,Black,RAL 9005,#111111
4,114,98,87,2,Black,RAL 9005,#111111
4,114,99,86,2,Black,RAL 9005,#111111
4,114,100,85,2,Black,RAL 9005,#111111
4,114,101,84,2,Black,RAL 9005,#111111
4,114,102,83,2,Black,RAL 9005,#111111
4,114,103,82,2,Black,RAL 9005,#111111
4,114,104,81,2,Black,RAL 9005,#111111
4,114,105,80,2,Black,RAL 9005,#111111
4,114,106,79,2,Black,RAL 9005,#111111
4,114,107,78,2,Black,RAL 9005,#111111
4,114,108,77,2,Black,RAL 9005,#111111
4,114,109,76,2,Black,RAL 9005,#111111
4,114,110,75,2,Black,RAL 9005,#111111
4,114,111,74,2,Black,RAL 9005,#111111
4,114,112,73,2,Black,RAL 9005,#111111
4,114,113,72,2,Black,RAL 9005,#111111
4,114,114,71,2,Black,RAL 9005,#111111
4,114,115,70,2,Black,RAL 9005,#111111
4,114,116,69,2,Black,RAL 9005,#111111
4,114,117,68,2,Black,RAL 9005,#111111
4,114,118,67,2,Black,RAL 9005,#111111
4,114,119,66,2,Black,RAL 9005,#111111
4,114,120,65,2,Black,RAL 9005,#111111
4,114,121,64,2,Black,RAL 9005,#111111
4,114,122,63,2,Black,RAL 9005,#111111
4,114,123,62,2,Black,RAL 9005,#111111
4,114,124,61,2,Black,RAL 9005,#111111
4,114,125,60,2,Black,RAL 9005,#111111
4,114,126,59,2,Black,RAL 9005,#111111
4,114,127,58,2,Black,RAL 9005,#111111
4,114,128,57,2,Black,RAL 9005,#111111
4,114,129,56,2,Black,RAL 9005,#111111
4,114,130,55,2,Black,RAL 9005,#111111
4,114,131,54,2,Black,RAL 9005,#111111
4,114,132,53,2,Black,RAL 9005,#111111
4,114,133,52,2,Black,RAL 9005,#111111
4,114,134,51,2,Black,RAL 9005,#111111
4,114,135,50,2,Black,RAL 9005,#111111
4,114,136,49,2,Black,RAL 9005,#111111
4,114,137,48,2,Black,RAL 9005,#111111
4,114,138,47,2,Black,RAL 9005,#111111
4,114,139,46,2,Black,RAL 9005,#111111
4,114,140,45,2,Black,RAL 9005,#111111
4,114,141,44,8,Gray,RAL 7040,#8E98A3
4,114,142,43,8,Gray,RAL 7040,#8E98A3
4,114,143,42,8,Gray,RAL 7040,#8E98A3
4,114,144,41,8,Gray,RAL 7040,#8E98A3
4,114,145,40,8,Gray,RAL 7040,#8E98A3
4,114,146,39,8,Gray,RAL 7040,#8E98A3
4,114,147,38,8,Gray,RAL 7040,#8E98A3
4,114,148,37,8,Gray,RAL 7040,#8E98A3
4,114,149,36,8,Gray,RAL 7040,#8E98A3
4,114,150,35,8,Gray,RAL 7040,#8E98A3
4,114,151,34,8,Gray,RAL 7040,#8E98A3
4,114,152,33,8,Gray,RAL 7040,#8E98A3
4,114,153,32,8,Gray,RAL 7040,#8E98A3
4,114,154,31,8,Gray,RAL 7040,#8E98A3
4,114,155,30,8,Gray,RAL 7040,#8E98A3
4,114,156,29,8,Gray,RAL 7040,#8E98A3
4,114,157,28,8,Gray,RAL 7040,#8E98A3
4,114,158,27,8,Gray,RAL 7040,#8E98A3
4,114,159,26,8,Gray,RAL 7040,#8E98A3
4,114,160,25,8,Gray,RAL 7040,#8E98A3
4,114,161,24,8,Gray,RAL 7040,#8E98A3
4,114,162,23,8,Gray,RAL 7040,#8E98A3
4,114,163,22,8,Gray,RAL 7040,#8E98A3
4,114,164,21,8,Gray,RAL 7040,#8E98A3
4,114,165,20,8,Gray,RAL 7040,#8E98A3
4,114,166,19,8,Gray,RAL 7040,#8E98A3
4,114,167,18,8,Gray,RAL 7040,#8E98A3
4,114,168,17,8,Gray,RAL 7040,#8E98A3
4,114,169,16,8,Gray,RAL 7040,#8E98A3
4,114,170,15,8,Gray,RAL 7040,#8E98A3
4,114,171,14,8,Gray,RAL 7040,#8E98A3
4,114,172,13,8,Gray,RAL 7040,#8E98A3
4,114,173,12,8,Gray,RAL 7040,#8E98A3
4,114,174,11,8,Gray,RAL 7040,#8E98A3
4,114,175,10,8,Gray,RAL 7040,#8E98A3
4,114,176,9,8,Gray,RAL 7040,#8E98A3
4,114,177,8,8,Gray,RAL 7040,#8E98A3
4,114,178,7,8,Gray,RAL 7040,#8E98A3
4,114,179,6,8,Gray,RAL 7040,#8E98A3
4,114,180,5,8,Gray,RAL 7040,#8E98A3
4,114,181,4,8,Gray,RAL 7040,#8E98A3
4,114,182,3,8,Gray,RAL 7040,#8E98A3
4,114,183,2,8,Gray,RAL 7040,#8E98A3
4,114,184,1,8,Gray,RAL 7040,#8E98A3
5,113,1,184,2,Black,RAL 9005,#111111
5,113,2,183,2,Black,RAL 9005,#111111
5,113,3,182,2,Black,RAL 9005,#111111
5,113,4,181,2,Black,RAL 9005,#111111
5,113,5,180,2,Black,RAL 9005,#111111
5,113,6,179,2,Black,RAL 9005,#111111
5,113,7,178,2,Black,RAL 9005,#111111
5,113,8,177,2,Black,RAL 9005,#111111
5,113,9,176,2,Black,RAL 9005,#111111
5,113,10,175,2,Black,RAL 9005,#111111
5,113,11,174,2,Black,RAL 9005,#111111
5,113,12,173,2,Black,RAL 9005,#111111
5,113,13,172,2,Black,RAL 9005,#111111
5,113,14,171,2,Black,RAL 9005,#111111
5,113,15,170,2,Black,RAL 9005,#111111
5,113,16,169,2,Black,RAL 9005,#111111
5,113,17,168,2,Black,RAL 9005,#111111
5,113,18,167,2,Black,RAL 9005,#111111
5,113,19,166,2,Black,RAL 9005,#111111
5,113,20,165,2,Black,RAL 9005,#111111
5,113,21,164,2,Black,RAL 9005,#111111
5,113,22,163,2,Black,RAL 9005,#111111
5,113,23,162,2,Black,RAL 9005,#111111
5,113,24,161,2,Black,RAL 9005,#111111
5,113,25,160,2,Black,RAL 9005,#111111
5,113,26,159,2,Black,RAL 9005,#111111
5,113,27,158,2,Black,RAL 9005,#111111
5,113,28,157,2,Black,RAL 9005,#111111
5,113,29,156,2,Black,RAL 9005,#111111
5,113,30,155,2,Black,RAL 9005,#111111
5,113,31,154,2,Black,RAL 9005,#111111
5,113,32,153,2,Black,RAL 9005,#111111
5,113,33,152,2,Black,RAL 9005,#111111
5,113,34,151,2,Black,RAL 9005,#111111
5,113,35,150,2,Black,RAL 9005,#111111
5,113,36,149,2,Black,RAL 9005,#111111
5,113,37,148,2,Black,RAL 9005,#111111
5,113,38,147,2,Black,RAL 9005,#111111
5,113,39,146,2,Black,RAL 9005,#111111
5,113,40,145,2,Black,RAL 9005,#111111
5,113,41,144,2,Black,RAL 9005,#111111
5,113,42,143,2,Black,RAL 9005,#111111
5,113,43,142,2,Black,RAL 9005,#111111
5,113,44,141,2,Black,RAL 9005,#111111
5,113,45,140,2,Black,RAL 9005,#111111
5,113,46,139,2,Black,RAL 9005,#111111
5,113,47,138,2,Black,RAL 9005,#111111
5,113,48,137,2,Black,RAL 9005,#111111
5,113,49,136,2,Black,RAL 9005,#111111
5,113,50,135,2,Black,RAL 9005,#111111
5,113,51,134,2,Black,RAL 9005,#111111
5,113,52,133,2,Black,RAL 9005,#111111
5,113,53,132,2,Black,RAL 9005,#111111
5,113,54,131,2,Black,RAL 9005,#111111
5,113,55,130,2,Black,RAL 9005,#111111
5,113,56,129,2,Black,RAL 9005,#111111
5,113,57,128,2,Black,RAL 9005,#111111
5,113,58,127,2,Black,RAL 9005,#111111
5,113,59,126,2,Black,RAL 9005,#111111
5,113,60,125,2,Black,RAL 9005,#111111
5,113,61,124,2,Black,RAL 9005,#111111
5,113,62,123,2,Black,RAL 9005,#111111
5,113,63,122,2,Black,RAL 9005,#111111
5,113,64,121,2,Black,RAL 9005,#111111
5,113,65,120,2,Black,RAL 9005,#111111
5,113,66,119,2,Black,RAL 9005,#111111
5,113,67,118,2,Black,RAL 9005,#111111
5,113,68,117,2,Black,RAL 9005,#111111
5,113,69,116,2,Black,RAL 9005,#111111
5,113,70,115,2,Black,RAL 9005,#111111
5,113,71,114,2,Black,RAL 9005,#111111
5,113,72,113,2,Black,RAL 9005,#111111
5,113,73,112,2,Black,RAL 9005,#111111
5,113,74,111,2,Black,RAL 9005,#111111
5,113,75,110,2,Black,RAL 9005,#111111
5,113,76,109,2,Black,RAL 9005,#111111
5,113,77,108,2,Black,RAL 9005,#111111
5,113,78,107,2,Black,RAL 9005,#111111
5,113,79,106,2,Black,RAL 9005,#111111
5,113,80,105,2,Black,RAL 9005,#111111
5,113,81,104,2,Black,RAL 9005,#111111
5,113,82,103,2,Black,RAL 9005,#111111
5,113,83,102,2,Black,RAL 9005,#111111
5,113,84,101,2,Black,RAL 9005,#111111
5,113,85,100,2,Black,RAL 9005,#111111
5,113,86,99,2,Black,RAL 9005,#111111
5,113,87,98,2,Black,RAL 9005,#111111
5,113,88,97,2,Black,RAL 9005,#111111
5,113,89,96,2,Black,RAL 9005,#111111
5,113,90,95,2,Black,RAL 9005,#111111
5,113,91,94,2,Black,RAL 9005,#111111
5,113,92,93,2,Black,RAL 9005,#111111
5,113,93,92,2,Black,RAL 9005,#111111
5,113,94,91,2,Black,RAL 9005,#111111
5,113,95,90,2,Black,RAL 9005,#111111
5,113,96,89,2,Black,RAL 9005,#111111
5,113,97,88,2,Black,RAL 9005,#111111
5,113,98,87,2,Black,RAL 9005,#111111
5,113,99,86,2,Black,RAL 9005,#111111
5,113,100,85,2,Black,RAL 9005,#111111
5,113,101,84,2,Black,RAL 9005,#111111
5,113,102,83,2,Black,RAL 9005,#111111
5,113,103,82,2,Black,RAL 9005,#111111
5,113,104,81,2,Black,RAL 9005,#111111
5,113,105,80,2,Black,RAL 9005,#111111
5,113,106,79,2,Black,RAL 9005,#111111
5,113,107,78,2,Black,RAL 9005,#111111
5,113,108,77,2,Black,RAL 9005,#111111
5,113,109,76,2,Black,RAL 9005,#111111
5,113,110,75,2,Black,RAL 9005,#111111
5,113,111,74,2,Black,RAL 9005,#111111
5,113,112,73,2,Black,RAL 9005,#111111
5,113,113,72,2,Black,RAL 9005,#111111
5,113,114,71,2,Black,RAL 9005,#111111
5,113,115,70,2,Black,RAL 9005,#111111
5,113,116,69,2,Black,RAL 9005,#111111
5,113,117,68,2,Black,RAL 9005,#111111
5,113,118,67,2,Black,RAL 9005,#111111
5,113,119,66,2,Black,RAL 9005,#111111
5,113,120,65,2,Black,RAL 9005,#111111
5,113,121,64,2,Black,RAL 9005,#111111
5,113,122,63,2,Black,RAL 9005,#111111
5,113,123,62,2,Black,RAL 9005,#111111
5,113,124,61,2,Black,RAL 9005,#111111
5,113,125,60,2,Black,RAL 9005,#111111
5,113,126,59,2,Black,RAL 9005,#111111
5,113,127,58,2,Black,RAL 9005,#111111
5,113,128,57,2,Black,RAL 9005,#111111
5,113,129,56,2,Black,RAL 9005,#111111
5,113,130,55,2,Black,RAL 9005,#111111
5,113,131,54,2,Black,RAL 9005,#111111
5,113,132,53,2,Black,RAL 9005,#111111
5,113,133,52,2,Black,RAL 9005,#111111
5,113,134,51,2,Black,RAL 9005,#111111
5,113,135,50,2,Black,RAL 9005,#111111
5,113,136,49,2,Black,RAL 9005,#111111
5,113,137,48,2,Black,RAL 9005,#111111
5,113,138,47,2,Black,RAL 9005,#111111
5,113,139,46,2,Black,RAL 9005,#111111
5,113,140,45,2,Black,RAL 9005,#111111
5,113,141,44,8,Gray,RAL 7040,#8E98A3
5,113,142,43,8,Gray,RAL 7040,#8E98A3
5,113,143,42,8,Gray,RAL 7040,#8E98A3
5,113,144,41,8,Gray,RAL 7040,#8E98A3
5,113,145,40,8,Gray,RAL 7040,#8E98A3
5,113,146,39,8,Gray,RAL 7040,#8E98A3
5,113,147,38,8,Gray,RAL 7040,#8E98A3
5,113,148,37,8,Gray,RAL 7040,#8E98A3
5,113,149,36,8,Gray,RAL 7040,#8E98A3
5,113,150,35,8,Gray,RAL 7040,#8E98A3
5,113,151,34,8,Gray,RAL 7040,#8E98A3
5,113,152,33,8,Gray,RAL 7040,#8E98A3
5,113,153,32,8,Gray,RAL 7040,#8E98A3
5,113,154,31,8,Gray,RAL 7040,#8E98A3
5,113,155,30,8,Gray,RAL 7040,#8E98A3
5,113,156,29,8,Gray,RAL 7040,#8E98A3
5,113,157,28,8,Gray,RAL 7040,#8E98A3
5,113,158,27,8,Gray,RAL 7040,#8E98A3
5,113,159,26,8,Gray,RAL 7040,#8E98A3
5,113,160,25,8,Gray,RAL 7040,#8E98A3
5,113,161,24,8,Gray,RAL 7040,#8E98A3
5,113,162,23,8,Gray,RAL 7040,#8E98A3
5,113,163,22,8,Gray,RAL 7040,#8E98A3
5,113,164,21,8,Gray,RAL 7040,#8E98A3
5,113,165,20,8,Gray,RAL 7040,#8E98A3
5,113,166,19,8,Gray,RAL 7040,#8E98A3
5,113,167,18,8,Gray,RAL 7040,#8E98A3
5,113,168,17,8,Gray,RAL 7040,#8E98A3
5,113,169,16,8,Gray,RAL 7040,#8E98A3
5,113,170,15,8,Gray,RAL 7040,#8E98A3
5,113,171,14,8,Gray,RAL 7040,#8E98A3
5,113,172,13,8,Gray,RAL 7040,#8E98A3
5,113,173,12,8,Gray,RAL 7040,#8E98A3
5,113,174,11,8,Gray,RAL 7040,#8E98A3
5,113,175,10,8,Gray,RAL 7040,#8E98A3
5,113,176,9,8,Gray,RAL 7040,#8E98A3
5,113,177,8,8,Gray,RAL 7040,#8E98A3
5,113,178,7,8,Gray,RAL 7040,#8E98A3
5,113,179,6,8,Gray,RAL 7040,#8E98A3
5,113,180,5,8,Gray,RAL 7040,#8E98A3
5,113,181,4,8,Gray,RAL 7040,#8E98A3
5,113,182,3,8,Gray,RAL 7040,#8E98A3
5,113,183,2,8,Gray,RAL 7040,#8E98A3
5,113,184,1,8,Gray,RAL 7040,#8E98A3
6,112,1,184,2,Black,RAL 9005,#111111
6,112,2,183,2,Black,RAL 9005,#111111
6,112,3,182,2,Black,RAL 9005,#111111
6,112,4,181,2,Black,RAL 9005,#111111
6,112,5,180,2,Black,RAL 9005,#111111
6,112,6,179,2,Black,RAL 9005,#111111
6,112,7,178,2,Black,RAL 9005,#111111
6,112,8,177,2,Black,RAL 9005,#111111
6,112,9,176,2,Black,RAL 9005,#111111
6,112,10,175,2,Black,RAL 9005,#111111
6,112,11,174,2,Black,RAL 9005,#111111
6,112,12,173,2,Black,RAL 9005,#111111
6,112,13,172,2,Black,RAL 9005,#111111
6,112,14,171,2,Black,RAL 9005,#111111
6,112,15,170,2,Black,RAL 9005,#111111
6,112,16,169,2,Black,RAL 9005,#111111
6,112,17,168,2,Black,RAL 9005,#111111
6,112,18,167,2,Black,RAL 9005,#111111
6,112,19,166,2,Black,RAL 9005,#111111
6,112,20,165,2,Black,RAL 9005,#111111
6,112,21,164,2,Black,RAL 9005,#111111
6,112,22,163,2,Black,RAL 9005,#111111
6,112,23,162,2,Black,RAL 9005,#111111
6,112,24,161,2,Black,RAL 9005,#111111
6,112,25,160,2,Black,RAL 9005,#111111
6,112,26,159,2,Black,RAL 9005,#111111
6,112,27,158,2,Black,RAL 9005,#111111
6,112,28,157,2,Black,RAL 9005,#111111
6,112,29,156,2,Black,RAL 9005,#111111
6,112,30,155,2,Black,RAL 9005,#111111
6,112,31,154,2,Black,RAL 9005,#111111
6,112,32,153,2,Black,RAL 9005,#111111
6,112,33,152,2,Black,RAL 9005,#111111
6,112,34,151,2,Black,RAL 9005,#111111
6,112,35,150,2,Black,RAL 9005,#111111
6,112,36,149,2,Black,RAL 9005,#111111
6,112,37,148,2,Black,RAL 9005,#111111
6,112,38,147,2,Black,RAL 9005,#111111
6,112,39,146,2,Black,RAL 9005,#111111
6,112,40,145,2,Black,RAL 9005,#111111
6,112,41,144,2,Black,RAL 9005,#111111
6,112,42,143,2,Black,RAL 9005,#111111
6,112,43,142,2,Black,RAL 9005,#111111
6,112,44,141,2,Black,RAL 9005,#111111
6,112,45,140,2,Black,RAL 9005,#111111
6,112,46,139,2,Black,RAL 9005,#111111
6,112,47,138,2,Black,RAL 9005,#111111
6,112,48,137,2,Black,RAL 9005,#111111
6,112,49,136,2,Black,RAL 9005,#111111
6,112,50,135,2,Black,RAL 9005,#111111
6,112,51,134,2,Black,RAL 9005,#111111
6,112,52,133,2,Black,RAL 9005,#111111
6,112,53,132,2,Black,RAL 9005,#111111
6,112,54,131,2,Black,RAL 9005,#111111
6,112,55,130,2,Black,RAL 9005,#111111
6,112,56,129,2,Black,RAL 9005,#111111
6,112,57,128,2,Black,RAL 9005,#111111
6,112,58,127,2,Black,RAL 9005,#111111
6,112,59,126,2,Black,RAL 9005,#111111
6,112,60,125,2,Black,RAL 9005,#111111
6,112,61,124,2,Black,RAL 9005,#111111
6,112,62,123,2,Black,RAL 9005,#111111
6,112,63,122,2,Black,RAL 9005,#111111
6,112,64,121,2,Black,RAL 9005,#111111
6,112,65,120,2,Black,RAL 9005,#111111
6,112,66,119,2,Black,RAL 9005,#111111
6,112,67,118,2,Black,RAL 9005,#111111
6,112,68,117,2,Black,RAL 9005,#111111
6,112,69,116,2,Black,RAL 9005,#111111
6,112,70,115,2,Black,RAL 9005,#111111
6,112,71,114,2,Black,RAL 9005,#111111
6,112,72,113,2,Black,RAL 9005,#111111
6,112,73,112,2,Black,RAL 9005,#111111
6,112,74,111,2,Black,RAL 9005,#111111
6,112,75,110,2,Black,RAL 9005,#111111
6,112,76,109,2,Black,RAL 9005,#111111
6,112,77,108,2,Black,RAL 9005,#111111
6,112,78,107,2,Black,RAL 9005,#111111
6,112,79,106,2,Black,RAL 9005,#111111
6,112,80,105,2,Black,RAL 9005,#111111
6,112,81,104,2,Black,RAL 9005,#111111
6,112,82,103,2,Black,RAL 9005,#111111
6,112,83,102,2,Black,RAL 9005,#111111
6,112,84,101,2,Black,RAL 9005,#111111
6,112,85,100,2,Black,RAL 9005,#111111
6,112,86,99,2,Black,RAL 9005,#111111
6,112,87,98,2,Black,RAL 9005,#111111
6,112,88,97,2,Black,RAL 9005,#111111
6,112,89,96,2,Black,RAL 9005,#111111
6,112,90,95,2,Black,RAL 9005,#111111
6,112,91,94,2,Black,RAL 9005,#111111
6,112,92,93,2,Black,RAL 9005,#111111
6,112,93,92,2,Black,RAL 9005,#111111
6,112,94,91,2,Black,RAL 9005,#111111
6,112,95,90,2,Black,RAL 9005,#111111
6,112,96,89,2,Black,RAL 9005,#111111
6,112,97,88,2,Black,RAL 9005,#111111
6,112,98,87,2,Black,RAL 9005,#111111
6,112,99,86,2,Black,RAL 9005,#111111
6,112,100,85,2,Black,RAL 9005,#111111
6,112,101,84,2,Black,RAL 9005,#111111
6,112,102,83,2,Black,RAL 9005,#111111
6,112,103,82,2,Black,RAL 9005,#111111
6,112,104,81,2,Black,RAL 9005,#111111
6,112,105,80,2,Black,RAL 9005,#111111
6,112,106,79,2,Black,RAL 9005,#111111
6,112,107,78,2,Black,RAL 9005,#111111
6,112,108,77,2,Black,RAL 9005,#111111
6,112,109,76,2,Black,RAL 9005,#111111
6,112,110,75,2,Black,RAL 9005,#111111
6,112,111,74,2,Black,RAL 9005,#111111
6,112,112,73,2,Black,RAL 9005,#111111
6,112,113,72,2,Black,RAL 9005,#111111
6,112,114,71,2,Black,RAL 9005,#111111
6,112,115,70,2,Black,RAL 9005,#111111
6,112,116,69,2,Black,RAL 9005,#111111
6,112,117,68,2,Black,RAL 9005,#111111
6,112,118,67,2,Black,RAL 9005,#111111
6,112,119,66,2,Black,RAL 9005,#111111
6,112,120,65,2,Black,RAL 9005,#111111
6,112,121,64,2,Black,RAL 9005,#111111
6,112,122,63,2,Black,RAL 9005,#111111
6,112,123,62,2,Black,RAL 9005,#111111
6,112,124,61,2,Black,RAL 9005,#111111
6,112,125,60,2,Black,RAL 9005,#111111
6,112,126,59,2,Black,RAL 9005,#111111
6,112,127,58,2,Black,RAL 9005,#111111
6,112,128,57,2,Black,RAL 9005,#111111
6,112,129,56,2,Black,RAL 9005,#111111
6,112,130,55,2,Black,RAL 9005,#111111
6,112,131,54,2,Black,RAL 9005,#111111
6,112,132,53,2,Black,RAL 9005,#111111
6,112,133,52,2,Black,RAL 9005,#111111
6,112,134,51,2,Black,RAL 9005,#111111
6,112,135,50,2,Black,RAL 9005,#111111
6,112,136,49,2,Black,RAL 9005,#111111
6,112,137,48,2,Black,RAL 9005,#111111
6,112,138,47,2,Black,RAL 9005,#111111
6,112,139,46,2,Black,RAL 9005,#111111
6,112,140,45,8,Gray,RAL 7040,#8E98A3
6,112,141,44,8,Gray,RAL 7040,#8E98A3
6,112,142,43,8,Gray,RAL 7040,#8E98A3
6,112,143,42,8,Gray,RAL 7040,#8E98A3
6,112,144,41,8,Gray,RAL 7040,#8E98A3
6,112,145,40,8,Gray,RAL 7040,#8E98A3
6,112,146,39,8,Gray,RAL 7040,#8E98A3
6,112,147,38,8,Gray,RAL 7040,#8E98A3
6,112,148,37,8,Gray,RAL 7040,#8E98A3
6,112,149,36,8,Gray,RAL 7040,#8E98A3
6,112,150,35,8,Gray,RAL 7040,#8E98A3
6,112,151,34,8,Gray,RAL 7040,#8E98A3
6,112,152,33,8,Gray,RAL 7040,#8E98A3
6,112,153,32,8,Gray,RAL 7040,#8E98A3
6,112,154,31,8,Gray,RAL 7040,#8E98A3
6,112,155,30,8,Gray,RAL 7040,#8E98A3
6,112,156,29,8,Gray,RAL 7040,#8E98A3
6,112,157,28,8,Gray,RAL 7040,#8E98A3
6,112,158,27,8,Gray,RAL 7040,#8E98A3
6,112,159,26,8,Gray,RAL 7040,#8E98A3
6,112,160,25,8,Gray,RAL 7040,#8E98A3
6,112,161,24,8,Gray,RAL 7040,#8E98A3
6,112,162,23,8,Gray,RAL 7040,#8E98A3
6,112,163,22,8,Gray,RAL 7040,#8E98A3
6,112,164,21,8,Gray,RAL 7040,#8E98A3
6,112,165,20,8,Gray,RAL 7040,#8E98A3
6,112,166,19,8,Gray,RAL 7040,#8E98A3
6,112,167,18,8,Gray,RAL 7040,#8E98A3
6,112,168,17,8,Gray,RAL 7040,#8E98A3
6,112,169,16,8,Gray,RAL 7040,#8E98A3
6,112,170,15,8,Gray,RAL 7040,#8E98A3
6,112,171,14,8,Gray,RAL 7040,#8E98A3
6,112,172,13,8,Gray,RAL 7040,#8E98A3
6,112,173,12,8,Gray,RAL 7040,#8E98A3
6,112,174,11,8,Gray,RAL 7040,#8E98A3
6,112,175,10,8,Gray,RAL 7040,#8E98A3
6,112,176,9,8,Gray,RAL 7040,#8E98A3
6,112,177,8,8,Gray,RAL 7040,#8E98A3
6,112,178,7,8,Gray,RAL 7040,#8E98A3
6,112,179,6,8,Gray,RAL 7040,#8E98A3
6,112,180,5,8,Gray,RAL 7040,#8E98A3
6,112,181,4,8,Gray,RAL 7040,#8E98A3
6,112,182,3,8,Gray,RAL 7040,#8E98A3
6,112,183,2,8,Gray,RAL 7040,#8E98A3
6,112,184,1,8,Gray,RAL 7040,#8E98A3
7,111,1,184,2,Black,RAL 9005,#111111
7,111,2,183,2,Black,RAL 9005,#111111
7,111,3,182,2,Black,RAL 9005,#111111
7,111,4,181,2,Black,RAL 9005,#111111
7,111,5,180,2,Black,RAL 9005,#111111
7,111,6,179,2,Black,RAL 9005,#111111
7,111,7,178,2,Black,RAL 9005,#111111
7,111,8,177,2,Black,RAL 9005,#111111
7,111,9,176,2,Black,RAL 9005,#111111
7,111,10,175,2,Black,RAL 9005,#111111
7,111,11,174,2,Black,RAL 9005,#111111
7,111,12,173,2,Black,RAL 9005,#111111
7,111,13,172,2,Black,RAL 9005,#111111
7,111,14,171,2,Black,RAL 9005,#111111
7,111,15,170,2,Black,RAL 9005,#111111
7,111,16,169,2,Black,RAL 9005,#111111
7,111,17,168,2,Black,RAL 9005,#111111
7,111,18,167,2,Black,RAL 9005,#111111
7,111,19,166,2,Black,RAL 9005,#111111
7,111,20,165,2,Black,RAL 9005,#111111
7,111,21,164,2,Black,RAL 9005,#111111
7,111,22,163,2,Black,RAL 9005,#111111
7,111,23,162,2,Black,RAL 9005,#111111
7,111,24,161,2,Black,RAL 9005,#111111
7,111,25,160,2,Black,RAL 9005,#111111
7,111,26,159,2,Black,RAL 9005,#111111
7,111,27,158,2,Black,RAL 9005,#111111
7,111,28,157,2,Black,RAL 9005,#111111
7,111,29,156,2,Black,RAL 9005,#111111
7,111,30,155,2,Black,RAL 9005,#111111
7,111,31,154,2,Black,RAL 9005,#111111
7,111,32,153,2,Black,RAL 9005,#111111
7,111,33,152,2,Black,RAL 9005,#111111
7,111,34,151,2,Black,RAL 9005,#111111
7,111,35,150,2,Black,RAL 9005,#111111
7,111,36,149,2,Black,RAL 9005,#111111
7,111,37,148,2,Black,RAL 9005,#111111
7,111,38,147,2,Black,RAL 9005,#111111
7,111,39,146,2,Black,RAL 9005,#111111
7,111,40,145,2,Black,RAL 9005,#111111
7,111,41,144,2,Black,RAL 9005,#111111
7,111,42,143,2,Black,RAL 9005,#111111
7,111,43,142,2,Black,RAL 9005,#111111
7,111,44,141,2,Black,RAL 9005,#111111
7,111,45,140,2,Black,RAL 9005,#111111
7,111,46,139,2,Black,RAL 9005,#111111
7,111,47,138,2,Black,RAL 9005,#111111
7,111,48,137,2,Black,RAL 9005,#111111
7,111,49,136,2,Black,RAL 9005,#111111
7,111,50,135,2,Black,RAL 9005,#111111
7,111,51,134,2,Black,RAL 9005,#111111
7,111,52,133,2,Black,RAL 9005,#111111
7,111,53,132,2,Black,RAL 9005,#111111
7,111,54,131,2,Black,RAL 9005,#111111
7,111,55,130,2,Black,RAL 9005,#111111
7,111,56,129,2,Black,RAL 9005,#111111
7,111,57,128,2,Black,RAL 9005,#111111
7,111,58,127,2,Black,RAL 9005,#111111
7,111,59,126,2,Black,RAL 9005,#111111
7,111,60,125,2,Black,RAL 9005,#111111
7,111,61,124,2,Black,RAL 9005,#111111
7,111,62,123,2,Black,RAL 9005,#111111
7,111,63,122,8,Gray,RAL 7040,#8E98A3
7,111,64,121,8,Gray,RAL 7040,#8E98A3
7,111,65,120,8,Gray,RAL 7040,#8E98A3
7,111,66,119,8,Gray,RAL 7040,#8E98A3
7,111,67,118,2,Black,RAL 9005,#111111
7,111,68,117,2,Black,RAL 9005,#111111
7,111,69,116,2,Black,RAL 9005,#111111
7,111,70,115,2,Black,RAL 9005,#111111
7,111,71,114,2,Black,RAL 9005,#111111
7,111,72,113,2,Black,RAL 9005,#111111
7,111,73,112,2,Black,RAL 9005,#111111
7,111,74,111,2,Black,RAL 9005,#111111
7,111,75,110,2,Black,RAL 9005,#111111
7,111,76,109,2,Black,RAL 9005,#111111
7,111,77,108,2,Black,RAL 9005,#111111
7,111,78,107,2,Black,RAL 9005,#111111
7,111,79,106,2,Black,RAL 9005,#111111
7,111,80,105,2,Black,RAL 9005,#111111
7,111,81,104,2,Black,RAL 9005,#111111
7,111,82,103,2,Black,RAL 9005,#111111
7,111,83,102,2,Black,RAL 9005,#111111
7,111,84,101,2,Black,RAL 9005,#111111
7,111,85,100,2,Black,RAL 9005,#111111
7,111,86,99,2,Black,RAL 9005,#111111
7,111,87,98,2,Black,RAL 9005,#111111
7,111,88,97,2,Black,RAL 9005,#111111
7,111,89,96,2,Black,RAL 9005,#111111
7,111,90,95,2,Black,RAL 9005,#111111
7,111,91,94,2,Black,RAL 9005,#111111
7,111,92,93,2,Black,RAL 9005,#111111
7,111,93,92,2,Black,RAL 9005,#111111
7,111,94,91,2,Black,RAL 9005,#111111
7,111,95,90,2,Black,RAL 9005,#111111
7,111,96,89,2,Black,RAL 9005,#111111
7,111,97,88,2,Black,RAL 9005,#111111
7,111,98,87,2,Black,RAL 9005,#111111
7,111,99,86,2,Black,RAL 9005,#111111
7,111,100,85,2,Black,RAL 9005,#111111
7,111,101,84,2,Black,RAL 9005,#111111
7,111,102,83,2,Black,RAL 9005,#111111
7,111,103,82,2,Black,RAL 9005,#111111
7,111,104,81,2,Black,RAL 9005,#111111
7,111,105,80,2,Black,RAL 9005,#111111
7,111,106,79,2,Black,RAL 9005,#111111
7,111,107,78,2,Black,RAL 9005,#111111
7,111,108,77,2,Black,RAL 9005,#111111
7,111,109,76,2,Black,RAL 9005,#111111
7,111,110,75,2,Black,RAL 9005,#111111
7,111,111,74,2,Black,RAL 9005,#111111
7,111,112,73,2,Black,RAL 9005,#111111
7,111,113,72,2,Black,RAL 9005,#111111
7,111,114,71,2,Black,RAL 9005,#111111
7,111,115,70,2,Black,RAL 9005,#111111
7,111,116,69,2,Black,RAL 9005,#111111
7,111,117,68,2,Black,RAL 9005,#111111
7,111,118,67,2,Black,RAL 9005,#111111
7,111,119,66,2,Black,RAL 9005,#111111
7,111,120,65,2,Black,RAL 9005,#111111
7,111,121,64,2,Black,RAL 9005,#111111
7,111,122,63,2,Black,RAL 9005,#111111
7,111,123,62,2,Black,RAL 9005,#111111
7,111,124,61,2,Black,RAL 9005,#111111
7,111,125,60,2,Black,RAL 9005,#111111
7,111,126,59,2,Black,RAL 9005,#111111
7,111,127,58,2,Black,RAL 9005,#111111
7,111,128,57,2,Black,RAL 9005,#111111
7,111,129,56,2,Black,RAL 9005,#111111
7,111,130,55,2,Black,RAL 9005,#111111
7,111,131,54,2,Black,RAL 9005,#111111
7,111,132,53,2,Black,RAL 9005,#111111
7,111,133,52,2,Black,RAL 9005,#111111
7,111,134,51,2,Black,RAL 9005,#111111
7,111,135,50,2,Black,RAL 9005,#111111
7,111,136,49,2,Black,RAL 9005,#111111
7,111,137,48,2,Black,RAL 9005,#111111
7,111,138,47,2,Black,RAL 9005,#111111
7,111,139,46,2,Black,RAL 9005,#111111
7,111,140,45,8,Gray,RAL 7040,#8E98A3
7,111,141,44,8,Gray,RAL 7040,#8E98A3
7,111,142,43,8,Gray,RAL 7040,#8E98A3
7,111,143,42,8,Gray,RAL 7040,#8E98A3
7,111,144,41,8,Gray,RAL 7040,#8E98A3
7,111,145,40,8,Gray,RAL 7040,#8E98A3
7,111,146,39,8,Gray,RAL 7040,#8E98A3
7,111,147,38,8,Gray,RAL 7040,#8E98A3
7,111,148,37,8,Gray,RAL 7040,#8E98A3
7,111,149,36,8,Gray,RAL 7040,#8E98A3
7,111,150,35,8,Gray,RAL 7040,#8E98A3
7,111,151,34,8,Gray,RAL 7040,#8E98A3
7,111,152,33,8,Gray,RAL 7040,#8E98A3
7,111,153,32,8,Gray,RAL 7040,#8E98A3
7,111,154,31,8,Gray,RAL 7040,#8E98A3
7,111,155,30,8,Gray,RAL 7040,#8E98A3
7,111,156,29,8,Gray,RAL 7040,#8E98A3
7,111,157,28,8,Gray,RAL 7040,#8E98A3
7,111,158,27,8,Gray,RAL 7040,#8E98A3
7,111,159,26,8,Gray,RAL 7040,#8E98A3
7,111,160,25,8,Gray,RAL 7040,#8E98A3
7,111,161,24,8,Gray,RAL 7040,#8E98A3
7,111,162,23,8,Gray,RAL 7040,#8E98A3
7,111,163,22,8,Gray,RAL 7040,#8E98A3
7,111,164,21,8,Gray,RAL 7040,#8E98A3
7,111,165,20,8,Gray,RAL 7040,#8E98A3
7,111,166,19,8,Gray,RAL 7040,#8E98A3
7,111,167,18,8,Gray,RAL 7040,#8E98A3
7,111,168,17,8,Gray,RAL 7040,#8E98A3
7,111,169,16,8,Gray,RAL 7040,#8E98A3
7,111,170,15,8,Gray,RAL 7040,#8E98A3
7,111,171,14,8,Gray,RAL 7040,#8E98A3
7,111,172,13,8,Gray,RAL 7040,#8E98A3
7,111,173,12,8,Gray,RAL 7040,#8E98A3
7,111,174,11,8,Gray,RAL 7040,#8E98A3
7,111,175,10,8,Gray,RAL 7040,#8E98A3
7,111,176,9,8,Gray,RAL 7040,#8E98A3
7,111,177,8,8,Gray,RAL 7040,#8E98A3
7,111,178,7,8,Gray,RAL 7040,#8E98A3
7,111,179,6,8,Gray,RAL 7040,#8E98A3
7,111,180,5,8,Gray,RAL 7040,#8E98A3
7,111,181,4,8,Gray,RAL 7040,#8E98A3
7,111,182,3,8,Gray,RAL 7040,#8E98A3
7,111,183,2,8,Gray,RAL 7040,#8E98A3
7,111,184,1,8,Gray,RAL 7040,#8E98A3
8,110,1,184,2,Black,RAL 9005,#111111
8,110,2,183,2,Black,RAL 9005,#111111
8,110,3,182,2,Black,RAL 9005,#111111
8,110,4,181,2,Black,RAL 9005,#111111
8,110,5,180,2,Black,RAL 9005,#111111
8,110,6,179,2,Black,RAL 9005,#111111
8,110,7,178,2,Black,RAL 9005,#111111
8,110,8,177,2,Black,RAL 9005,#111111
8,110,9,176,2,Black,RAL 9005,#111111
8,110,10,175,2,Black,RAL 9005,#111111
8,110,11,174,2,Black,RAL 9005,#111111
8,110,12,173,2,Black,RAL 9005,#111111
8,110,13,172,2,Black,RAL 9005,#111111
8,110,14,171,2,Black,RAL 9005,#111111
8,110,15,170,2,Black,RAL 9005,#111111
8,110,16,169,2,Black,RAL 9005,#111111
8,110,17,168,2,Black,RAL 9005,#111111
8,110,18,167,2,Black,RAL 9005,#111111
8,110,19,166,2,Black,RAL 9005,#111111
8,110,20,165,2,Black,RAL 9005,#111111
8,110,21,164,2,Black,RAL 9005,#111111
8,110,22,163,2,Black,RAL 9005,#111111
8,110,23,162,2,Black,RAL 9005,#111111
8,110,24,161,2,Black,RAL 9005,#111111
8,110,25,160,2,Black,RAL 9005,#111111
8,110,26,159,2,Black,RAL 9005,#111111
8,110,27,158,2,Black,RAL 9005,#111111
8,110,28,157,2,Black,RAL 9005,#111111
8,110,29,156,2,Black,RAL 9005,#111111
8,110,30,155,2,Black,RAL 9005,#111111
8,110,31,154,2,Black,RAL 9005,#111111
8,110,32,153,2,Black,RAL 9005,#111111
8,110,33,152,2,Black,RAL 9005,#111111
8,110,34,151,2,Black,RAL 9005,#111111
8,110,35,150,2,Black,RAL 9005,#111111
8,110,36,149,2,Black,RAL 9005,#111111
8,110,37,148,2,Black,RAL 9005,#111111
8,110,38,147,2,Black,RAL 9005,#111111
8,110,39,146,2,Black,RAL 9005,#111111
8,110,40,145,2,Black,RAL 9005,#111111
8,110,41,144,2,Black,RAL 9005,#111111
8,110,42,143,2,Black,RAL 9005,#111111
8,110,43,142,2,Black,RAL 9005,#111111
8,110,44,141,2,Black,RAL 9005,#111111
8,110,45,140,2,Black,RAL 9005,#111111
8,110,46,139,2,Black,RAL 9005,#111111
8,110,47,138,2,Black,RAL 9005,#111111
8,110,48,137,2,Black,RAL 9005,#111111
8,110,49,136,2,Black,RAL 9005,#111111
8,110,50,135,2,Black,RAL 9005,#111111
8,110,51,134,2,Black,RAL 9005,#111111
8,110,52,133,2,Black,RAL 9005,#111111
8,110,53,132,2,Black,RAL 9005,#111111
8,110,54,131,2,Black,RAL 9005,#111111
8,110,55,130,2,Black,RAL 9005,#111111
8,110,56,129,2,Black,RAL 9005,#111111
8,110,57,128,2,Black,RAL 9005,#111111
8,110,58,127,2,Black,RAL 9005,#111111
8,110,59,126,2,Black,RAL 9005,#111111
8,110,60,125,2,Black,RAL 9005,#111111
8,110,61,124,2,Black,RAL 9005,#111111
8,110,62,123,8,Gray,RAL 7040,#8E98A3
8,110,63,122,8,Gray,RAL 7040,#8E98A3
8,110,64,121,8,Gray,RAL 7040,#8E98A3
8,110,65,120,8,Gray,RAL 7040,#8E98A3
8,110,66,119,8,Gray,RAL 7040,#8E98A3
8,110,67,118,8,Gray,RAL 7040,#8E98A3
8,110,68,117,8,Gray,RAL 7040,#8E98A3
8,110,69,116,2,Black,RAL 9005,#111111
8,110,70,115,2,Black,RAL 9005,#111111
8,110,71,114,2,Black,RAL 9005,#111111
8,110,72,113,2,Black,RAL 9005,#111111
8,110,73,112,2,Black,RAL 9005,#111111
8,110,74,111,2,Black,RAL 9005,#111111
8,110,75,110,2,Black,RAL 9005,#111111
8,110,76,109,2,Black,RAL 9005,#111111
8,110,77,108,2,Black,RAL 9005,#111111
8,110,78,107,2,Black,RAL 9005,#111111
8,110,79,106,2,Black,RAL 9005,#111111
8,110,80,105,2,Black,RAL 9005,#111111
8,110,81,104,2,Black,RAL 9005,#111111
8,110,82,103,2,Black,RAL 9005,#111111
8,110,83,102,2,Black,RAL 9005,#111111
8,110,84,101,2,Black,RAL 9005,#111111
8,110,85,100,2,Black,RAL 9005,#111111
8,110,86,99,2,Black,RAL 9005,#111111
8,110,87,98,2,Black,RAL 9005,#111111
8,110,88,97,2,Black,RAL 9005,#111111
8,110,89,96,2,Black,RAL 9005,#111111
8,110,90,95,2,Black,RAL 9005,#111111
8,110,91,94,2,Black,RAL 9005,#111111
8,110,92,93,2,Black,RAL 9005,#111111
8,110,93,92,2,Black,RAL 9005,#111111
8,110,94,91,2,Black,RAL 9005,#111111
8,110,95,90,2,Black,RAL 9005,#111111
8,110,96,89,2,Black,RAL 9005,#111111
8,110,97,88,2,Black,RAL 9005,#111111
8,110,98,87,2,Black,RAL 9005,#111111
8,110,99,86,2,Black,RAL 9005,#111111
8,110,100,85,2,Black,RAL 9005,#111111
8,110,101,84,2,Black,RAL 9005,#111111
8,110,102,83,2,Black,RAL 9005,#111111
8,110,103,82,2,Black,RAL 9005,#111111
8,110,104,81,2,Black,RAL 9005,#111111
8,110,105,80,2,Black,RAL 9005,#111111
8,110,106,79,2,Black,RAL 9005,#111111
8,110,107,78,2,Black,RAL 9005,#111111
8,110,108,77,2,Black,RAL 9005,#111111
8,110,109,76,2,Black,RAL 9005,#111111
8,110,110,75,2,Black,RAL 9005,#111111
8,110,111,74,2,Black,RAL 9005,#111111
8,110,112,73,2,Black,RAL 9005,#111111
8,110,113,72,2,Black,RAL 9005,#111111
8,110,114,71,2,Black,RAL 9005,#111111
8,110,115,70,2,Black,RAL 9005,#111111
8,110,116,69,2,Black,RAL 9005,#111111
8,110,117,68,2,Black,RAL 9005,#111111
8,110,118,67,2,Black,RAL 9005,#111111
8,110,119,66,2,Black,RAL 9005,#111111
8,110,120,65,2,Black,RAL 9005,#111111
8,110,121,64,2,Black,RAL 9005,#111111
8,110,122,63,2,Black,RAL 9005,#111111
8,110,123,62,2,Black,RAL 9005,#111111
8,110,124,61,2,Black,RAL 9005,#111111
8,110,125,60,2,Black,RAL 9005,#111111
8,110,126,59,2,Black,RAL 9005,#111111
8,110,127,58,2,Black,RAL 9005,#111111
8,110,128,57,2,Black,RAL 9005,#111111
8,110,129,56,2,Black,RAL 9005,#111111
8,110,130,55,2,Black,RAL 9005,#111111
8,110,131,54,2,Black,RAL 9005,#111111
8,110,132,53,2,Black,RAL 9005,#111111
8,110,133,52,2,Black,RAL 9005,#111111
8,110,134,51,2,Black,RAL 9005,#111111
8,110,135,50,2,Black,RAL 9005,#111111
8,110,136,49,2,Black,RAL 9005,#111111
8,110,137,48,2,Black,RAL 9005,#111111
8,110,138,47,2,Black,RAL 9005,#111111
8,110,139,46,8,Gray,RAL 7040,#8E98A3
8,110,140,45,8,Gray,RAL 7040,#8E98A3
8,110,141,44,8,Gray,RAL 7040,#8E98A3
8,110,142,43,8,Gray,RAL 7040,#8E98A3
8,110,143,42,8,Gray,RAL 7040,#8E98A3
8,110,144,41,8,Gray,RAL 7040,#8E98A3
8,110,145,40,8,Gray,RAL 7040,#8E98A3
8,110,146,39,8,Gray,RAL 7040,#8E98A3
8,110,147,38,8,Gray,RAL 7040,#8E98A3
8,110,148,37,8,Gray,RAL 7040,#8E98A3
8,110,149,36,8,Gray,RAL 7040,#8E98A3
8,110,150,35,8,Gray,RAL 7040,#8E98A3
8,110,151,34,8,Gray,RAL 7040,#8E98A3
8,110,152,33,8,Gray,RAL 7040,#8E98A3
8,110,153,32,8,Gray,RAL 7040,#8E98A3
8,110,154,31,8,Gray,RAL 7040,#8E98A3
8,110,155,30,8,Gray,RAL 7040,#8E98A3
8,110,156,29,8,Gray,RAL 7040,#8E98A3
8,110,157,28,8,Gray,RAL 7040,#8E98A3
8,110,158,27,8,Gray,RAL 7040,#8E98A3
8,110,159,26,8,Gray,RAL 7040,#8E98A3
8,110,160,25,8,Gray,RAL 7040,#8E98A3
8,110,161,24,8,Gray,RAL 7040,#8E98A3
8,110,162,23,8,Gray,RAL 7040,#8E98A3
8,110,163,22,8,Gray,RAL 7040,#8E98A3
8,110,164,21,8,Gray,RAL 7040,#8E98A3
8,110,165,20,8,Gray,RAL 7040,#8E98A3
8,110,166,19,8,Gray,RAL 7040,#8E98A3
8,110,167,18,8,Gray,RAL 7040,#8E98A3
8,110,168,17,8,Gray,RAL 7040,#8E98A3
8,110,169,16,8,Gray,RAL 7040,#8E98A3
8,110,170,15,8,Gray,RAL 7040,#8E98A3
8,110,171,14,8,Gray,RAL 7040,#8E98A3
8,110,172,13,8,Gray,RAL 7040,#8E98A3
8,110,173,12,8,Gray,RAL 7040,#8E98A3
8,110,174,11,8,Gray,RAL 7040,#8E98A3
8,110,175,10,8,Gray,RAL 7040,#8E98A3
8,110,176,9,8,Gray,RAL 7040,#8E98A3
8,110,177,8,8,Gray,RAL 7040,#8E98A3
8,110,178,7,8,Gray,RAL 7040,#8E98A3
8,110,179,6,8,Gray,RAL 7040,#8E98A3
8,110,180,5,8,Gray,RAL 7040,#8E98A3
8,110,181,4,8,Gray,RAL 7040,#8E98A3
8,110,182,3,8,Gray,RAL 7040,#8E98A3
8,110,183,2,8,Gray,RAL 7040,#8E98A3
8,110,184,1,8,Gray,RAL 7040,#8E98A3
9,109,1,184,2,Black,RAL 9005,#111111
9,109,2,183,2,Black,RAL 9005,#111111
9,109,3,182,2,Black,RAL 9005,#111111
9,109,4,181,2,Black,RAL 9005,#111111
9,109,5,180,2,Black,RAL 9005,#111111
9,109,6,179,2,Black,RAL 9005,#111111
9,109,7,178,2,Black,RAL 9005,#111111
9,109,8,177,2,Black,RAL 9005,#111111
9,109,9,176,2,Black,RAL 9005,#111111
9,109,10,175,2,Black,RAL 9005,#111111
9,109,11,174,2,Black,RAL 9005,#111111
9,109,12,173,2,Black,RAL 9005,#111111
9,109,13,172,2,Black,RAL 9005,#111111
9,109,14,171,2,Black,RAL 9005,#111111
9,109,15,170,2,Black,RAL 9005,#111111
9,109,16,169,2,Black,RAL 9005,#111111
9,109,17,168,2,Black,RAL 9005,#111111
9,109,18,167,2,Black,RAL 9005,#111111
9,109,19,166,2,Black,RAL 9005,#111111
9,109,20,165,2,Black,RAL 9005,#111111
9,109,21,164,2,Black,RAL 9005,#111111
9,109,22,163,2,Black,RAL 9005,#111111
9,109,23,162,2,Black,RAL 9005,#111111
9,109,24,161,2,Black,RAL 9005,#111111
9,109,25,160,2,Black,RAL 9005,#111111
9,109,26,159,2,Black,RAL 9005,#111111
9,109,27,158,2,Black,RAL 9005,#111111
9,109,28,157,2,Black,RAL 9005,#111111
9,109,29,156,2,Black,RAL 9005,#111111
9,109,30,155,2,Black,RAL 9005,#111111
9,109,31,154,2,Black,RAL 9005,#111111
9,109,32,153,2,Black,RAL 9005,#111111
9,109,33,152,2,Black,RAL 9005,#111111
9,109,34,151,2,Black,RAL 9005,#111111
9,109,35,150,2,Black,RAL 9005,#111111
9,109,36,149,2,Black,RAL 9005,#111111
9,109,37,148,2,Black,RAL 9005,#111111
9,109,38,147,2,Black,RAL 9005,#111111
9,109,39,146,2,Black,RAL 9005,#111111
9,109,40,145,2,Black,RAL 9005,#111111
9,109,41,144,2,Black,RAL 9005,#111111
9,109,42,143,2,Black,RAL 9005,#111111
9,109,43,142,2,Black,RAL 9005,#111111
9,109,44,141,2,Black,RAL 9005,#111111
9,109,45,140,2,Black,RAL 9005,#111111
9,109,46,139,2,Black,RAL 9005,#111111
9,109,47,138,2,Black,RAL 9005,#111111
9,109,48,137,2,Black,RAL 9005,#111111
9,109,49,136,2,Black,RAL 9005,#111111
9,109,50,135,2,Black,RAL 9005,#111111
9,109,51,134,2,Black,RAL 9005,#111111
9,109,52,133,2,Black,RAL 9005,#111111
9,109,53,132,2,Black,RAL 9005,#111111
9,109,54,131,2,Black,RAL 9005,#111111
9,109,55,130,2,Black,RAL 9005,#111111
9,109,56,129,2,Black,RAL 9005,#111111
9,109,57,128,2,Black,RAL 9005,#111111
9,109,58,127,2,Black,RAL 9005,#111111
9,109,59,126,2,Black,RAL 9005,#111111
9,109,60,125,2,Black,RAL 9005,#111111
9,109,61,124,8,Gray,RAL 7040,#8E98A3
9,109,62,123,8,Gray,RAL 7040,#8E98A3
9,109,63,122,8,Gray,RAL 7040,#8E98A3
9,109,64,121,8,Gray,RAL 7040,#8E98A3
9,109,65,120,8,Gray,RAL 7040,#8E98A3
9,109,66,119,8,Gray,RAL 7040,#8E98A3
9,109,67,118,8,Gray,RAL 7040,#8E98A3
9,109,68,117,8,Gray,RAL 7040,#8E98A3
9,109,69,116,8,Gray,RAL 7040,#8E98A3
9,109,70,115,2,Black,RAL 9005,#111111
9,109,71,114,2,Black,RAL 9005,#111111
9,109,72,113,2,Black,RAL 9005,#111111
9,109,73,112,2,Black,RAL 9005,#111111
9,109,74,111,2,Black,RAL 9005,#111111
9,109,75,110,2,Black,RAL 9005,#111111
9,109,76,109,2,Black,RAL 9005,#111111
9,109,77,108,2,Black,RAL 9005,#111111
9,109,78,107,2,Black,RAL 9005,#111111
9,109,79,106,2,Black,RAL 9005,#111111
9,109,80,105,2,Black,RAL 9005,#111111
9,109,81,104,2,Black,RAL 9005,#111111
9,109,82,103,2,Black,RAL 9005,#111111
9,109,83,102,2,Black,RAL 9005,#111111
9,109,84,101,2,Black,RAL 9005,#111111
9,109,85,100,2,Black,RAL 9005,#111111
9,109,86,99,2,Black,RAL 9005,#111111
9,109,87,98,2,Black,RAL 9005,#111111
9,109,88,97,2,Black,RAL 9005,#111111
9,109,89,96,2,Black,RAL 9005,#111111
9,109,90,95,2,Black,RAL 9005,#111111
9,109,91,94,2,Black,RAL 9005,#111111
9,109,92,93,2,Black,RAL 9005,#111111
9,109,93,92,2,Black,RAL 9005,#111111
9,109,94,91,2,Black,RAL 9005,#111111
9,109,95,90,2,Black,RAL 9005,#111111
9,109,96,89,2,Black,RAL 9005,#111111
9,109,97,88,2,Black,RAL 9005,#111111
9,109,98,87,2,Black,RAL 9005,#111111
9,109,99,86,2,Black,RAL 9005,#111111
9,109,100,85,2,Black,RAL 9005,#111111
9,109,101,84,2,Black,RAL 9005,#111111
9,109,102,83,2,Black,RAL 9005,#111111
9,109,103,82,2,Black,RAL 9005,#111111
9,109,104,81,2,Black,RAL 9005,#111111
9,109,105,80,2,Black,RAL 9005,#111111
9,109,106,79,2,Black,RAL 9005,#111111
9,109,107,78,2,Black,RAL 9005,#111111
9,109,108,77,2,Black,RAL 9005,#111111
9,109,109,76,2,Black,RAL 9005,#111111
9,109,110,75,2,Black,RAL 9005,#111111
9,109,111,74,2,Black,RAL 9005,#111111
9,109,112,73,2,Black,RAL 9005,#111111
9,109,113,72,2,Black,RAL 9005,#111111
9,109,114,71,2,Black,RAL 9005,#111111
9,109,115,70,2,Black,RAL 9005,#111111
9,109,116,69,2,Black,RAL 9005,#111111
9,109,117,68,2,Black,RAL 9005,#111111
9,109,118,67,2,Black,RAL 9005,#111111
9,109,119,66,2,Black,RAL 9005,#111111
9,109,120,65,2,Black,RAL 9005,#111111
9,109,121,64,2,Black,RAL 9005,#111111
9,109,122,63,2,Black,RAL 9005,#111111
9,109,123,62,2,Black,RAL 9005,#111111
9,109,124,61,2,Black,RAL 9005,#111111
9,109,125,60,2,Black,RAL 9005,#111111
9,109,126,59,2,Black,RAL 9005,#111111
9,109,127,58,2,Black,RAL 9005,#111111
9,109,128,57,2,Black,RAL 9005,#111111
9,109,129,56,2,Black,RAL 9005,#111111
9,109,130,55,2,Black,RAL 9005,#111111
9,109,131,54,2,Black,RAL 9005,#111111
9,109,132,53,2,Black,RAL 9005,#111111
9,109,133,52,2,Black,RAL 9005,#111111
9,109,134,51,2,Black,RAL 9005,#111111
9,109,135,50,2,Black,RAL 9005,#111111
9,109,136,49,2,Black,RAL 9005,#111111
9,109,137,48,2,Black,RAL 9005,#111111
9,109,138,47,2,Black,RAL 9005,#111111
9,109,139,46,8,Gray,RAL 7040,#8E98A3
9,109,140,45,8,Gray,RAL 7040,#8E98A3
9,109,141,44,8,Gray,RAL 7040,#8E98A3
9,109,142,43,8,Gray,RAL 7040,#8E98A3
9,109,143,42,8,Gray,RAL 7040,#8E98A3
9,109,144,41,8,Gray,RAL 7040,#8E98A3
9,109,145,40,8,Gray,RAL 7040,#8E98A3
9,109,146,39,8,Gray,RAL 7040,#8E98A3
9,109,147,38,8,Gray,RAL 7040,#8E98A3
9,109,148,37,8,Gray,RAL 7040,#8E98A3
9,109,149,36,8,Gray,RAL 7040,#8E98A3
9,109,150,35,8,Gray,RAL 7040,#8E98A3
9,109,151,34,8,Gray,RAL 7040,#8E98A3
9,109,152,33,8,Gray,RAL 7040,#8E98A3
9,109,153,32,8,Gray,RAL 7040,#8E98A3
9,109,154,31,8,Gray,RAL 7040,#8E98A3
9,109,155,30,8,Gray,RAL 7040,#8E98A3
9,109,156,29,8,Gray,RAL 7040,#8E98A3
9,109,157,28,8,Gray,RAL 7040,#8E98A3
9,109,158,27,8,Gray,RAL 7040,#8E98A3
9,109,159,26,8,Gray,RAL 7040,#8E98A3
9,109,160,25,8,Gray,RAL 7040,#8E98A3
9,109,161,24,8,Gray,RAL 7040,#8E98A3
9,109,162,23,8,Gray,RAL 7040,#8E98A3
9,109,163,22,8,Gray,RAL 7040,#8E98A3
9,109,164,21,8,Gray,RAL 7040,#8E98A3
9,109,165,20,8,Gray,RAL 7040,#8E98A3
9,109,166,19,8,Gray,RAL 7040,#8E98A3
9,109,167,18,8,Gray,RAL 7040,#8E98A3
9,109,168,17,8,Gray,RAL 7040,#8E98A3
9,109,169,16,8,Gray,RAL 7040,#8E98A3
9,109,170,15,8,Gray,RAL 7040,#8E98A3
9,109,171,14,8,Gray,RAL 7040,#8E98A3
9,109,172,13,8,Gray,RAL 7040,#8E98A3
9,109,173,12,8,Gray,RAL 7040,#8E98A3
9,109,174,11,8,Gray,RAL 7040,#8E98A3
9,109,175,10,8,Gray,RAL 7040,#8E98A3
9,109,176,9,8,Gray,RAL 7040,#8E98A3
9,109,177,8,8,Gray,RAL 7040,#8E98A3
9,109,178,7,8,Gray,RAL 7040,#8E98A3
9,109,179,6,8,Gray,RAL 7040,#8E98A3
9,109,180,5,8,Gray,RAL 7040,#8E98A3
9,109,181,4,8,Gray,RAL 7040,#8E98A3
9,109,182,3,8,Gray,RAL 7040,#8E98A3
9,109,183,2,8,Gray,RAL 7040,#8E98A3
9,109,184,1,8,Gray,RAL 7040,#8E98A3
10,108,1,184,2,Black,RAL 9005,#111111
10,108,2,183,2,Black,RAL 9005,#111111
10,108,3,182,2,Black,RAL 9005,#111111
10,108,4,181,2,Black,RAL 9005,#111111
10,108,5,180,2,Black,RAL 9005,#111111
10,108,6,179,2,Black,RAL 9005,#111111
10,108,7,178,2,Black,RAL 9005,#111111
10,108,8,177,2,Black,RAL 9005,#111111
10,108,9,176,2,Black,RAL 9005,#111111
10,108,10,175,2,Black,RAL 9005,#111111
10,108,11,174,2,Black,RAL 9005,#111111
10,108,12,173,2,Black,RAL 9005,#111111
10,108,13,172,2,Black,RAL 9005,#111111
10,108,14,171,2,Black,RAL 9005,#111111
10,108,15,170,2,Black,RAL 9005,#111111
10,108,16,169,2,Black,RAL 9005,#111111
10,108,17,168,2,Black,RAL 9005,#111111
10,108,18,167,2,Black,RAL 9005,#111111
10,108,19,166,2,Black,RAL 9005,#111111
10,108,20,165,2,Black,RAL 9005,#111111
10,108,21,164,2,Black,RAL 9005,#111111
10,108,22,163,2,Black,RAL 9005,#111111
10,108,23,162,2,Black,RAL 9005,#111111
10,108,24,161,2,Black,RAL 9005,#111111
10,108,25,160,2,Black,RAL 9005,#111111
10,108,26,159,2,Black,RAL 9005,#111111
10,108,27,158,2,Black,RAL 9005,#111111
10,108,28,157,2,Black,RAL 9005,#111111
10,108,29,156,2,Black,RAL 9005,#111111
10,108,30,155,2,Black,RAL 9005,#111111
10,108,31,154,2,Black,RAL 9005,#111111
10,108,32,153,2,Black,RAL 9005,#111111
10,108,33,152,2,Black,RAL 9005,#111111
10,108,34,151,2,Black,RAL 9005,#111111
10,108,35,150,2,Black,RAL 9005,#111111
10,108,36,149,2,Black,RAL 9005,#111111
10,108,37,148,2,Black,RAL 9005,#111111
10,108,38,147,2,Black,RAL 9005,#111111
10,108,39,146,2,Black,RAL 9005,#111111
10,108,40,145,2,Black,RAL 9005,#111111
10,108,41,144,2,Black,RAL 9005,#111111
10,108,42,143,2,Black,RAL 9005,#111111
10,108,43,142,2,Black,RAL 9005,#111111
10,108,44,141,2,Black,RAL 9005,#111111
10,108,45,140,2,Black,RAL 9005,#111111
10,108,46,139,2,Black,RAL 9005,#111111
10,108,47,138,2,Black,RAL 9005,#111111
10,108,48,137,2,Black,RAL 9005,#111111
10,108,49,136,2,Black,RAL 9005,#111111
10,108,50,135,2,Black,RAL 9005,#111111
10,108,51,134,2,Black,RAL 9005,#111111
10,108,52,133,2,Black,RAL 9005,#111111
10,108,53,132,2,Black,RAL 9005,#111111
10,108,54,131,2,Black,RAL 9005,#111111
10,108,55,130,2,Black,RAL 9005,#111111
10,108,56,129,2,Black,RAL 9005,#111111
10,108,57,128,2,Black,RAL 9005,#111111
10,108,58,127,2,Black,RAL 9005,#111111
10,108,59,126,2,Black,RAL 9005,#111111
10,108,60,125,8,Gray,RAL 7040,#8E98A3
10,108,61,124,8,Gray,RAL 7040,#8E98A3
10,108,62,123,8,Gray,RAL 7040,#8E98A3
10,108,63,122,8,Gray,RAL 7040,#8E98A3
10,108,64,121,8,Gray,RAL 7040,#8E98A3
10,108,65,120,8,Gray,RAL 7040,#8E98A3
10,108,66,119,8,Gray,RAL 7040,#8E98A3
10,108,67,118,8,Gray,RAL 7040,#8E98A3
10,108,68,117,8,Gray,RAL 7040,#8E98A3
10,108,69,116,8,Gray,RAL 7040,#8E98A3
10,108,70,115,2,Black,RAL 9005,#111111
10,108,71,114,2,Black,RAL 9005,#111111
10,108,72,113,2,Black,RAL 9005,#111111
10,108,73,112,2,Black,RAL 9005,#111111
10,108,74,111,2,Black,RAL 9005,#111111
10,108,75,110,2,Black,RAL 9005,#111111
10,108,76,109,2,Black,RAL 9005,#111111
10,108,77,108,2,Black,RAL 9005,#111111
10,108,78,107,2,Black,RAL 9005,#111111
10,108,79,106,2,Black,RAL 9005,#111111
10,108,80,105,2,Black,RAL 9005,#111111
10,108,81,104,2,Black,RAL 9005,#111111
10,108,82,103,2,Black,RAL 9005,#111111
10,108,83,102,2,Black,RAL 9005,#111111
10,108,84,101,2,Black,RAL 9005,#111111
10,108,85,100,2,Black,RAL 9005,#111111
10,108,86,99,2,Black,RAL 9005,#111111
10,108,87,98,2,Black,RAL 9005,#111111
10,108,88,97,2,Black,RAL 9005,#111111
10,108,89,96,2,Black,RAL 9005,#111111
10,108,90,95,2,Black,RAL 9005,#111111
10,108,91,94,2,Black,RAL 9005,#111111
10,108,92,93,2,Black,RAL 9005,#111111
10,108,93,92,2,Black,RAL 9005,#111111
10,108,94,91,2,Black,RAL 9005,#111111
10,108,95,90,2,Black,RAL 9005,#111111
10,108,96,89,2,Black,RAL 9005,#111111
10,108,97,88,2,Black,RAL 9005,#111111
10,108,98,87,2,Black,RAL 9005,#111111
10,108,99,86,2,Black,RAL 9005,#111111
10,108,100,85,2,Black,RAL 9005,#111111
10,108,101,84,2,Black,RAL 9005,#111111
10,108,102,83,2,Black,RAL 9005,#111111
10,108,103,82,2,Black,RAL 9005,#111111
10,108,104,81,2,Black,RAL 9005,#111111
10,108,105,80,2,Black,RAL 9005,#111111
10,108,106,79,2,Black,RAL 9005,#111111
10,108,107,78,2,Black,RAL 9005,#111111
10,108,108,77,2,Black,RAL 9005,#111111
10,108,109,76,2,Black,RAL 9005,#111111
10,108,110,75,2,Black,RAL 9005,#111111
10,108,111,74,2,Black,RAL 9005,#111111
10,108,112,73,2,Black,RAL 9005,#111111
10,108,113,72,2,Black,RAL 9005,#111111
10,108,114,71,2,Black,RAL 9005,#111111
10,108,115,70,2,Black,RAL 9005,#111111
10,108,116,69,2,Black,RAL 9005,#111111
10,108,117,68,2,Black,RAL 9005,#111111
10,108,118,67,2,Black,RAL 9005,#111111
10,108,119,66,2,Black,RAL 9005,#111111
10,108,120,65,2,Black,RAL 9005,#111111
10,108,121,64,2,Black,RAL 9005,#111111
10,108,122,63,2,Black,RAL 9005,#111111
10,108,123,62,2,Black,RAL 9005,#111111
10,108,124,61,2,Black,RAL 9005,#111111
10,108,125,60,2,Black,RAL 9005,#111111
10,108,126,59,2,Black,RAL 9005,#111111
10,108,127,58,2,Black,RAL 9005,#111111
10,108,128,57,2,Black,RAL 9005,#111111
10,108,129,56,2,Black,RAL 9005,#111111
10,108,130,55,2,Black,RAL 9005,#111111
10,108,131,54,2,Black,RAL 9005,#111111
10,108,132,53,2,Black,RAL 9005,#111111
10,108,133,52,2,Black,RAL 9005,#111111
10,108,134,51,2,Black,RAL 9005,#111111
10,108,135,50,2,Black,RAL 9005,#111111
10,108,136,49,2,Black,RAL 9005,#111111
10,108,137,48,2,Black,RAL 9005,#111111
10,108,138,47,2,Black,RAL 9005,#111111
10,108,139,46,8,Gray,RAL 7040,#8E98A3
10,108,140,45,8,Gray,RAL 7040,#8E98A3
10,108,141,44,8,Gray,RAL 7040,#8E98A3
10,108,142,43,8,Gray,RAL 7040,#8E98A3
10,108,143,42,8,Gray,RAL 7040,#8E98A3
10,108,144,41,8,Gray,RAL 7040,#8E98A3
10,108,145,40,8,Gray,RAL 7040,#8E98A3
10,108,146,39,8,Gray,RAL 7040,#8E98A3
10,108,147,38,8,Gray,RAL 7040,#8E98A3
10,108,148,37,8,Gray,RAL 7040,#8E98A3
10,108,149,36,8,Gray,RAL 7040,#8E98A3
10,108,150,35,8,Gray,RAL 7040,#8E98A3
10,108,151,34,8,Gray,RAL 7040,#8E98A3
10,108,152,33,8,Gray,RAL 7040,#8E98A3
10,108,153,32,8,Gray,RAL 7040,#8E98A3
10,108,154,31,8,Gray,RAL 7040,#8E98A3
10,108,155,30,8,Gray,RAL 7040,#8E98A3
10,108,156,29,8,Gray,RAL 7040,#8E98A3
10,108,157,28,8,Gray,RAL 7040,#8E98A3
10,108,158,27,8,Gray,RAL 7040,#8E98A3
10,108,159,26,8,Gray,RAL 7040,#8E98A3
10,108,160,25,8,Gray,RAL 7040,#8E98A3
10,108,161,24,8,Gray,RAL 7040,#8E98A3
10,108,162,23,8,Gray,RAL 7040,#8E98A3
10,108,163,22,8,Gray,RAL 7040,#8E98A3
10,108,164,21,8,Gray,RAL 7040,#8E98A3
10,108,165,20,8,Gray,RAL 7040,#8E98A3
10,108,166,19,8,Gray,RAL 7040,#8E98A3
10,108,167,18,8,Gray,RAL 7040,#8E98A3
10,108,168,17,8,Gray,RAL 7040,#8E98A3
10,108,169,16,8,Gray,RAL 7040,#8E98A3
10,108,170,15,8,Gray,RAL 7040,#8E98A3
10,108,171,14,8,Gray,RAL 7040,#8E98A3
10,108,172,13,8,Gray,RAL 7040,#8E98A3
10,108,173,12,8,Gray,RAL 7040,#8E98A3
10,108,174,11,8,Gray,RAL 7040,#8E98A3
10,108,175,10,8,Gray,RAL 7040,#8E98A3
10,108,176,9,8,Gray,RAL 7040,#8E98A3
10,108,177,8,8,Gray,RAL 7040,#8E98A3
10,108,178,7,8,Gray,RAL 7040,#8E98A3
10,108,179,6,8,Gray,RAL 7040,#8E98A3
10,108,180,5,8,Gray,RAL 7040,#8E98A3
10,108,181,4,8,Gray,RAL 7040,#8E98A3
10,108,182,3,8,Gray,RAL 7040,#8E98A3
10,108,183,2,8,Gray,RAL 7040,#8E98A3
10,108,184,1,8,Gray,RAL 7040,#8E98A3
11,107,1,184,2,Black,RAL 9005,#111111
11,107,2,183,2,Black,RAL 9005,#111111
11,107,3,182,2,Black,RAL 9005,#111111
11,107,4,181,2,Black,RAL 9005,#111111
11,107,5,180,2,Black,RAL 9005,#111111
11,107,6,179,2,Black,RAL 9005,#111111
11,107,7,178,2,Black,RAL 9005,#111111
11,107,8,177,2,Black,RAL 9005,#111111
11,107,9,176,2,Black,RAL 9005,#111111
11,107,10,175,2,Black,RAL 9005,#111111
11,107,11,174,2,Black,RAL 9005,#111111
11,107,12,173,2,Black,RAL 9005,#111111
11,107,13,172,2,Black,RAL 9005,#111111
11,107,14,171,2,Black,RAL 9005,#111111
11,107,15,170,2,Black,RAL 9005,#111111
11,107,16,169,2,Black,RAL 9005,#111111
11,107,17,168,2,Black,RAL 9005,#111111
11,107,18,167,2,Black,RAL 9005,#111111
11,107,19,166,2,Black,RAL 9005,#111111
11,107,20,165,2,Black,RAL 9005,#111111
11,107,21,164,2,Black,RAL 9005,#111111
11,107,22,163,2,Black,RAL 9005,#111111
11,107,23,162,2,Black,RAL 9005,#111111
11,107,24,161,2,Black,RAL 9005,#111111
11,107,25,160,2,Black,RAL 9005,#111111
11,107,26,159,2,Black,RAL 9005,#111111
11,107,27,158,2,Black,RAL 9005,#111111
11,107,28,157,2,Black,RAL 9005,#111111
11,107,29,156,2,Black,RAL 9005,#111111
11,107,30,155,2,Black,RAL 9005,#111111
11,107,31,154,2,Black,RAL 9005,#111111
11,107,32,153,2,Black,RAL 9005,#111111
11,107,33,152,2,Black,RAL 9005,#111111
11,107,34,151,2,Black,RAL 9005,#111111
11,107,35,150,2,Black,RAL 9005,#111111
11,107,36,149,2,Black,RAL 9005,#111111
11,107,37,148,2,Black,RAL 9005,#111111
11,107,38,147,2,Black,RAL 9005,#111111
11,107,39,146,2,Black,RAL 9005,#111111
11,107,40,145,2,Black,RAL 9005,#111111
11,107,41,144,2,Black,RAL 9005,#111111
11,107,42,143,2,Black,RAL 9005,#111111
11,107,43,142,2,Black,RAL 9005,#111111
11,107,44,141,2,Black,RAL 9005,#111111
11,107,45,140,2,Black,RAL 9005,#111111
11,107,46,139,2,Black,RAL 9005,#111111
11,107,47,138,2,Black,RAL 9005,#111111
11,107,48,137,2,Black,RAL 9005,#111111
11,107,49,136,2,Black,RAL 9005,#111111
11,107,50,135,2,Black,RAL 9005,#111111
11,107,51,134,2,Black,RAL 9005,#111111
11,107,52,133,2,Black,RAL 9005,#111111
11,107,53,132,2,Black,RAL 9005,#111111
11,107,54,131,2,Black,RAL 9005,#111111
11,107,55,130,2,Black,RAL 9005,#111111
11,107,56,129,2,Black,RAL 9005,#111111
11,107,57,128,2,Black,RAL 9005,#111111
11,107,58,127,2,Black,RAL 9005,#111111
11,107,59,126,2,Black,RAL 9005,#111111
11,107,60,125,8,Gray,RAL 7040,#8E98A3
11,107,61,124,8,Gray,RAL 7040,#8E98A3
11,107,62,123,8,Gray,RAL 7040,#8E98A3
11,107,63,122,8,Gray,RAL 7040,#8E98A3
11,107,64,121,8,Gray,RAL 7040,#8E98A3
11,107,65,120,8,Gray,RAL 7040,#8E98A3
11,107,66,119,8,Gray,RAL 7040,#8E98A3
11,107,67,118,8,Gray,RAL 7040,#8E98A3
11,107,68,117,8,Gray,RAL 7040,#8E98A3
11,107,69,116,8,Gray,RAL 7040,#8E98A3
11,107,70,115,8,Gray,RAL 7040,#8E98A3
11,107,71,114,2,Black,RAL 9005,#111111
11,107,72,113,2,Black,RAL 9005,#111111
11,107,73,112,2,Black,RAL 9005,#111111
11,107,74,111,2,Black,RAL 9005,#111111
11,107,75,110,2,Black,RAL 9005,#111111
11,107,76,109,2,Black,RAL 9005,#111111
11,107,77,108,2,Black,RAL 9005,#111111
11,107,78,107,2,Black,RAL 9005,#111111
11,107,79,106,2,Black,RAL 9005,#111111
11,107,80,105,2,Black,RAL 9005,#111111
11,107,81,104,2,Black,RAL 9005,#111111
11,107,82,103,2,Black,RAL 9005,#111111
11,107,83,102,2,Black,RAL 9005,#111111
11,107,84,101,2,Black,RAL 9005,#111111
11,107,85,100,2,Black,RAL 9005,#111111
11,107,86,99,2,Black,RAL 9005,#111111
11,107,87,98,2,Black,RAL 9005,#111111
11,107,88,97,2,Black,RAL 9005,#111111
11,107,89,96,2,Black,RAL 9005,#111111
11,107,90,95,2,Black,RAL 9005,#111111
11,107,91,94,2,Black,RAL 9005,#111111
11,107,92,93,2,Black,RAL 9005,#111111
11,107,93,92,2,Black,RAL 9005,#111111
11,107,94,91,2,Black,RAL 9005,#111111
11,107,95,90,2,Black,RAL 9005,#111111
11,107,96,89,2,Black,RAL 9005,#111111
11,107,97,88,2,Black,RAL 9005,#111111
11,107,98,87,2,Black,RAL 9005,#111111
11,107,99,86,2,Black,RAL 9005,#111111
11,107,100,85,2,Black,RAL 9005,#111111
11,107,101,84,2,Black,RAL 9005,#111111
11,107,102,83,2,Black,RAL 9005,#111111
11,107,103,82,2,Black,RAL 9005,#111111
11,107,104,81,2,Black,RAL 9005,#111111
11,107,105,80,2,Black,RAL 9005,#111111
11,107,106,79,2,Black,RAL 9005,#111111
11,107,107,78,2,Black,RAL 9005,#111111
11,107,108,77,2,Black,RAL 9005,#111111
11,107,109,76,2,Black,RAL 9005,#111111
11,107,110,75,2,Black,RAL 9005,#111111
11,107,111,74,2,Black,RAL 9005,#111111
11,107,112,73,2,Black,RAL 9005,#111111
11,107,113,72,2,Black,RAL 9005,#111111
11,107,114,71,2,Black,RAL 9005,#111111
11,107,115,70,2,Black,RAL 9005,#111111
11,107,116,69,2,Black,RAL 9005,#111111
11,107,117,68,2,Black,RAL 9005,#111111
11,107,118,67,2,Black,RAL 9005,#111111
11,107,119,66,2,Black,RAL 9005,#111111
11,107,120,65,2,Black,RAL 9005,#111111
11,107,121,64,2,Black,RAL 9005,#111111
11,107,122,63,2,Black,RAL 9005,#111111
11,107,123,62,2,Black,RAL 9005,#111111
11,107,124,61,2,Black,RAL 9005,#111111
11,107,125,60,2,Black,RAL 9005,#111111
11,107,126,59,2,Black,RAL 9005,#111111
11,107,127,58,2,Black,RAL 9005,#111111
11,107,128,57,2,Black,RAL 9005,#111111
11,107,129,56,2,Black,RAL 9005,#111111
11,107,130,55,2,Black,RAL 9005,#111111
11,107,131,54,2,Black,RAL 9005,#111111
11,107,132,53,2,Black,RAL 9005,#111111
11,107,133,52,2,Black,RAL 9005,#111111
11,107,134,51,2,Black,RAL 9005,#111111
11,107,135,50,2,Black,RAL 9005,#111111
11,107,136,49,2,Black,RAL 9005,#111111
11,107,137,48,2,Black,RAL 9005,#111111
11,107,138,47,8,Gray,RAL 7040,#8E98A3
11,107,139,46,8,Gray,RAL 7040,#8E98A3
11,107,140,45,8,Gray,RAL 7040,#8E98A3
11,107,141,44,8,Gray,RAL 7040,#8E98A3
11,107,142,43,8,Gray,RAL 7040,#8E98A3
11,107,143,42,8,Gray,RAL 7040,#8E98A3
11,107,144,41,8,Gray,RAL 7040,#8E98A3
11,107,145,40,8,Gray,RAL 7040,#8E98A3
11,107,146,39,8,Gray,RAL 7040,#8E98A3
11,107,147,38,8,Gray,RAL 7040,#8E98A3
11,107,148,37,8,Gray,RAL 7040,#8E98A3
11,107,149,36,8,Gray,RAL 7040,#8E98A3
11,107,150,35,8,Gray,RAL 7040,#8E98A3
11,107,151,34,8,Gray,RAL 7040,#8E98A3
11,107,152,33,8,Gray,RAL 7040,#8E98A3
11,107,153,32,8,Gray,RAL 7040,#8E98A3
11,107,154,31,8,Gray,RAL 7040,#8E98A3
11,107,155,30,8,Gray,RAL 7040,#8E98A3
11,107,156,29,8,Gray,RAL 7040,#8E98A3
11,107,157,28,8,Gray,RAL 7040,#8E98A3
11,107,158,27,8,Gray,RAL 7040,#8E98A3
11,107,159,26,8,Gray,RAL 7040,#8E98A3
11,107,160,25,8,Gray,RAL 7040,#8E98A3
11,107,161,24,8,Gray,RAL 7040,#8E98A3
11,107,162,23,8,Gray,RAL 7040,#8E98A3
11,107,163,22,8,Gray,RAL 7040,#8E98A3
11,107,164,21,8,Gray,RAL 7040,#8E98A3
11,107,165,20,8,Gray,RAL 7040,#8E98A3
11,107,166,19,8,Gray,RAL 7040,#8E98A3
11,107,167,18,8,Gray,RAL 7040,#8E98A3
11,107,168,17,8,Gray,RAL 7040,#8E98A3
11,107,169,16,8,Gray,RAL 7040,#8E98A3
11,107,170,15,8,Gray,RAL 7040,#8E98A3
11,107,171,14,8,Gray,RAL 7040,#8E98A3
11,107,172,13,8,Gray,RAL 7040,#8E98A3
11,107,173,12,8,Gray,RAL 7040,#8E98A3
11,107,174,11,8,Gray,RAL 7040,#8E98A3
11,107,175,10,8,Gray,RAL 7040,#8E98A3
11,107,176,9,8,Gray,RAL 7040,#8E98A3
11,107,177,8,8,Gray,RAL 7040,#8E98A3
11,107,178,7,8,Gray,RAL 7040,#8E98A3
11,107,179,6,8,Gray,RAL 7040,#8E98A3
11,107,180,5,8,Gray,RAL 7040,#8E98A3
11,107,181,4,8,Gray,RAL 7040,#8E98A3
11,107,182,3,8,Gray,RAL 7040,#8E98A3
11,107,183,2,8,Gray,RAL 7040,#8E98A3
11,107,184,1,8,Gray,RAL 7040,#8E98A3
12,106,1,184,2,Black,RAL 9005,#111111
12,106,2,183,2,Black,RAL 9005,#111111
12,106,3,182,2,Black,RAL 9005,#111111
12,106,4,181,2,Black,RAL 9005,#111111
12,106,5,180,2,Black,RAL 9005,#111111
12,106,6,179,2,Black,RAL 9005,#111111
12,106,7,178,2,Black,RAL 9005,#111111
12,106,8,177,2,Black,RAL 9005,#111111
12,106,9,176,2,Black,RAL 9005,#111111
12,106,10,175,2,Black,RAL 9005,#111111
12,106,11,174,2,Black,RAL 9005,#111111
12,106,12,173,2,Black,RAL 9005,#111111
12,106,13,172,2,Black,RAL 9005,#111111
12,106,14,171,2,Black,RAL 9005,#111111
12,106,15,170,2,Black,RAL 9005,#111111
12,106,16,169,2,Black,RAL 9005,#111111
12,106,17,168,2,Black,RAL 9005,#111111
12,106,18,167,2,Black,RAL 9005,#111111
12,106,19,166,2,Black,RAL 9005,#111111
12,106,20,165,2,Black,RAL 9005,#111111
12,106,21,164,2,Black,RAL 9005,#111111
12,106,22,163,2,Black,RAL 9005,#111111
12,106,23,162,2,Black,RAL 9005,#111111
12,106,24,161,2,Black,RAL 9005,#111111
12,106,25,160,2,Black,RAL 9005,#111111
12,106,26,159,2,Black,RAL 9005,#111111
12,106,27,158,2,Black,RAL 9005,#111111
12,106,28,157,2,Black,RAL 9005,#111111
12,106,29,156,2,Black,RAL 9005,#111111
12,106,30,155,2,Black,RAL 9005,#111111
12,106,31,154,2,Black,RAL 9005,#111111
12,106,32,153,2,Black,RAL 9005,#111111
12,106,33,152,2,Black,RAL 9005,#111111
12,106,34,151,2,Black,RAL 9005,#111111
12,106,35,150,2,Black,RAL 9005,#111111
12,106,36,149,2,Black,RAL 9005,#111111
12,106,37,148,2,Black,RAL 9005,#111111
12,106,38,147,2,Black,RAL 9005,#111111
12,106,39,146,2,Black,RAL 9005,#111111
12,106,40,145,2,Black,RAL 9005,#111111
12,106,41,144,2,Black,RAL 9005,#111111
12,106,42,143,2,Black,RAL 9005,#111111
12,106,43,142,2,Black,RAL 9005,#111111
12,106,44,141,2,Black,RAL 9005,#111111
12,106,45,140,2,Black,RAL 9005,#111111
12,106,46,139,2,Black,RAL 9005,#111111
12,106,47,138,2,Black,RAL 9005,#111111
12,106,48,137,2,Black,RAL 9005,#111111
12,106,49,136,2,Black,RAL 9005,#111111
12,106,50,135,2,Black,RAL 9005,#111111
12,106,51,134,2,Black,RAL 9005,#111111
12,106,52,133,2,Black,RAL 9005,#111111
12,106,53,132,2,Black,RAL 9005,#111111
12,106,54,131,2,Black,RAL 9005,#111111
12,106,55,130,2,Black,RAL 9005,#111111
12,106,56,129,2,Black,RAL 9005,#111111
12,106,57,128,2,Black,RAL 9005,#111111
12,106,58,127,2,Black,RAL 9005,#111111
12,106,59,126,2,Black,RAL 9005,#111111
12,106,60,125,8,Gray,RAL 7040,#8E98A3
12,106,61,124,8,Gray,RAL 7040,#8E98A3
12,106,62,123,8,Gray,RAL 7040,#8E98A3
12,106,63,122,8,Gray,RAL 7040,#8E98A3
12,106,64,121,8,Gray,RAL 7040,#8E98A3
12,106,65,120,8,Gray,RAL 7040,#8E98A3
12,106,66,119,8,Gray,RAL 7040,#8E98A3
12,106,67,118,8,Gray,RAL 7040,#8E98A3
12,106,68,117,8,Gray,RAL 7040,#8E98A3
12,106,69,116,8,Gray,RAL 7040,#8E98A3
12,106,70,115,8,Gray,RAL 7040,#8E98A3
12,106,71,114,2,Black,RAL 9005,#111111
12,106,72,113,2,Black,RAL 9005,#111111
12,106,73,112,2,Black,RAL 9005,#111111
12,106,74,111,2,Black,RAL 9005,#111111
12,106,75,110,2,Black,RAL 9005,#111111
12,106,76,109,2,Black,RAL 9005,#111111
12,106,77,108,2,Black,RAL 9005,#111111
12,106,78,107,2,Black,RAL 9005,#111111
12,106,79,106,2,Black,RAL 9005,#111111
12,106,80,105,2,Black,RAL 9005,#111111
12,106,81,104,2,Black,RAL 9005,#111111
12,106,82,103,2,Black,RAL 9005,#111111
12,106,83,102,2,Black,RAL 9005,#111111
12,106,84,101,2,Black,RAL 9005,#111111
12,106,85,100,2,Black,RAL 9005,#111111
12,106,86,99,2,Black,RAL 9005,#111111
12,106,87,98,2,Black,RAL 9005,#111111
12,106,88,97,2,Black,RAL 9005,#111111
12,106,89,96,2,Black,RAL 9005,#111111
12,106,90,95,2,Black,RAL 9005,#111111
12,106,91,94,2,Black,RAL 9005,#111111
12,106,92,93,2,Black,RAL 9005,#111111
12,106,93,92,2,Black,RAL 9005,#111111
12,106,94,91,2,Black,RAL 9005,#111111
12,106,95,90,2,Black,RAL 9005,#111111
12,106,96,89,2,Black,RAL 9005,#111111
12,106,97,88,2,Black,RAL 9005,#111111
12,106,98,87,2,Black,RAL 9005,#111111
12,106,99,86,2,Black,RAL 9005,#111111
12,106,100,85,2,Black,RAL 9005,#111111
12,106,101,84,2,Black,RAL 9005,#111111
12,106,102,83,2,Black,RAL 9005,#111111
12,106,103,82,2,Black,RAL 9005,#111111
12,106,104,81,2,Black,RAL 9005,#111111
12,106,105,80,2,Black,RAL 9005,#111111
12,106,106,79,2,Black,RAL 9005,#111111
12,106,107,78,2,Black,RAL 9005,#111111
12,106,108,77,2,Black,RAL 9005,#111111
12,106,109,76,2,Black,RAL 9005,#111111
12,106,110,75,2,Black,RAL 9005,#111111
12,106,111,74,2,Black,RAL 9005,#111111
12,106,112,73,2,Black,RAL 9005,#111111
12,106,113,72,2,Black,RAL 9005,#111111
12,106,114,71,2,Black,RAL 9005,#111111
12,106,115,70,2,Black,RAL 9005,#111111
12,106,116,69,2,Black,RAL 9005,#111111
12,106,117,68,2,Black,RAL 9005,#111111
12,106,118,67,2,Black,RAL 9005,#111111
12,106,119,66,2,Black,RAL 9005,#111111
12,106,120,65,2,Black,RAL 9005,#111111
12,106,121,64,2,Black,RAL 9005,#111111
12,106,122,63,2,Black,RAL 9005,#111111
12,106,123,62,2,Black,RAL 9005,#111111
12,106,124,61,2,Black,RAL 9005,#111111
12,106,125,60,2,Black,RAL 9005,#111111
12,106,126,59,2,Black,RAL 9005,#111111
12,106,127,58,2,Black,RAL 9005,#111111
12,106,128,57,2,Black,RAL 9005,#111111
12,106,129,56,2,Black,RAL 9005,#111111
12,106,130,55,2,Black,RAL 9005,#111111
12,106,131,54,2,Black,RAL 9005,#111111
12,106,132,53,2,Black,RAL 9005,#111111
12,106,133,52,2,Black,RAL 9005,#111111
12,106,134,51,2,Black,RAL 9005,#111111
12,106,135,50,2,Black,RAL 9005,#111111
12,106,136,49,2,Black,RAL 9005,#111111
12,106,137,48,2,Black,RAL 9005,#111111
12,106,138,47,8,Gray,RAL 7040,#8E98A3
12,106,139,46,8,Gray,RAL 7040,#8E98A3
12,106,140,45,8,Gray,RAL 7040,#8E98A3
12,106,141,44,8,Gray,RAL 7040,#8E98A3
12,106,142,43,8,Gray,RAL 7040,#8E98A3
12,106,143,42,8,Gray,RAL 7040,#8E98A3
12,106,144,41,8,Gray,RAL 7040,#8E98A3
12,106,145,40,8,Gray,RAL 7040,#8E98A3
12,106,146,39,8,Gray,RAL 7040,#8E98A3
12,106,147,38,8,Gray,RAL 7040,#8E98A3
12,106,148,37,8,Gray,RAL 7040,#8E98A3
12,106,149,36,8,Gray,RAL 7040,#8E98A3
12,106,150,35,8,Gray,RAL 7040,#8E98A3
12,106,151,34,8,Gray,RAL 7040,#8E98A3
12,106,152,33,8,Gray,RAL 7040,#8E98A3
12,106,153,32,8,Gray,RAL 7040,#8E98A3
12,106,154,31,8,Gray,RAL 7040,#8E98A3
12,106,155,30,8,Gray,RAL 7040,#8E98A3
12,106,156,29,8,Gray,RAL 7040,#8E98A3
12,106,157,28,8,Gray,RAL 7040,#8E98A3
12,106,158,27,8,Gray,RAL 7040,#8E98A3
12,106,159,26,8,Gray,RAL 7040,#8E98A3
12,106,160,25,8,Gray,RAL 7040,#8E98A3
12,106,161,24,8,Gray,RAL 7040,#8E98A3
12,106,162,23,8,Gray,RAL 7040,#8E98A3
12,106,163,22,8,Gray,RAL 7040,#8E98A3
12,106,164,21,8,Gray,RAL 7040,#8E98A3
12,106,165,20,8,Gray,RAL 7040,#8E98A3
12,106,166,19,8,Gray,RAL 7040,#8E98A3
12,106,167,18,8,Gray,RAL 7040,#8E98A3
12,106,168,17,8,Gray,RAL 7040,#8E98A3
12,106,169,16,8,Gray,RAL 7040,#8E98A3
12,106,170,15,8,Gray,RAL 7040,#8E98A3
12,106,171,14,8,Gray,RAL 7040,#8E98A3
12,106,172,13,8,Gray,RAL 7040,#8E98A3
12,106,173,12,8,Gray,RAL 7040,#8E98A3
12,106,174,11,8,Gray,RAL 7040,#8E98A3
12,106,175,10,8,Gray,RAL 7040,#8E98A3
12,106,176,9,8,Gray,RAL 7040,#8E98A3
12,106,177,8,8,Gray,RAL 7040,#8E98A3
12,106,178,7,8,Gray,RAL 7040,#8E98A3
12,106,179,6,8,Gray,RAL 7040,#8E98A3
12,106,180,5,8,Gray,RAL 7040,#8E98A3
12,106,181,4,8,Gray,RAL 7040,#8E98A3
12,106,182,3,8,Gray,RAL 7040,#8E98A3
12,106,183,2,8,Gray,RAL 7040,#8E98A3
12,106,184,1,8,Gray,RAL 7040,#8E98A3
13,105,1,184,2,Black,RAL 9005,#111111
13,105,2,183,2,Black,RAL 9005,#111111
13,105,3,182,2,Black,RAL 9005,#111111
13,105,4,181,2,Black,RAL 9005,#111111
13,105,5,180,2,Black,RAL 9005,#111111
13,105,6,179,2,Black,RAL 9005,#111111
13,105,7,178,2,Black,RAL 9005,#111111
13,105,8,177,2,Black,RAL 9005,#111111
13,105,9,176,2,Black,RAL 9005,#111111
13,105,10,175,2,Black,RAL 9005,#111111
13,105,11,174,2,Black,RAL 9005,#111111
13,105,12,173,2,Black,RAL 9005,#111111
13,105,13,172,2,Black,RAL 9005,#111111
13,105,14,171,2,Black,RAL 9005,#111111
13,105,15,170,2,Black,RAL 9005,#111111
13,105,16,169,2,Black,RAL 9005,#111111
13,105,17,168,2,Black,RAL 9005,#111111
13,105,18,167,2,Black,RAL 9005,#111111
13,105,19,166,2,Black,RAL 9005,#111111
13,105,20,165,2,Black,RAL 9005,#111111
13,105,21,164,2,Black,RAL 9005,#111111
13,105,22,163,2,Black,RAL 9005,#111111
13,105,23,162,2,Black,RAL 9005,#111111
13,105,24,161,2,Black,RAL 9005,#111111
13,105,25,160,2,Black,RAL 9005,#111111
13,105,26,159,2,Black,RAL 9005,#111111
13,105,27,158,2,Black,RAL 9005,#111111
13,105,28,157,2,Black,RAL 9005,#111111
13,105,29,156,2,Black,RAL 9005,#111111
13,105,30,155,2,Black,RAL 9005,#111111
13,105,31,154,2,Black,RAL 9005,#111111
13,105,32,153,2,Black,RAL 9005,#111111
13,105,33,152,2,Black,RAL 9005,#111111
13,105,34,151,2,Black,RAL 9005,#111111
13,105,35,150,2,Black,RAL 9005,#111111
13,105,36,149,2,Black,RAL 9005,#111111
13,105,37,148,2,Black,RAL 9005,#111111
13,105,38,147,2,Black,RAL 9005,#111111
13,105,39,146,2,Black,RAL 9005,#111111
13,105,40,145,2,Black,RAL 9005,#111111
13,105,41,144,2,Black,RAL 9005,#111111
13,105,42,143,2,Black,RAL 9005,#111111
13,105,43,142,2,Black,RAL 9005,#111111
13,105,44,141,2,Black,RAL 9005,#111111
13,105,45,140,2,Black,RAL 9005,#111111
13,105,46,139,2,Black,RAL 9005,#111111
13,105,47,138,2,Black,RAL 9005,#111111
13,105,48,137,2,Black,RAL 9005,#111111
13,105,49,136,2,Black,RAL 9005,#111111
13,105,50,135,2,Black,RAL 9005,#111111
13,105,51,134,2,Black,RAL 9005,#111111
13,105,52,133,2,Black,RAL 9005,#111111
13,105,53,132,2,Black,RAL 9005,#111111
13,105,54,131,2,Black,RAL 9005,#111111
13,105,55,130,2,Black,RAL 9005,#111111
13,105,56,129,2,Black,RAL 9005,#111111
13,105,57,128,2,Black,RAL 9005,#111111
13,105,58,127,2,Black,RAL 9005,#111111
13,105,59,126,2,Black,RAL 9005,#111111
13,105,60,125,8,Gray,RAL 7040,#8E98A3
13,105,61,124,8,Gray,RAL 7040,#8E98A3
13,105,62,123,8,Gray,RAL 7040,#8E98A3
13,105,63,122,8,Gray,RAL 7040,#8E98A3
13,105,64,121,8,Gray,RAL 7040,#8E98A3
13,105,65,120,8,Gray,RAL 7040,#8E98A3
13,105,66,119,8,Gray,RAL 7040,#8E98A3
13,105,67,118,8,Gray,RAL 7040,#8E98A3
13,105,68,117,8,Gray,RAL 7040,#8E98A3
13,105,69,116,8,Gray,RAL 7040,#8E98A3
13,105,70,115,8,Gray,RAL 7040,#8E98A3
13,105,71,114,2,Black,RAL 9005,#111111
13,105,72,113,2,Black,RAL 9005,#111111
13,105,73,112,2,Black,RAL 9005,#111111
13,105,74,111,2,Black,RAL 9005,#111111
13,105,75,110,2,Black,RAL 9005,#111111
13,105,76,109,2,Black,RAL 9005,#111111
13,105,77,108,2,Black,RAL 9005,#111111
13,105,78,107,2,Black,RAL 9005,#111111
13,105,79,106,2,Black,RAL 9005,#111111
13,105,80,105,2,Black,RAL 9005,#111111
13,105,81,104,2,Black,RAL 9005,#111111
13,105,82,103,2,Black,RAL 9005,#111111
13,105,83,102,2,Black,RAL 9005,#111111
13,105,84,101,2,Black,RAL 9005,#111111
13,105,85,100,2,Black,RAL 9005,#111111
13,105,86,99,2,Black,RAL 9005,#111111
13,105,87,98,2,Black,RAL 9005,#111111
13,105,88,97,2,Black,RAL 9005,#111111
13,105,89,96,2,Black,RAL 9005,#111111
13,105,90,95,2,Black,RAL 9005,#111111
13,105,91,94,2,Black,RAL 9005,#111111
13,105,92,93,2,Black,RAL 9005,#111111
13,105,93,92,2,Black,RAL 9005,#111111
13,105,94,91,2,Black,RAL 9005,#111111
13,105,95,90,2,Black,RAL 9005,#111111
13,105,96,89,2,Black,RAL 9005,#111111
13,105,97,88,2,Black,RAL 9005,#111111
13,105,98,87,2,Black,RAL 9005,#111111
13,105,99,86,2,Black,RAL 9005,#111111
13,105,100,85,2,Black,RAL 9005,#111111
13,105,101,84,2,Black,RAL 9005,#111111
13,105,102,83,2,Black,RAL 9005,#111111
13,105,103,82,2,Black,RAL 9005,#111111
13,105,104,81,2,Black,RAL 9005,#111111
13,105,105,80,2,Black,RAL 9005,#111111
13,105,106,79,2,Black,RAL 9005,#111111
13,105,107,78,2,Black,RAL 9005,#111111
13,105,108,77,2,Black,RAL 9005,#111111
13,105,109,76,2,Black,RAL 9005,#111111
13,105,110,75,2,Black,RAL 9005,#111111
13,105,111,74,2,Black,RAL 9005,#111111
13,105,112,73,2,Black,RAL 9005,#111111
13,105,113,72,2,Black,RAL 9005,#111111
13,105,114,71,2,Black,RAL 9005,#111111
13,105,115,70,2,Black,RAL 9005,#111111
13,105,116,69,2,Black,RAL 9005,#111111
13,105,117,68,2,Black,RAL 9005,#111111
13,105,118,67,2,Black,RAL 9005,#111111
13,105,119,66,2,Black,RAL 9005,#111111
13,105,120,65,2,Black,RAL 9005,#111111
13,105,121,64,2,Black,RAL 9005,#111111
13,105,122,63,2,Black,RAL 9005,#111111
13,105,123,62,2,Black,RAL 9005,#111111
13,105,124,61,2,Black,RAL 9005,#111111
13,105,125,60,2,Black,RAL 9005,#111111
13,105,126,59,2,Black,RAL 9005,#111111
13,105,127,58,2,Black,RAL 9005,#111111
13,105,128,57,2,Black,RAL 9005,#111111
13,105,129,56,2,Black,RAL 9005,#111111
13,105,130,55,2,Black,RAL 9005,#111111
13,105,131,54,2,Black,RAL 9005,#111111
13,105,132,53,2,Black,RAL 9005,#111111
13,105,133,52,2,Black,RAL 9005,#111111
13,105,134,51,2,Black,RAL 9005,#111111
13,105,135,50,2,Black,RAL 9005,#111111
13,105,136,49,2,Black,RAL 9005,#111111
13,105,137,48,8,Gray,RAL 7040,#8E98A3
13,105,138,47,8,Gray,RAL 7040,#8E98A3
13,105,139,46,8,Gray,RAL 7040,#8E98A3
13,105,140,45,8,Gray,RAL 7040,#8E98A3
13,105,141,44,8,Gray,RAL 7040,#8E98A3
13,105,142,43,8,Gray,RAL 7040,#8E98A3
13,105,143,42,8,Gray,RAL 7040,#8E98A3
13,105,144,41,8,Gray,RAL 7040,#8E98A3
13,105,145,40,8,Gray,RAL 7040,#8E98A3
13,105,146,39,8,Gray,RAL 7040,#8E98A3
13,105,147,38,8,Gray,RAL 7040,#8E98A3
13,105,148,37,8,Gray,RAL 7040,#8E98A3
13,105,149,36,8,Gray,RAL 7040,#8E98A3
13,105,150,35,8,Gray,RAL 7040,#8E98A3
13,105,151,34,8,Gray,RAL 7040,#8E98A3
13,105,152,33,8,Gray,RAL 7040,#8E98A3
13,105,153,32,8,Gray,RAL 7040,#8E98A3
13,105,154,31,8,Gray,RAL 7040,#8E98A3
13,105,155,30,8,Gray,RAL 7040,#8E98A3
13,105,156,29,8,Gray,RAL 7040,#8E98A3
13,105,157,28,8,Gray,RAL 7040,#8E98A3
13,105,158,27,8,Gray,RAL 7040,#8E98A3
13,105,159,26,8,Gray,RAL 7040,#8E98A3
13,105,160,25,8,Gray,RAL 7040,#8E98A3
13,105,161,24,8,Gray,RAL 7040,#8E98A3
13,105,162,23,8,Gray,RAL 7040,#8E98A3
13,105,163,22,8,Gray,RAL 7040,#8E98A3
13,105,164,21,8,Gray,RAL 7040,#8E98A3
13,105,165,20,8,Gray,RAL 7040,#8E98A3
13,105,166,19,8,Gray,RAL 7040,#8E98A3
13,105,167,18,8,Gray,RAL 7040,#8E98A3
13,105,168,17,8,Gray,RAL 7040,#8E98A3
13,105,169,16,8,Gray,RAL 7040,#8E98A3
13,105,170,15,8,Gray,RAL 7040,#8E98A3
13,105,171,14,8,Gray,RAL 7040,#8E98A3
13,105,172,13,8,Gray,RAL 7040,#8E98A3
13,105,173,12,8,Gray,RAL 7040,#8E98A3
13,105,174,11,8,Gray,RAL 7040,#8E98A3
13,105,175,10,8,Gray,RAL 7040,#8E98A3
13,105,176,9,8,Gray,RAL 7040,#8E98A3
13,105,177,8,8,Gray,RAL 7040,#8E98A3
13,105,178,7,8,Gray,RAL 7040,#8E98A3
13,105,179,6,8,Gray,RAL 7040,#8E98A3
13,105,180,5,8,Gray,RAL 7040,#8E98A3
13,105,181,4,8,Gray,RAL 7040,#8E98A3
13,105,182,3,8,Gray,RAL 7040,#8E98A3
13,105,183,2,8,Gray,RAL 7040,#8E98A3
13,105,184,1,8,Gray,RAL 7040,#8E98A3
14,104,1,184,2,Black,RAL 9005,#111111
14,104,2,183,2,Black,RAL 9005,#111111
14,104,3,182,2,Black,RAL 9005,#111111
14,104,4,181,2,Black,RAL 9005,#111111
14,104,5,180,2,Black,RAL 9005,#111111
14,104,6,179,2,Black,RAL 9005,#111111
14,104,7,178,2,Black,RAL 9005,#111111
14,104,8,177,2,Black,RAL 9005,#111111
14,104,9,176,2,Black,RAL 9005,#111111
14,104,10,175,2,Black,RAL 9005,#111111
14,104,11,174,2,Black,RAL 9005,#111111
14,104,12,173,2,Black,RAL 9005,#111111
14,104,13,172,2,Black,RAL 9005,#111111
14,104,14,171,2,Black,RAL 9005,#111111
14,104,15,170,2,Black,RAL 9005,#111111
14,104,16,169,2,Black,RAL 9005,#111111
14,104,17,168,2,Black,RAL 9005,#111111
14,104,18,167,2,Black,RAL 9005,#111111
14,104,19,166,2,Black,RAL 9005,#111111
14,104,20,165,2,Black,RAL 9005,#111111
14,104,21,164,2,Black,RAL 9005,#111111
14,104,22,163,2,Black,RAL 9005,#111111
14,104,23,162,2,Black,RAL 9005,#111111
14,104,24,161,2,Black,RAL 9005,#111111
14,104,25,160,2,Black,RAL 9005,#111111
14,104,26,159,2,Black,RAL 9005,#111111
14,104,27,158,2,Black,RAL 9005,#111111
14,104,28,157,2,Black,RAL 9005,#111111
14,104,29,156,2,Black,RAL 9005,#111111
14,104,30,155,2,Black,RAL 9005,#111111
14,104,31,154,2,Black,RAL 9005,#111111
14,104,32,153,2,Black,RAL 9005,#111111
14,104,33,152,2,Black,RAL 9005,#111111
14,104,34,151,2,Black,RAL 9005,#111111
14,104,35,150,2,Black,RAL 9005,#111111
14,104,36,149,2,Black,RAL 9005,#111111
14,104,37,148,2,Black,RAL 9005,#111111
14,104,38,147,2,Black,RAL 9005,#111111
14,104,39,146,2,Black,RAL 9005,#111111
14,104,40,145,2,Black,RAL 9005,#111111
14,104,41,144,2,Black,RAL 9005,#111111
14,104,42,143,2,Black,RAL 9005,#111111
14,104,43,142,2,Black,RAL 9005,#111111
14,104,44,141,2,Black,RAL 9005,#111111
14,104,45,140,2,Black,RAL 9005,#111111
14,104,46,139,2,Black,RAL 9005,#111111
14,104,47,138,2,Black,RAL 9005,#111111
14,104,48,137,2,Black,RAL 9005,#111111
14,104,49,136,2,Black,RAL 9005,#111111
14,104,50,135,2,Black,RAL 9005,#111111
14,104,51,134,2,Black,RAL 9005,#111111
14,104,52,133,2,Black,RAL 9005,#111111
14,104,53,132,2,Black,RAL 9005,#111111
14,104,54,131,2,Black,RAL 9005,#111111
14,104,55,130,2,Black,RAL 9005,#111111
14,104,56,129,2,Black,RAL 9005,#111111
14,104,57,128,2,Black,RAL 9005,#111111
14,104,58,127,2,Black,RAL 9005,#111111
14,104,59,126,2,Black,RAL 9005,#111111
14,104,60,125,8,Gray,RAL 7040,#8E98A3
14,104,61,124,8,Gray,RAL 7040,#8E98A3
14,104,62,123,8,Gray,RAL 7040,#8E98A3
14,104,63,122,8,Gray,RAL 7040,#8E98A3
14,104,64,121,8,Gray,RAL 7040,#8E98A3
14,104,65,120,8,Gray,RAL 7040,#8E98A3
14,104,66,119,8,Gray,RAL 7040,#8E98A3
14,104,67,118,8,Gray,RAL 7040,#8E98A3
14,104,68,117,8,Gray,RAL 7040,#8E98A3
14,104,69,116,8,Gray,RAL 7040,#8E98A3
14,104,70,115,8,Gray,RAL 7040,#8E98A3
14,104,71,114,2,Black,RAL 9005,#111111
14,104,72,113,2,Black,RAL 9005,#111111
14,104,73,112,2,Black,RAL 9005,#111111
14,104,74,111,2,Black,RAL 9005,#111111
14,104,75,110,2,Black,RAL 9005,#111111
14,104,76,109,2,Black,RAL 9005,#111111
14,104,77,108,2,Black,RAL 9005,#111111
14,104,78,107,2,Black,RAL 9005,#111111
14,104,79,106,2,Black,RAL 9005,#111111
14,104,80,105,2,Black,RAL 9005,#111111
14,104,81,104,2,Black,RAL 9005,#111111
14,104,82,103,2,Black,RAL 9005,#111111
14,104,83,102,2,Black,RAL 9005,#111111
14,104,84,101,2,Black,RAL 9005,#111111
14,104,85,100,2,Black,RAL 9005,#111111
14,104,86,99,2,Black,RAL 9005,#111111
14,104,87,98,2,Black,RAL 9005,#111111
14,104,88,97,2,Black,RAL 9005,#111111
14,104,89,96,2,Black,RAL 9005,#111111
14,104,90,95,2,Black,RAL 9005,#111111
14,104,91,94,2,Black,RAL 9005,#111111
14,104,92,93,2,Black,RAL 9005,#111111
14,104,93,92,2,Black,RAL 9005,#111111
14,104,94,91,2,Black,RAL 9005,#111111
14,104,95,90,2,Black,RAL 9005,#111111
14,104,96,89,2,Black,RAL 9005,#111111
14,104,97,88,2,Black,RAL 9005,#111111
14,104,98,87,2,Black,RAL 9005,#111111
14,104,99,86,2,Black,RAL 9005,#111111
14,104,100,85,2,Black,RAL 9005,#111111
14,104,101,84,2,Black,RAL 9005,#111111
14,104,102,83,2,Black,RAL 9005,#111111
14,104,103,82,2,Black,RAL 9005,#111111
14,104,104,81,2,Black,RAL 9005,#111111
14,104,105,80,2,Black,RAL 9005,#111111
14,104,106,79,2,Black,RAL 9005,#111111
14,104,107,78,2,Black,RAL 9005,#111111
14,104,108,77,2,Black,RAL 9005,#111111
14,104,109,76,2,Black,RAL 9005,#111111
14,104,110,75,2,Black,RAL 9005,#111111
14,104,111,74,2,Black,RAL 9005,#111111
14,104,112,73,2,Black,RAL 9005,#111111
14,104,113,72,2,Black,RAL 9005,#111111
14,104,114,71,2,Black,RAL 9005,#111111
14,104,115,70,2,Black,RAL 9005,#111111
14,104,116,69,2,Black,RAL 9005,#111111
14,104,117,68,2,Black,RAL 9005,#111111
14,104,118,67,2,Black,RAL 9005,#111111
14,104,119,66,2,Black,RAL 9005,#111111
14,104,120,65,2,Black,RAL 9005,#111111
14,104,121,64,2,Black,RAL 9005,#111111
14,104,122,63,2,Black,RAL 9005,#111111
14,104,123,62,2,Black,RAL 9005,#111111
14,104,124,61,2,Black,RAL 9005,#111111
14,104,125,60,2,Black,RAL 9005,#111111
14,104,126,59,2,Black,RAL 9005,#111111
14,104,127,58,2,Black,RAL 9005,#111111
14,104,128,57,2,Black,RAL 9005,#111111
14,104,129,56,2,Black,RAL 9005,#111111
14,104,130,55,2,Black,RAL 9005,#111111
14,104,131,54,2,Black,RAL 9005,#111111
14,104,132,53,2,Black,RAL 9005,#111111
14,104,133,52,2,Black,RAL 9005,#111111
14,104,134,51,2,Black,RAL 9005,#111111
14,104,135,50,2,Black,RAL 9005,#111111
14,104,136,49,2,Black,RAL 9005,#111111
14,104,137,48,8,Gray,RAL 7040,#8E98A3
14,104,138,47,8,Gray,RAL 7040,#8E98A3
14,104,139,46,8,Gray,RAL 7040,#8E98A3
14,104,140,45,8,Gray,RAL 7040,#8E98A3
14,104,141,44,8,Gray,RAL 7040,#8E98A3
14,104,142,43,8,Gray,RAL 7040,#8E98A3
14,104,143,42,8,Gray,RAL 7040,#8E98A3
14,104,144,41,8,Gray,RAL 7040,#8E98A3
14,104,145,40,8,Gray,RAL 7040,#8E98A3
14,104,146,39,8,Gray,RAL 7040,#8E98A3
14,104,147,38,8,Gray,RAL 7040,#8E98A3
14,104,148,37,8,Gray,RAL 7040,#8E98A3
14,104,149,36,8,Gray,RAL 7040,#8E98A3
14,104,150,35,8,Gray,RAL 7040,#8E98A3
14,104,151,34,8,Gray,RAL 7040,#8E98A3
14,104,152,33,8,Gray,RAL 7040,#8E98A3
14,104,153,32,8,Gray,RAL 7040,#8E98A3
14,104,154,31,8,Gray,RAL 7040,#8E98A3
14,104,155,30,8,Gray,RAL 7040,#8E98A3
14,104,156,29,8,Gray,RAL 7040,#8E98A3
14,104,157,28,8,Gray,RAL 7040,#8E98A3
14,104,158,27,8,Gray,RAL 7040,#8E98A3
14,104,159,26,8,Gray,RAL 7040,#8E98A3
14,104,160,25,8,Gray,RAL 7040,#8E98A3
14,104,161,24,8,Gray,RAL 7040,#8E98A3
14,104,162,23,8,Gray,RAL 7040,#8E98A3
14,104,163,22,8,Gray,RAL 7040,#8E98A3
14,104,164,21,8,Gray,RAL 7040,#8E98A3
14,104,165,20,8,Gray,RAL 7040,#8E98A3
14,104,166,19,8,Gray,RAL 7040,#8E98A3
14,104,167,18,8,Gray,RAL 7040,#8E98A3
14,104,168,17,8,Gray,RAL 7040,#8E98A3
14,104,169,16,8,Gray,RAL 7040,#8E98A3
14,104,170,15,8,Gray,RAL 7040,#8E98A3
14,104,171,14,8,Gray,RAL 7040,#8E98A3
14,104,172,13,8,Gray,RAL 7040,#8E98A3
14,104,173,12,8,Gray,RAL 7040,#8E98A3
14,104,174,11,8,Gray,RAL 7040,#8E98A3
14,104,175,10,8,Gray,RAL 7040,#8E98A3
14,104,176,9,8,Gray,RAL 7040,#8E98A3
14,104,177,8,8,Gray,RAL 7040,#8E98A3
14,104,178,7,8,Gray,RAL 7040,#8E98A3
14,104,179,6,8,Gray,RAL 7040,#8E98A3
14,104,180,5,8,Gray,RAL 7040,#8E98A3
14,104,181,4,8,Gray,RAL 7040,#8E98A3
14,104,182,3,8,Gray,RAL 7040,#8E98A3
14,104,183,2,8,Gray,RAL 7040,#8E98A3
14,104,184,1,8,Gray,RAL 7040,#8E98A3
15,103,1,184,2,Black,RAL 9005,#111111
15,103,2,183,2,Black,RAL 9005,#111111
15,103,3,182,2,Black,RAL 9005,#111111
15,103,4,181,2,Black,RAL 9005,#111111
15,103,5,180,2,Black,RAL 9005,#111111
15,103,6,179,2,Black,RAL 9005,#111111
15,103,7,178,2,Black,RAL 9005,#111111
15,103,8,177,2,Black,RAL 9005,#111111
15,103,9,176,2,Black,RAL 9005,#111111
15,103,10,175,2,Black,RAL 9005,#111111
15,103,11,174,2,Black,RAL 9005,#111111
15,103,12,173,2,Black,RAL 9005,#111111
15,103,13,172,2,Black,RAL 9005,#111111
15,103,14,171,2,Black,RAL 9005,#111111
15,103,15,170,2,Black,RAL 9005,#111111
15,103,16,169,2,Black,RAL 9005,#111111
15,103,17,168,2,Black,RAL 9005,#111111
15,103,18,167,2,Black,RAL 9005,#111111
15,103,19,166,2,Black,RAL 9005,#111111
15,103,20,165,2,Black,RAL 9005,#111111
15,103,21,164,2,Black,RAL 9005,#111111
15,103,22,163,2,Black,RAL 9005,#111111
15,103,23,162,2,Black,RAL 9005,#111111
15,103,24,161,2,Black,RAL 9005,#111111
15,103,25,160,2,Black,RAL 9005,#111111
15,103,26,159,2,Black,RAL 9005,#111111
15,103,27,158,2,Black,RAL 9005,#111111
15,103,28,157,2,Black,RAL 9005,#111111
15,103,29,156,2,Black,RAL 9005,#111111
15,103,30,155,2,Black,RAL 9005,#111111
15,103,31,154,2,Black,RAL 9005,#111111
15,103,32,153,2,Black,RAL 9005,#111111
15,103,33,152,2,Black,RAL 9005,#111111
15,103,34,151,2,Black,RAL 9005,#111111
15,103,35,150,2,Black,RAL 9005,#111111
15,103,36,149,2,Black,RAL 9005,#111111
15,103,37,148,2,Black,RAL 9005,#111111
15,103,38,147,2,Black,RAL 9005,#111111
15,103,39,146,2,Black,RAL 9005,#111111
15,103,40,145,2,Black,RAL 9005,#111111
15,103,41,144,2,Black,RAL 9005,#111111
15,103,42,143,2,Black,RAL 9005,#111111
15,103,43,142,2,Black,RAL 9005,#111111
15,103,44,141,2,Black,RAL 9005,#111111
15,103,45,140,2,Black,RAL 9005,#111111
15,103,46,139,2,Black,RAL 9005,#111111
15,103,47,138,2,Black,RAL 9005,#111111
15,103,48,137,2,Black,RAL 9005,#111111
15,103,49,136,2,Black,RAL 9005,#111111
15,103,50,135,2,Black,RAL 9005,#111111
15,103,51,134,2,Black,RAL 9005,#111111
15,103,52,133,2,Black,RAL 9005,#111111
15,103,53,132,2,Black,RAL 9005,#111111
15,103,54,131,2,Black,RAL 9005,#111111
15,103,55,130,2,Black,RAL 9005,#111111
15,103,56,129,2,Black,RAL 9005,#111111
15,103,57,128,2,Black,RAL 9005,#111111
15,103,58,127,2,Black,RAL 9005,#111111
15,103,59,126,2,Black,RAL 9005,#111111
15,103,60,125,8,Gray,RAL 7040,#8E98A3
15,103,61,124,8,Gray,RAL 7040,#8E98A3
15,103,62,123,8,Gray,RAL 7040,#8E98A3
15,103,63,122,8,Gray,RAL 7040,#8E98A3
15,103,64,121,8,Gray,RAL 7040,#8E98A3
15,103,65,120,8,Gray,RAL 7040,#8E98A3
15,103,66,119,8,Gray,RAL 7040,#8E98A3
15,103,67,118,8,Gray,RAL 7040,#8E98A3
15,103,68,117,8,Gray,RAL 7040,#8E98A3
15,103,69,116,8,Gray,RAL 7040,#8E98A3
15,103,70,115,2,Black,RAL 9005,#111111
15,103,71,114,2,Black,RAL 9005,#111111
15,103,72,113,2,Black,RAL 9005,#111111
15,103,73,112,2,Black,RAL 9005,#111111
15,103,74,111,2,Black,RAL 9005,#111111
15,103,75,110,2,Black,RAL 9005,#111111
15,103,76,109,2,Black,RAL 9005,#111111
15,103,77,108,2,Black,RAL 9005,#111111
15,103,78,107,2,Black,RAL 9005,#111111
15,103,79,106,2,Black,RAL 9005,#111111
15,103,80,105,2,Black,RAL 9005,#111111
15,103,81,104,2,Black,RAL 9005,#111111
15,103,82,103,2,Black,RAL 9005,#111111
15,103,83,102,2,Black,RAL 9005,#111111
15,103,84,101,2,Black,RAL 9005,#111111
15,103,85,100,2,Black,RAL 9005,#111111
15,103,86,99,2,Black,RAL 9005,#111111
15,103,87,98,2,Black,RAL 9005,#111111
15,103,88,97,2,Black,RAL 9005,#111111
15,103,89,96,2,Black,RAL 9005,#111111
15,103,90,95,2,Black,RAL 9005,#111111
15,103,91,94,2,Black,RAL 9005,#111111
15,103,92,93,2,Black,RAL 9005,#111111
15,103,93,92,2,Black,RAL 9005,#111111
15,103,94,91,2,Black,RAL 9005,#111111
15,103,95,90,2,Black,RAL 9005,#111111
15,103,96,89,2,Black,RAL 9005,#111111
15,103,97,88,2,Black,RAL 9005,#111111
15,103,98,87,2,Black,RAL 9005,#111111
15,103,99,86,2,Black,RAL 9005,#111111
15,103,100,85,2,Black,RAL 9005,#111111
15,103,101,84,2,Black,RAL 9005,#111111
15,103,102,83,2,Black,RAL 9005,#111111
15,103,103,82,2,Black,RAL 9005,#111111
15,103,104,81,2,Black,RAL 9005,#111111
15,103,105,80,2,Black,RAL 9005,#111111
15,103,106,79,2,Black,RAL 9005,#111111
15,103,107,78,2,Black,RAL 9005,#111111
15,103,108,77,2,Black,RAL 9005,#111111
15,103,109,76,2,Black,RAL 9005,#111111
15,103,110,75,2,Black,RAL 9005,#111111
15,103,111,74,2,Black,RAL 9005,#111111
15,103,112,73,2,Black,RAL 9005,#111111
15,103,113,72,2,Black,RAL 9005,#111111
15,103,114,71,2,Black,RAL 9005,#111111
15,103,115,70,2,Black,RAL 9005,#111111
15,103,116,69,2,Black,RAL 9005,#111111
15,103,117,68,2,Black,RAL 9005,#111111
15,103,118,67,2,Black,RAL 9005,#111111
15,103,119,66,2,Black,RAL 9005,#111111
15,103,120,65,2,Black,RAL 9005,#111111
15,103,121,64,2,Black,RAL 9005,#111111
15,103,122,63,2,Black,RAL 9005,#111111
15,103,123,62,2,Black,RAL 9005,#111111
15,103,124,61,2,Black,RAL 9005,#111111
15,103,125,60,2,Black,RAL 9005,#111111
15,103,126,59,2,Black,RAL 9005,#111111
15,103,127,58,2,Black,RAL 9005,#111111
15,103,128,57,2,Black,RAL 9005,#111111
15,103,129,56,2,Black,RAL 9005,#111111
15,103,130,55,2,Black,RAL 9005,#111111
15,103,131,54,2,Black,RAL 9005,#111111
15,103,132,53,2,Black,RAL 9005,#111111
15,103,133,52,2,Black,RAL 9005,#111111
15,103,134,51,2,Black,RAL 9005,#111111
15,103,135,50,2,Black,RAL 9005,#111111
15,103,136,49,8,Gray,RAL 7040,#8E98A3
15,103,137,48,8,Gray,RAL 7040,#8E98A3
15,103,138,47,8,Gray,RAL 7040,#8E98A3
15,103,139,46,8,Gray,RAL 7040,#8E98A3
15,103,140,45,8,Gray,RAL 7040,#8E98A3
15,103,141,44,8,Gray,RAL 7040,#8E98A3
15,103,142,43,8,Gray,RAL 7040,#8E98A3
15,103,143,42,8,Gray,RAL 7040,#8E98A3
15,103,144,41,8,Gray,RAL 7040,#8E98A3
15,103,145,40,8,Gray,RAL 7040,#8E98A3
15,103,146,39,8,Gray,RAL 7040,#8E98A3
15,103,147,38,8,Gray,RAL 7040,#8E98A3
15,103,148,37,8,Gray,RAL 7040,#8E98A3
15,103,149,36,8,Gray,RAL 7040,#8E98A3
15,103,150,35,8,Gray,RAL 7040,#8E98A3
15,103,151,34,8,Gray,RAL 7040,#8E98A3
15,103,152,33,8,Gray,RAL 7040,#8E98A3
15,103,153,32,8,Gray,RAL 7040,#8E98A3
15,103,154,31,8,Gray,RAL 7040,#8E98A3
15,103,155,30,8,Gray,RAL 7040,#8E98A3
15,103,156,29,8,Gray,RAL 7040,#8E98A3
15,103,157,28,8,Gray,RAL 7040,#8E98A3
15,103,158,27,8,Gray,RAL 7040,#8E98A3
15,103,159,26,8,Gray,RAL 7040,#8E98A3
15,103,160,25,8,Gray,RAL 7040,#8E98A3
15,103,161,24,8,Gray,RAL 7040,#8E98A3
15,103,162,23,8,Gray,RAL 7040,#8E98A3
15,103,163,22,8,Gray,RAL 7040,#8E98A3
15,103,164,21,8,Gray,RAL 7040,#8E98A3
15,103,165,20,8,Gray,RAL 7040,#8E98A3
15,103,166,19,8,Gray,RAL 7040,#8E98A3
15,103,167,18,8,Gray,RAL 7040,#8E98A3
15,103,168,17,8,Gray,RAL 7040,#8E98A3
15,103,169,16,8,Gray,RAL 7040,#8E98A3
15,103,170,15,8,Gray,RAL 7040,#8E98A3
15,103,171,14,8,Gray,RAL 7040,#8E98A3
15,103,172,13,8,Gray,RAL 7040,#8E98A3
15,103,173,12,8,Gray,RAL 7040,#8E98A3
15,103,174,11,8,Gray,RAL 7040,#8E98A3
15,103,175,10,8,Gray,RAL 7040,#8E98A3
15,103,176,9,8,Gray,RAL 7040,#8E98A3
15,103,177,8,8,Gray,RAL 7040,#8E98A3
15,103,178,7,8,Gray,RAL 7040,#8E98A3
15,103,179,6,8,Gray,RAL 7040,#8E98A3
15,103,180,5,8,Gray,RAL 7040,#8E98A3
15,103,181,4,8,Gray,RAL 7040,#8E98A3
15,103,182,3,8,Gray,RAL 7040,#8E98A3
15,103,183,2,8,Gray,RAL 7040,#8E98A3
15,103,184,1,8,Gray,RAL 7040,#8E98A3
16,102,1,184,2,Black,RAL 9005,#111111
16,102,2,183,2,Black,RAL 9005,#111111
16,102,3,182,2,Black,RAL 9005,#111111
16,102,4,181,2,Black,RAL 9005,#111111
16,102,5,180,2,Black,RAL 9005,#111111
16,102,6,179,2,Black,RAL 9005,#111111
16,102,7,178,2,Black,RAL 9005,#111111
16,102,8,177,2,Black,RAL 9005,#111111
16,102,9,176,2,Black,RAL 9005,#111111
16,102,10,175,2,Black,RAL 9005,#111111
16,102,11,174,2,Black,RAL 9005,#111111
16,102,12,173,2,Black,RAL 9005,#111111
16,102,13,172,2,Black,RAL 9005,#111111
16,102,14,171,2,Black,RAL 9005,#111111
16,102,15,170,2,Black,RAL 9005,#111111
16,102,16,169,2,Black,RAL 9005,#111111
16,102,17,168,2,Black,RAL 9005,#111111
16,102,18,167,2,Black,RAL 9005,#111111
16,102,19,166,2,Black,RAL 9005,#111111
16,102,20,165,2,Black,RAL 9005,#111111
16,102,21,164,2,Black,RAL 9005,#111111
16,102,22,163,2,Black,RAL 9005,#111111
16,102,23,162,2,Black,RAL 9005,#111111
16,102,24,161,2,Black,RAL 9005,#111111
16,102,25,160,2,Black,RAL 9005,#111111
16,102,26,159,2,Black,RAL 9005,#111111
16,102,27,158,2,Black,RAL 9005,#111111
16,102,28,157,2,Black,RAL 9005,#111111
16,102,29,156,2,Black,RAL 9005,#111111
16,102,30,155,2,Black,RAL 9005,#111111
16,102,31,154,2,Black,RAL 9005,#111111
16,102,32,153,2,Black,RAL 9005,#111111
16,102,33,152,2,Black,RAL 9005,#111111
16,102,34,151,2,Black,RAL 9005,#111111
16,102,35,150,2,Black,RAL 9005,#111111
16,102,36,149,2,Black,RAL 9005,#111111
16,102,37,148,2,Black,RAL 9005,#111111
16,102,38,147,2,Black,RAL 9005,#111111
16,102,39,146,2,Black,RAL 9005,#111111
16,102,40,145,2,Black,RAL 9005,#111111
16,102,41,144,2,Black,RAL 9005,#111111
16,102,42,143,2,Black,RAL 9005,#111111
16,102,43,142,2,Black,RAL 9005,#111111
16,102,44,141,2,Black,RAL 9005,#111111
16,102,45,140,2,Black,RAL 9005,#111111
16,102,46,139,2,Black,RAL 9005,#111111
16,102,47,138,2,Black,RAL 9005,#111111
16,102,48,137,2,Black,RAL 9005,#111111
16,102,49,136,2,Black,RAL 9005,#111111
16,102,50,135,2,Black,RAL 9005,#111111
16,102,51,134,2,Black,RAL 9005,#111111
16,102,52,133,2,Black,RAL 9005,#111111
16,102,53,132,2,Black,RAL 9005,#111111
16,102,54,131,2,Black,RAL 9005,#111111
16,102,55,130,2,Black,RAL 9005,#111111
16,102,56,129,2,Black,RAL 9005,#111111
16,102,57,128,2,Black,RAL 9005,#111111
16,102,58,127,2,Black,RAL 9005,#111111
16,102,59,126,2,Black,RAL 9005,#111111
16,102,60,125,2,Black,RAL 9005,#111111
16,102,61,124,8,Gray,RAL 7040,#8E98A3
16,102,62,123,8,Gray,RAL 7040,#8E98A3
16,102,63,122,8,Gray,RAL 7040,#8E98A3
16,102,64,121,8,Gray,RAL 7040,#8E98A3
16,102,65,120,8,Gray,RAL 7040,#8E98A3
16,102,66,119,8,Gray,RAL 7040,#8E98A3
16,102,67,118,8,Gray,RAL 7040,#8E98A3
16,102,68,117,8,Gray,RAL 7040,#8E98A3
16,102,69,116,8,Gray,RAL 7040,#8E98A3
16,102,70,115,2,Black,RAL 9005,#111111
16,102,71,114,2,Black,RAL 9005,#111111
16,102,72,113,2,Black,RAL 9005,#111111
16,102,73,112,2,Black,RAL 9005,#111111
16,102,74,111,2,Black,RAL 9005,#111111
16,102,75,110,2,Black,RAL 9005,#111111
16,102,76,109,2,Black,RAL 9005,#111111
16,102,77,108,2,Black,RAL 9005,#111111
16,102,78,107,2,Black,RAL 9005,#111111
16,102,79,106,2,Black,RAL 9005,#111111
16,102,80,105,2,Black,RAL 9005,#111111
16,102,81,104,2,Black,RAL 9005,#111111
16,102,82,103,2,Black,RAL 9005,#111111
16,102,83,102,2,Black,RAL 9005,#111111
16,102,84,101,2,Black,RAL 9005,#111111
16,102,85,100,2,Black,RAL 9005,#111111
16,102,86,99,2,Black,RAL 9005,#111111
16,102,87,98,2,Black,RAL 9005,#111111
16,102,88,97,2,Black,RAL 9005,#111111
16,102,89,96,2,Black,RAL 9005,#111111
16,102,90,95,2,Black,RAL 9005,#111111
16,102,91,94,2,Black,RAL 9005,#111111
16,102,92,93,2,Black,RAL 9005,#111111
16,102,93,92,2,Black,RAL 9005,#111111
16,102,94,91,2,Black,RAL 9005,#111111
16,102,95,90,2,Black,RAL 9005,#111111
16,102,96,89,2,Black,RAL 9005,#111111
16,102,97,88,2,Black,RAL 9005,#111111
16,102,98,87,2,Black,RAL 9005,#111111
16,102,99,86,2,Black,RAL 9005,#111111
16,102,100,85,2,Black,RAL 9005,#111111
16,102,101,84,2,Black,RAL 9005,#111111
16,102,102,83,2,Black,RAL 9005,#111111
16,102,103,82,2,Black,RAL 9005,#111111
16,102,104,81,2,Black,RAL 9005,#111111
16,102,105,80,2,Black,RAL 9005,#111111
16,102,106,79,2,Black,RAL 9005,#111111
16,102,107,78,2,Black,RAL 9005,#111111
16,102,108,77,2,Black,RAL 9005,#111111
16,102,109,76,2,Black,RAL 9005,#111111
16,102,110,75,2,Black,RAL 9005,#111111
16,102,111,74,2,Black,RAL 9005,#111111
16,102,112,73,2,Black,RAL 9005,#111111
16,102,113,72,2,Black,RAL 9005,#111111
16,102,114,71,2,Black,RAL 9005,#111111
16,102,115,70,2,Black,RAL 9005,#111111
16,102,116,69,2,Black,RAL 9005,#111111
16,102,117,68,2,Black,RAL 9005,#111111
16,102,118,67,2,Black,RAL 9005,#111111
16,102,119,66,2,Black,RAL 9005,#111111
16,102,120,65,2,Black,RAL 9005,#111111
16,102,121,64,2,Black,RAL 9005,#111111
16,102,122,63,2,Black,RAL 9005,#111111
16,102,123,62,2,Black,RAL 9005,#111111
16,102,124,61,2,Black,RAL 9005,#111111
16,102,125,60,2,Black,RAL 9005,#111111
16,102,126,59,2,Black,RAL 9005,#111111
16,102,127,58,2,Black,RAL 9005,#111111
16,102,128,57,2,Black,RAL 9005,#111111
16,102,129,56,2,Black,RAL 9005,#111111
16,102,130,55,2,Black,RAL 9005,#111111
16,102,131,54,2,Black,RAL 9005,#111111
16,102,132,53,2,Black,RAL 9005,#111111
16,102,133,52,2,Black,RAL 9005,#111111
16,102,134,51,2,Black,RAL 9005,#111111
16,102,135,50,2,Black,RAL 9005,#111111
16,102,136,49,8,Gray,RAL 7040,#8E98A3
16,102,137,48,8,Gray,RAL 7040,#8E98A3
16,102,138,47,8,Gray,RAL 7040,#8E98A3
16,102,139,46,8,Gray,RAL 7040,#8E98A3
16,102,140,45,8,Gray,RAL 7040,#8E98A3
16,102,141,44,8,Gray,RAL 7040,#8E98A3
16,102,142,43,8,Gray,RAL 7040,#8E98A3
16,102,143,42,8,Gray,RAL 7040,#8E98A3
16,102,144,41,8,Gray,RAL 7040,#8E98A3
16,102,145,40,8,Gray,RAL 7040,#8E98A3
16,102,146,39,8,Gray,RAL 7040,#8E98A3
16,102,147,38,8,Gray,RAL 7040,#8E98A3
16,102,148,37,8,Gray,RAL 7040,#8E98A3
16,102,149,36,8,Gray,RAL 7040,#8E98A3
16,102,150,35,8,Gray,RAL 7040,#8E98A3
16,102,151,34,8,Gray,RAL 7040,#8E98A3
16,102,152,33,8,Gray,RAL 7040,#8E98A3
16,102,153,32,8,Gray,RAL 7040,#8E98A3
16,102,154,31,8,Gray,RAL 7040,#8E98A3
16,102,155,30,8,Gray,RAL 7040,#8E98A3
16,102,156,29,8,Gray,RAL 7040,#8E98A3
16,102,157,28,8,Gray,RAL 7040,#8E98A3
16,102,158,27,8,Gray,RAL 7040,#8E98A3
16,102,159,26,8,Gray,RAL 7040,#8E98A3
16,102,160,25,8,Gray,RAL 7040,#8E98A3
16,102,161,24,8,Gray,RAL 7040,#8E98A3
16,102,162,23,8,Gray,RAL 7040,#8E98A3
16,102,163,22,8,Gray,RAL 7040,#8E98A3
16,102,164,21,8,Gray,RAL 7040,#8E98A3
16,102,165,20,8,Gray,RAL 7040,#8E98A3
16,102,166,19,8,Gray,RAL 7040,#8E98A3
16,102,167,18,8,Gray,RAL 7040,#8E98A3
16,102,168,17,8,Gray,RAL 7040,#8E98A3
16,102,169,16,8,Gray,RAL 7040,#8E98A3
16,102,170,15,8,Gray,RAL 7040,#8E98A3
16,102,171,14,8,Gray,RAL 7040,#8E98A3
16,102,172,13,8,Gray,RAL 7040,#8E98A3
16,102,173,12,8,Gray,RAL 7040,#8E98A3
16,102,174,11,8,Gray,RAL 7040,#8E98A3
16,102,175,10,8,Gray,RAL 7040,#8E98A3
16,102,176,9,8,Gray,RAL 7040,#8E98A3
16,102,177,8,8,Gray,RAL 7040,#8E98A3
16,102,178,7,8,Gray,RAL 7040,#8E98A3
16,102,179,6,8,Gray,RAL 7040,#8E98A3
16,102,180,5,8,Gray,RAL 7040,#8E98A3
16,102,181,4,8,Gray,RAL 7040,#8E98A3
16,102,182,3,8,Gray,RAL 7040,#8E98A3
16,102,183,2,8,Gray,RAL 7040,#8E98A3
16,102,184,1,8,Gray,RAL 7040,#8E98A3
17,101,1,184,2,Black,RAL 9005,#111111
17,101,2,183,2,Black,RAL 9005,#111111
17,101,3,182,2,Black,RAL 9005,#111111
17,101,4,181,2,Black,RAL 9005,#111111
17,101,5,180,2,Black,RAL 9005,#111111
17,101,6,179,2,Black,RAL 9005,#111111
17,101,7,178,2,Black,RAL 9005,#111111
17,101,8,177,2,Black,RAL 9005,#111111
17,101,9,176,2,Black,RAL 9005,#111111
17,101,10,175,2,Black,RAL 9005,#111111
17,101,11,174,2,Black,RAL 9005,#111111
17,101,12,173,2,Black,RAL 9005,#111111
17,101,13,172,2,Black,RAL 9005,#111111
17,101,14,171,2,Black,RAL 9005,#111111
17,101,15,170,2,Black,RAL 9005,#111111
17,101,16,169,2,Black,RAL 9005,#111111
17,101,17,168,2,Black,RAL 9005,#111111
17,101,18,167,2,Black,RAL 9005,#111111
17,101,19,166,2,Black,RAL 9005,#111111
17,101,20,165,2,Black,RAL 9005,#111111
17,101,21,164,2,Black,RAL 9005,#111111
17,101,22,163,2,Black,RAL 9005,#111111
17,101,23,162,2,Black,RAL 9005,#111111
17,101,24,161,2,Black,RAL 9005,#111111
17,101,25,160,2,Black,RAL 9005,#111111
17,101,26,159,2,Black,RAL 9005,#111111
17,101,27,158,2,Black,RAL 9005,#111111
17,101,28,157,2,Black,RAL 9005,#111111
17,101,29,156,2,Black,RAL 9005,#111111
17,101,30,155,2,Black,RAL 9005,#111111
17,101,31,154,2,Black,RAL 9005,#111111
17,101,32,153,2,Black,RAL 9005,#111111
17,101,33,152,2,Black,RAL 9005,#111111
17,101,34,151,2,Black,RAL 9005,#111111
17,101,35,150,2,Black,RAL 9005,#111111
17,101,36,149,2,Black,RAL 9005,#111111
17,101,37,148,2,Black,RAL 9005,#111111
17,101,38,147,2,Black,RAL 9005,#111111
17,101,39,146,2,Black,RAL 9005,#111111
17,101,40,145,2,Black,RAL 9005,#111111
17,101,41,144,2,Black,RAL 9005,#111111
17,101,42,143,2,Black,RAL 9005,#111111
17,101,43,142,2,Black,RAL 9005,#111111
17,101,44,141,2,Black,RAL 9005,#111111
17,101,45,140,2,Black,RAL 9005,#111111
17,101,46,139,2,Black,RAL 9005,#111111
17,101,47,138,2,Black,RAL 9005,#111111
17,101,48,137,2,Black,RAL 9005,#111111
17,101,49,136,2,Black,RAL 9005,#111111
17,101,50,135,2,Black,RAL 9005,#111111
17,101,51,134,2,Black,RAL 9005,#111111
17,101,52,133,2,Black,RAL 9005,#111111
17,101,53,132,2,Black,RAL 9005,#111111
17,101,54,131,2,Black,RAL 9005,#111111
17,101,55,130,2,Black,RAL 9005,#111111
17,101,56,129,2,Black,RAL 9005,#111111
17,101,57,128,2,Black,RAL 9005,#111111
17,101,58,127,2,Black,RAL 9005,#111111
17,101,59,126,2,Black,RAL 9005,#111111
17,101,60,125,2,Black,RAL 9005,#111111
17,101,61,124,2,Black,RAL 9005,#111111
17,101,62,123,8,Gray,RAL 7040,#8E98A3
17,101,63,122,8,Gray,RAL 7040,#8E98A3
17,101,64,121,8,Gray,RAL 7040,#8E98A3
17,101,65,120,8,Gray,RAL 7040,#8E98A3
17,101,66,119,8,Gray,RAL 7040,#8E98A3
17,101,67,118,8,Gray,RAL 7040,#8E98A3
17,101,68,117,8,Gray,RAL 7040,#8E98A3
17,101,69,116,2,Black,RAL 9005,#111111
17,101,70,115,2,Black,RAL 9005,#111111
17,101,71,114,2,Black,RAL 9005,#111111
17,101,72,113,2,Black,RAL 9005,#111111
17,101,73,112,2,Black,RAL 9005,#111111
17,101,74,111,2,Black,RAL 9005,#111111
17,101,75,110,2,Black,RAL 9005,#111111
17,101,76,109,2,Black,RAL 9005,#111111
17,101,77,108,2,Black,RAL 9005,#111111
17,101,78,107,2,Black,RAL 9005,#111111
17,101,79,106,2,Black,RAL 9005,#111111
17,101,80,105,2,Black,RAL 9005,#111111
17,101,81,104,2,Black,RAL 9005,#111111
17,101,82,103,2,Black,RAL 9005,#111111
17,101,83,102,2,Black,RAL 9005,#111111
17,101,84,101,2,Black,RAL 9005,#111111
17,101,85,100,2,Black,RAL 9005,#111111
17,101,86,99,2,Black,RAL 9005,#111111
17,101,87,98,2,Black,RAL 9005,#111111
17,101,88,97,2,Black,RAL 9005,#111111
17,101,89,96,2,Black,RAL 9005,#111111
17,101,90,95,2,Black,RAL 9005,#111111
17,101,91,94,2,Black,RAL 9005,#111111
17,101,92,93,2,Black,RAL 9005,#111111
17,101,93,92,2,Black,RAL 9005,#111111
17,101,94,91,2,Black,RAL 9005,#111111
17,101,95,90,2,Black,RAL 9005,#111111
17,101,96,89,2,Black,RAL 9005,#111111
17,101,97,88,2,Black,RAL 9005,#111111
17,101,98,87,2,Black,RAL 9005,#111111
17,101,99,86,2,Black,RAL 9005,#111111
17,101,100,85,2,Black,RAL 9005,#111111
17,101,101,84,2,Black,RAL 9005,#111111
17,101,102,83,2,Black,RAL 9005,#111111
17,101,103,82,2,Black,RAL 9005,#111111
17,101,104,81,2,Black,RAL 9005,#111111
17,101,105,80,2,Black,RAL 9005,#111111
17,101,106,79,2,Black,RAL 9005,#111111
17,101,107,78,2,Black,RAL 9005,#111111
17,101,108,77,2,Black,RAL 9005,#111111
17,101,109,76,2,Black,RAL 9005,#111111
17,101,110,75,2,Black,RAL 9005,#111111
17,101,111,74,2,Black,RAL 9005,#111111
17,101,112,73,2,Black,RAL 9005,#111111
17,101,113,72,2,Black,RAL 9005,#111111
17,101,114,71,2,Black,RAL 9005,#111111
17,101,115,70,2,Black,RAL 9005,#111111
17,101,116,69,2,Black,RAL 9005,#111111
17,101,117,68,2,Black,RAL 9005,#111111
17,101,118,67,2,Black,RAL 9005,#111111
17,101,119,66,2,Black,RAL 9005,#111111
17,101,120,65,2,Black,RAL 9005,#111111
17,101,121,64,2,Black,RAL 9005,#111111
17,101,122,63,2,Black,RAL 9005,#111111
17,101,123,62,2,Black,RAL 9005,#111111
17,101,124,61,2,Black,RAL 9005,#111111
17,101,125,60,2,Black,RAL 9005,#111111
17,101,126,59,2,Black,RAL 9005,#111111
17,101,127,58,2,Black,RAL 9005,#111111
17,101,128,57,2,Black,RAL 9005,#111111
17,101,129,56,2,Black,RAL 9005,#111111
17,101,130,55,2,Black,RAL 9005,#111111
17,101,131,54,2,Black,RAL 9005,#111111
17,101,132,53,2,Black,RAL 9005,#111111
17,101,133,52,2,Black,RAL 9005,#111111
17,101,134,51,2,Black,RAL 9005,#111111
17,101,135,50,8,Gray,RAL 7040,#8E98A3
17,101,136,49,8,Gray,RAL 7040,#8E98A3
17,101,137,48,8,Gray,RAL 7040,#8E98A3
17,101,138,47,8,Gray,RAL 7040,#8E98A3
17,101,139,46,8,Gray,RAL 7040,#8E98A3
17,101,140,45,8,Gray,RAL 7040,#8E98A3
17,101,141,44,8,Gray,RAL 7040,#8E98A3
17,101,142,43,8,Gray,RAL 7040,#8E98A3
17,101,143,42,8,Gray,RAL 7040,#8E98A3
17,101,144,41,8,Gray,RAL 7040,#8E98A3
17,101,145,40,8,Gray,RAL 7040,#8E98A3
17,101,146,39,8,Gray,RAL 7040,#8E98A3
17,101,147,38,8,Gray,RAL 7040,#8E98A3
17,101,148,37,8,Gray,RAL 7040,#8E98A3
17,101,149,36,8,Gray,RAL 7040,#8E98A3
17,101,150,35,8,Gray,RAL 7040,#8E98A3
17,101,151,34,8,Gray,RAL 7040,#8E98A3
17,101,152,33,8,Gray,RAL 7040,#8E98A3
17,101,153,32,8,Gray,RAL 7040,#8E98A3
17,101,154,31,8,Gray,RAL 7040,#8E98A3
17,101,155,30,8,Gray,RAL 7040,#8E98A3
17,101,156,29,8,Gray,RAL 7040,#8E98A3
17,101,157,28,8,Gray,RAL 7040,#8E98A3
17,101,158,27,8,Gray,RAL 7040,#8E98A3
17,101,159,26,8,Gray,RAL 7040,#8E98A3
17,101,160,25,8,Gray,RAL 7040,#8E98A3
17,101,161,24,8,Gray,RAL 7040,#8E98A3
17,101,162,23,8,Gray,RAL 7040,#8E98A3
17,101,163,22,8,Gray,RAL 7040,#8E98A3
17,101,164,21,8,Gray,RAL 7040,#8E98A3
17,101,165,20,8,Gray,RAL 7040,#8E98A3
17,101,166,19,8,Gray,RAL 7040,#8E98A3
17,101,167,18,8,Gray,RAL 7040,#8E98A3
17,101,168,17,8,Gray,RAL 7040,#8E98A3
17,101,169,16,8,Gray,RAL 7040,#8E98A3
17,101,170,15,8,Gray,RAL 7040,#8E98A3
17,101,171,14,8,Gray,RAL 7040,#8E98A3
17,101,172,13,8,Gray,RAL 7040,#8E98A3
17,101,173,12,8,Gray,RAL 7040,#8E98A3
17,101,174,11,8,Gray,RAL 7040,#8E98A3
17,101,175,10,8,Gray,RAL 7040,#8E98A3
17,101,176,9,8,Gray,RAL 7040,#8E98A3
17,101,177,8,8,Gray,RAL 7040,#8E98A3
17,101,178,7,8,Gray,RAL 7040,#8E98A3
17,101,179,6,8,Gray,RAL 7040,#8E98A3
17,101,180,5,8,Gray,RAL 7040,#8E98A3
17,101,181,4,8,Gray,RAL 7040,#8E98A3
17,101,182,3,8,Gray,RAL 7040,#8E98A3
17,101,183,2,8,Gray,RAL 7040,#8E98A3
17,101,184,1,8,Gray,RAL 7040,#8E98A3
18,100,1,184,2,Black,RAL 9005,#111111
18,100,2,183,2,Black,RAL 9005,#111111
18,100,3,182,2,Black,RAL 9005,#111111
18,100,4,181,2,Black,RAL 9005,#111111
18,100,5,180,2,Black,RAL 9005,#111111
18,100,6,179,2,Black,RAL 9005,#111111
18,100,7,178,2,Black,RAL 9005,#111111
18,100,8,177,2,Black,RAL 9005,#111111
18,100,9,176,2,Black,RAL 9005,#111111
18,100,10,175,2,Black,RAL 9005,#111111
18,100,11,174,2,Black,RAL 9005,#111111
18,100,12,173,2,Black,RAL 9005,#111111
18,100,13,172,2,Black,RAL 9005,#111111
18,100,14,171,2,Black,RAL 9005,#111111
18,100,15,170,2,Black,RAL 9005,#111111
18,100,16,169,2,Black,RAL 9005,#111111
18,100,17,168,2,Black,RAL 9005,#111111
18,100,18,167,2,Black,RAL 9005,#111111
18,100,19,166,2,Black,RAL 9005,#111111
18,100,20,165,2,Black,RAL 9005,#111111
18,100,21,164,2,Black,RAL 9005,#111111
18,100,22,163,2,Black,RAL 9005,#111111
18,100,23,162,2,Black,RAL 9005,#111111
18,100,24,161,2,Black,RAL 9005,#111111
18,100,25,160,2,Black,RAL 9005,#111111
18,100,26,159,2,Black,RAL 9005,#111111
18,100,27,158,2,Black,RAL 9005,#111111
18,100,28,157,2,Black,RAL 9005,#111111
18,100,29,156,2,Black,RAL 9005,#111111
18,100,30,155,2,Black,RAL 9005,#111111
18,100,31,154,2,Black,RAL 9005,#111111
18,100,32,153,2,Black,RAL 9005,#111111
18,100,33,152,2,Black,RAL 9005,#111111
18,100,34,151,2,Black,RAL 9005,#111111
18,100,35,150,2,Black,RAL 9005,#111111
18,100,36,149,2,Black,RAL 9005,#111111
18,100,37,148,2,Black,RAL 9005,#111111
18,100,38,147,2,Black,RAL 9005,#111111
18,100,39,146,2,Black,RAL 9005,#111111
18,100,40,145,2,Black,RAL 9005,#111111
18,100,41,144,2,Black,RAL 9005,#111111
18,100,42,143,2,Black,RAL 9005,#111111
18,100,43,142,2,Black,RAL 9005,#111111
18,100,44,141,2,Black,RAL 9005,#111111
18,100,45,140,2,Black,RAL 9005,#111111
18,100,46,139,2,Black,RAL 9005,#111111
18,100,47,138,2,Black,RAL 9005,#111111
18,100,48,137,2,Black,RAL 9005,#111111
18,100,49,136,2,Black,RAL 9005,#111111
18,100,50,135,2,Black,RAL 9005,#111111
18,100,51,134,2,Black,RAL 9005,#111111
18,100,52,133,2,Black,RAL 9005,#111111
18,100,53,132,2,Black,RAL 9005,#111111
18,100,54,131,2,Black,RAL 9005,#111111
18,100,55,130,2,Black,RAL 9005,#111111
18,100,56,129,2,Black,RAL 9005,#111111
18,100,57,128,2,Black,RAL 9005,#111111
18,100,58,127,2,Black,RAL 9005,#111111
18,100,59,126,2,Black,RAL 9005,#111111
18,100,60,125,2,Black,RAL 9005,#111111
18,100,61,124,2,Black,RAL 9005,#111111
18,100,62,123,2,Black,RAL 9005,#111111
18,100,63,122,2,Black,RAL 9005,#111111
18,100,64,121,8,Gray,RAL 7040,#8E98A3
18,100,65,120,8,Gray,RAL 7040,#8E98A3
18,100,66,119,8,Gray,RAL 7040,#8E98A3
18,100,67,118,2,Black,RAL 9005,#111111
18,100,68,117,2,Black,RAL 9005,#111111
18,100,69,116,2,Black,RAL 9005,#111111
18,100,70,115,2,Black,RAL 9005,#111111
18,100,71,114,2,Black,RAL 9005,#111111
18,100,72,113,2,Black,RAL 9005,#111111
18,100,73,112,2,Black,RAL 9005,#111111
18,100,74,111,2,Black,RAL 9005,#111111
18,100,75,110,2,Black,RAL 9005,#111111
18,100,76,109,2,Black,RAL 9005,#111111
18,100,77,108,2,Black,RAL 9005,#111111
18,100,78,107,2,Black,RAL 9005,#111111
18,100,79,106,2,Black,RAL 9005,#111111
18,100,80,105,2,Black,RAL 9005,#111111
18,100,81,104,2,Black,RAL 9005,#111111
18,100,82,103,2,Black,RAL 9005,#111111
18,100,83,102,2,Black,RAL 9005,#111111
18,100,84,101,2,Black,RAL 9005,#111111
18,100,85,100,2,Black,RAL 9005,#111111
18,100,86,99,2,Black,RAL 9005,#111111
18,100,87,98,2,Black,RAL 9005,#111111
18,100,88,97,2,Black,RAL 9005,#111111
18,100,89,96,2,Black,RAL 9005,#111111
18,100,90,95,2,Black,RAL 9005,#111111
18,100,91,94,2,Black,RAL 9005,#111111
18,100,92,93,2,Black,RAL 9005,#111111
18,100,93,92,2,Black,RAL 9005,#111111
18,100,94,91,2,Black,RAL 9005,#111111
18,100,95,90,2,Black,RAL 9005,#111111
18,100,96,89,2,Black,RAL 9005,#111111
18,100,97,88,2,Black,RAL 9005,#111111
18,100,98,87,2,Black,RAL 9005,#111111
18,100,99,86,2,Black,RAL 9005,#111111
18,100,100,85,2,Black,RAL 9005,#111111
18,100,101,84,2,Black,RAL 9005,#111111
18,100,102,83,2,Black,RAL 9005,#111111
18,100,103,82,2,Black,RAL 9005,#111111
18,100,104,81,2,Black,RAL 9005,#111111
18,100,105,80,2,Black,RAL 9005,#111111
18,100,106,79,2,Black,RAL 9005,#111111
18,100,107,78,2,Black,RAL 9005,#111111
18,100,108,77,2,Black,RAL 9005,#111111
18,100,109,76,2,Black,RAL 9005,#111111
18,100,110,75,2,Black,RAL 9005,#111111
18,100,111,74,2,Black,RAL 9005,#111111
18,100,112,73,2,Black,RAL 9005,#111111
18,100,113,72,2,Black,RAL 9005,#111111
18,100,114,71,2,Black,RAL 9005,#111111
18,100,115,70,2,Black,RAL 9005,#111111
18,100,116,69,2,Black,RAL 9005,#111111
18,100,117,68,2,Black,RAL 9005,#111111
18,100,118,67,2,Black,RAL 9005,#111111
18,100,119,66,2,Black,RAL 9005,#111111
18,100,120,65,2,Black,RAL 9005,#111111
18,100,121,64,2,Black,RAL 9005,#111111
18,100,122,63,2,Black,RAL 9005,#111111
18,100,123,62,2,Black,RAL 9005,#111111
18,100,124,61,2,Black,RAL 9005,#111111
18,100,125,60,2,Black,RAL 9005,#111111
18,100,126,59,2,Black,RAL 9005,#111111
18,100,127,58,2,Black,RAL 9005,#111111
18,100,128,57,2,Black,RAL 9005,#111111
18,100,129,56,2,Black,RAL 9005,#111111
18,100,130,55,2,Black,RAL 9005,#111111
18,100,131,54,2,Black,RAL 9005,#111111
18,100,132,53,2,Black,RAL 9005,#111111
18,100,133,52,2,Black,RAL 9005,#111111
18,100,134,51,2,Black,RAL 9005,#111111
18,100,135,50,8,Gray,RAL 7040,#8E98A3
18,100,136,49,8,Gray,RAL 7040,#8E98A3
18,100,137,48,8,Gray,RAL 7040,#8E98A3
18,100,138,47,8,Gray,RAL 7040,#8E98A3
18,100,139,46,8,Gray,RAL 7040,#8E98A3
18,100,140,45,8,Gray,RAL 7040,#8E98A3
18,100,141,44,8,Gray,RAL 7040,#8E98A3
18,100,142,43,8,Gray,RAL 7040,#8E98A3
18,100,143,42,8,Gray,RAL 7040,#8E98A3
18,100,144,41,8,Gray,RAL 7040,#8E98A3
18,100,145,40,8,Gray,RAL 7040,#8E98A3
18,100,146,39,8,Gray,RAL 7040,#8E98A3
18,100,147,38,8,Gray,RAL 7040,#8E98A3
18,100,148,37,8,Gray,RAL 7040,#8E98A3
18,100,149,36,8,Gray,RAL 7040,#8E98A3
18,100,150,35,8,Gray,RAL 7040,#8E98A3
18,100,151,34,8,Gray,RAL 7040,#8E98A3
18,100,152,33,8,Gray,RAL 7040,#8E98A3
18,100,153,32,8,Gray,RAL 7040,#8E98A3
18,100,154,31,8,Gray,RAL 7040,#8E98A3
18,100,155,30,8,Gray,RAL 7040,#8E98A3
18,100,156,29,8,Gray,RAL 7040,#8E98A3
18,100,157,28,8,Gray,RAL 7040,#8E98A3
18,100,158,27,8,Gray,RAL 7040,#8E98A3
18,100,159,26,8,Gray,RAL 7040,#8E98A3
18,100,160,25,8,Gray,RAL 7040,#8E98A3
18,100,161,24,8,Gray,RAL 7040,#8E98A3
18,100,162,23,8,Gray,RAL 7040,#8E98A3
18,100,163,22,8,Gray,RAL 7040,#8E98A3
18,100,164,21,8,Gray,RAL 7040,#8E98A3
18,100,165,20,8,Gray,RAL 7040,#8E98A3
18,100,166,19,8,Gray,RAL 7040,#8E98A3
18,100,167,18,8,Gray,RAL 7040,#8E98A3
18,100,168,17,8,Gray,RAL 7040,#8E98A3
18,100,169,16,8,Gray,RAL 7040,#8E98A3
18,100,170,15,8,Gray,RAL 7040,#8E98A3
18,100,171,14,8,Gray,RAL 7040,#8E98A3
18,100,172,13,8,Gray,RAL 7040,#8E98A3
18,100,173,12,8,Gray,RAL 7040,#8E98A3
18,100,174,11,8,Gray,RAL 7040,#8E98A3
18,100,175,10,8,Gray,RAL 7040,#8E98A3
18,100,176,9,8,Gray,RAL 7040,#8E98A3
18,100,177,8,8,Gray,RAL 7040,#8E98A3
18,100,178,7,8,Gray,RAL 7040,#8E98A3
18,100,179,6,8,Gray,RAL 7040,#8E98A3
18,100,180,5,8,Gray,RAL 7040,#8E98A3
18,100,181,4,8,Gray,RAL 7040,#8E98A3
18,100,182,3,8,Gray,RAL 7040,#8E98A3
18,100,183,2,8,Gray,RAL 7040,#8E98A3
18,100,184,1,8,Gray,RAL 7040,#8E98A3
19,99,1,184,2,Black,RAL 9005,#111111
19,99,2,183,2,Black,RAL 9005,#111111
19,99,3,182,2,Black,RAL 9005,#111111
19,99,4,181,2,Black,RAL 9005,#111111
19,99,5,180,2,Black,RAL 9005,#111111
19,99,6,179,2,Black,RAL 9005,#111111
19,99,7,178,2,Black,RAL 9005,#111111
19,99,8,177,2,Black,RAL 9005,#111111
19,99,9,176,2,Black,RAL 9005,#111111
19,99,10,175,2,Black,RAL 9005,#111111
19,99,11,174,2,Black,RAL 9005,#111111
19,99,12,173,2,Black,RAL 9005,#111111
19,99,13,172,2,Black,RAL 9005,#111111
19,99,14,171,2,Black,RAL 9005,#111111
19,99,15,170,2,Black,RAL 9005,#111111
19,99,16,169,2,Black,RAL 9005,#111111
19,99,17,168,2,Black,RAL 9005,#111111
19,99,18,167,2,Black,RAL 9005,#111111
19,99,19,166,2,Black,RAL 9005,#111111
19,99,20,165,2,Black,RAL 9005,#111111
19,99,21,164,2,Black,RAL 9005,#111111
19,99,22,163,2,Black,RAL 9005,#111111
19,99,23,162,2,Black,RAL 9005,#111111
19,99,24,161,2,Black,RAL 9005,#111111
19,99,25,160,2,Black,RAL 9005,#111111
19,99,26,159,2,Black,RAL 9005,#111111
19,99,27,158,2,Black,RAL 9005,#111111
19,99,28,157,2,Black,RAL 9005,#111111
19,99,29,156,2,Black,RAL 9005,#111111
19,99,30,155,2,Black,RAL 9005,#111111
19,99,31,154,2,Black,RAL 9005,#111111
19,99,32,153,2,Black,RAL 9005,#111111
19,99,33,152,2,Black,RAL 9005,#111111
19,99,34,151,2,Black,RAL 9005,#111111
19,99,35,150,2,Black,RAL 9005,#111111
19,99,36,149,2,Black,RAL 9005,#111111
19,99,37,148,2,Black,RAL 9005,#111111
19,99,38,147,2,Black,RAL 9005,#111111
19,99,39,146,2,Black,RAL 9005,#111111
19,99,40,145,2,Black,RAL 9005,#111111
19,99,41,144,2,Black,RAL 9005,#111111
19,99,42,143,2,Black,RAL 9005,#111111
19,99,43,142,2,Black,RAL 9005,#111111
19,99,44,141,2,Black,RAL 9005,#111111
19,99,45,140,2,Black,RAL 9005,#111111
19,99,46,139,2,Black,RAL 9005,#111111
19,99,47,138,2,Black,RAL 9005,#111111
19,99,48,137,2,Black,RAL 9005,#111111
19,99,49,136,2,Black,RAL 9005,#111111
19,99,50,135,2,Black,RAL 9005,#111111
19,99,51,134,2,Black,RAL 9005,#111111
19,99,52,133,2,Black,RAL 9005,#111111
19,99,53,132,2,Black,RAL 9005,#111111
19,99,54,131,2,Black,RAL 9005,#111111
19,99,55,130,2,Black,RAL 9005,#111111
19,99,56,129,2,Black,RAL 9005,#111111
19,99,57,128,2,Black,RAL 9005,#111111
19,99,58,127,2,Black,RAL 9005,#111111
19,99,59,126,2,Black,RAL 9005,#111111
19,99,60,125,2,Black,RAL 9005,#111111
19,99,61,124,2,Black,RAL 9005,#111111
19,99,62,123,2,Black,RAL 9005,#111111
19,99,63,122,2,Black,RAL 9005,#111111
19,99,64,121,2,Black,RAL 9005,#111111
19,99,65,120,2,Black,RAL 9005,#111111
19,99,66,119,2,Black,RAL 9005,#111111
19,99,67,118,2,Black,RAL 9005,#111111
19,99,68,117,2,Black,RAL 9005,#111111
19,99,69,116,2,Black,RAL 9005,#111111
19,99,70,115,2,Black,RAL 9005,#111111
19,99,71,114,2,Black,RAL 9005,#111111
19,99,72,113,2,Black,RAL 9005,#111111
19,99,73,112,2,Black,RAL 9005,#111111
19,99,74,111,2,Black,RAL 9005,#111111
19,99,75,110,2,Black,RAL 9005,#111111
19,99,76,109,2,Black,RAL 9005,#111111
19,99,77,108,2,Black,RAL 9005,#111111
19,99,78,107,2,Black,RAL 9005,#111111
19,99,79,106,2,Black,RAL 9005,#111111
19,99,80,105,2,Black,RAL 9005,#111111
19,99,81,104,2,Black,RAL 9005,#111111
19,99,82,103,2,Black,RAL 9005,#111111
19,99,83,102,2,Black,RAL 9005,#111111
19,99,84,101,2,Black,RAL 9005,#111111
19,99,85,100,2,Black,RAL 9005,#111111
19,99,86,99,2,Black,RAL 9005,#111111
19,99,87,98,2,Black,RAL 9005,#111111
19,99,88,97,2,Black,RAL 9005,#111111
19,99,89,96,2,Black,RAL 9005,#111111
19,99,90,95,2,Black,RAL 9005,#111111
19,99,91,94,2,Black,RAL 9005,#111111
19,99,92,93,2,Black,RAL 9005,#111111
19,99,93,92,2,Black,RAL 9005,#111111
19,99,94,91,2,Black,RAL 9005,#111111
19,99,95,90,2,Black,RAL 9005,#111111
19,99,96,89,2,Black,RAL 9005,#111111
19,99,97,88,2,Black,RAL 9005,#111111
19,99,98,87,2,Black,RAL 9005,#111111
19,99,99,86,2,Black,RAL 9005,#111111
19,99,100,85,2,Black,RAL 9005,#111111
19,99,101,84,2,Black,RAL 9005,#111111
19,99,102,83,2,Black,RAL 9005,#111111
19,99,103,82,2,Black,RAL 9005,#111111
19,99,104,81,2,Black,RAL 9005,#111111
19,99,105,80,2,Black,RAL 9005,#111111
19,99,106,79,2,Black,RAL 9005,#111111
19,99,107,78,2,Black,RAL 9005,#111111
19,99,108,77,2,Black,RAL 9005,#111111
19,99,109,76,2,Black,RAL 9005,#111111
19,99,110,75,2,Black,RAL 9005,#111111
19,99,111,74,2,Black,RAL 9005,#111111
19,99,112,73,2,Black,RAL 9005,#111111
19,99,113,72,2,Black,RAL 9005,#111111
19,99,114,71,2,Black,RAL 9005,#111111
19,99,115,70,2,Black,RAL 9005,#111111
19,99,116,69,2,Black,RAL 9005,#111111
19,99,117,68,2,Black,RAL 9005,#111111
19,99,118,67,2,Black,RAL 9005,#111111
19,99,119,66,2,Black,RAL 9005,#111111
19,99,120,65,2,Black,RAL 9005,#111111
19,99,121,64,2,Black,RAL 9005,#111111
19,99,122,63,2,Black,RAL 9005,#111111
19,99,123,62,2,Black,RAL 9005,#111111
19,99,124,61,2,Black,RAL 9005,#111111
19,99,125,60,2,Black,RAL 9005,#111111
19,99,126,59,2,Black,RAL 9005,#111111
19,99,127,58,2,Black,RAL 9005,#111111
19,99,128,57,2,Black,RAL 9005,#111111
19,99,129,56,2,Black,RAL 9005,#111111
19,99,130,55,2,Black,RAL 9005,#111111
19,99,131,54,2,Black,RAL 9005,#111111
19,99,132,53,2,Black,RAL 9005,#111111
19,99,133,52,2,Black,RAL 9005,#111111
19,99,134,51,8,Gray,RAL 7040,#8E98A3
19,99,135,50,8,Gray,RAL 7040,#8E98A3
19,99,136,49,8,Gray,RAL 7040,#8E98A3
19,99,137,48,8,Gray,RAL 7040,#8E98A3
19,99,138,47,8,Gray,RAL 7040,#8E98A3
19,99,139,46,8,Gray,RAL 7040,#8E98A3
19,99,140,45,8,Gray,RAL 7040,#8E98A3
19,99,141,44,8,Gray,RAL 7040,#8E98A3
19,99,142,43,8,Gray,RAL 7040,#8E98A3
19,99,143,42,8,Gray,RAL 7040,#8E98A3
19,99,144,41,8,Gray,RAL 7040,#8E98A3
19,99,145,40,8,Gray,RAL 7040,#8E98A3
19,99,146,39,8,Gray,RAL 7040,#8E98A3
19,99,147,38,8,Gray,RAL 7040,#8E98A3
19,99,148,37,8,Gray,RAL 7040,#8E98A3
19,99,149,36,8,Gray,RAL 7040,#8E98A3
19,99,150,35,8,Gray,RAL 7040,#8E98A3
19,99,151,34,8,Gray,RAL 7040,#8E98A3
19,99,152,33,8,Gray,RAL 7040,#8E98A3
19,99,153,32,8,Gray,RAL 7040,#8E98A3
19,99,154,31,8,Gray,RAL 7040,#8E98A3
19,99,155,30,8,Gray,RAL 7040,#8E98A3
19,99,156,29,8,Gray,RAL 7040,#8E98A3
19,99,157,28,8,Gray,RAL 7040,#8E98A3
19,99,158,27,8,Gray,RAL 7040,#8E98A3
19,99,159,26,8,Gray,RAL 7040,#8E98A3
19,99,160,25,8,Gray,RAL 7040,#8E98A3
19,99,161,24,8,Gray,RAL 7040,#8E98A3
19,99,162,23,8,Gray,RAL 7040,#8E98A3
19,99,163,22,8,Gray,RAL 7040,#8E98A3
19,99,164,21,8,Gray,RAL 7040,#8E98A3
19,99,165,20,8,Gray,RAL 7040,#8E98A3
19,99,166,19,8,Gray,RAL 7040,#8E98A3
19,99,167,18,8,Gray,RAL 7040,#8E98A3
19,99,168,17,8,Gray,RAL 7040,#8E98A3
19,99,169,16,8,Gray,RAL 7040,#8E98A3
19,99,170,15,8,Gray,RAL 7040,#8E98A3
19,99,171,14,8,Gray,RAL 7040,#8E98A3
19,99,172,13,8,Gray,RAL 7040,#8E98A3
19,99,173,12,8,Gray,RAL 7040,#8E98A3
19,99,174,11,8,Gray,RAL 7040,#8E98A3
19,99,175,10,8,Gray,RAL 7040,#8E98A3
19,99,176,9,8,Gray,RAL 7040,#8E98A3
19,99,177,8,8,Gray,RAL 7040,#8E98A3
19,99,178,7,8,Gray,RAL 7040,#8E98A3
19,99,179,6,8,Gray,RAL 7040,#8E98A3
19,99,180,5,8,Gray,RAL 7040,#8E98A3
19,99,181,4,8,Gray,RAL 7040,#8E98A3
19,99,182,3,8,Gray,RAL 7040,#8E98A3
19,99,183,2,8,Gray,RAL 7040,#8E98A3
19,99,184,1,8,Gray,RAL 7040,#8E98A3
20,98,1,184,2,Black,RAL 9005,#111111
20,98,2,183,2,Black,RAL 9005,#111111
20,98,3,182,2,Black,RAL 9005,#111111
20,98,4,181,2,Black,RAL 9005,#111111
20,98,5,180,2,Black,RAL 9005,#111111
20,98,6,179,2,Black,RAL 9005,#111111
20,98,7,178,2,Black,RAL 9005,#111111
20,98,8,177,2,Black,RAL 9005,#111111
20,98,9,176,2,Black,RAL 9005,#111111
20,98,10,175,2,Black,RAL 9005,#111111
20,98,11,174,2,Black,RAL 9005,#111111
20,98,12,173,2,Black,RAL 9005,#111111
20,98,13,172,2,Black,RAL 9005,#111111
20,98,14,171,2,Black,RAL 9005,#111111
20,98,15,170,2,Black,RAL 9005,#111111
20,98,16,169,2,Black,RAL 9005,#111111
20,98,17,168,2,Black,RAL 9005,#111111
20,98,18,167,2,Black,RAL 9005,#111111
20,98,19,166,2,Black,RAL 9005,#111111
20,98,20,165,2,Black,RAL 9005,#111111
20,98,21,164,2,Black,RAL 9005,#111111
20,98,22,163,2,Black,RAL 9005,#111111
20,98,23,162,2,Black,RAL 9005,#111111
20,98,24,161,2,Black,RAL 9005,#111111
20,98,25,160,2,Black,RAL 9005,#111111
20,98,26,159,2,Black,RAL 9005,#111111
20,98,27,158,2,Black,RAL 9005,#111111
20,98,28,157,2,Black,RAL 9005,#111111
20,98,29,156,2,Black,RAL 9005,#111111
20,98,30,155,2,Black,RAL 9005,#111111
20,98,31,154,2,Black,RAL 9005,#111111
20,98,32,153,2,Black,RAL 9005,#111111
20,98,33,152,2,Black,RAL 9005,#111111
20,98,34,151,2,Black,RAL 9005,#111111
20,98,35,150,2,Black,RAL 9005,#111111
20,98,36,149,2,Black,RAL 9005,#111111
20,98,37,148,2,Black,RAL 9005,#111111
20,98,38,147,2,Black,RAL 9005,#111111
20,98,39,146,2,Black,RAL 9005,#111111
20,98,40,145,2,Black,RAL 9005,#111111
20,98,41,144,2,Black,RAL 9005,#111111
20,98,42,143,2,Black,RAL 9005,#111111
20,98,43,142,2,Black,RAL 9005,#111111
20,98,44,141,2,Black,RAL 9005,#111111
20,98,45,140,2,Black,RAL 9005,#111111
20,98,46,139,2,Black,RAL 9005,#111111
20,98,47,138,2,Black,RAL 9005,#111111
20,98,48,137,2,Black,RAL 9005,#111111
20,98,49,136,2,Black,RAL 9005,#111111
20,98,50,135,2,Black,RAL 9005,#111111
20,98,51,134,2,Black,RAL 9005,#111111
20,98,52,133,2,Black,RAL 9005,#111111
20,98,53,132,2,Black,RAL 9005,#111111
20,98,54,131,2,Black,RAL 9005,#111111
20,98,55,130,2,Black,RAL 9005,#111111
20,98,56,129,2,Black,RAL 9005,#111111
20,98,57,128,2,Black,RAL 9005,#111111
20,98,58,127,2,Black,RAL 9005,#111111
20,98,59,126,2,Black,RAL 9005,#111111
20,98,60,125,2,Black,RAL 9005,#111111
20,98,61,124,2,Black,RAL 9005,#111111
20,98,62,123,2,Black,RAL 9005,#111111
20,98,63,122,2,Black,RAL 9005,#111111
20,98,64,121,2,Black,RAL 9005,#111111
20,98,65,120,2,Black,RAL 9005,#111111
20,98,66,119,2,Black,RAL 9005,#111111
20,98,67,118,2,Black,RAL 9005,#111111
20,98,68,117,2,Black,RAL 9005,#111111
20,98,69,116,2,Black,RAL 9005,#111111
20,98,70,115,2,Black,RAL 9005,#111111
20,98,71,114,2,Black,RAL 9005,#111111
20,98,72,113,2,Black,RAL 9005,#111111
20,98,73,112,2,Black,RAL 9005,#111111
20,98,74,111,2,Black,RAL 9005,#111111
20,98,75,110,2,Black,RAL 9005,#111111
20,98,76,109,2,Black,RAL 9005,#111111
20,98,77,108,2,Black,RAL 9005,#111111
20,98,78,107,2,Black,RAL 9005,#111111
20,98,79,106,2,Black,RAL 9005,#111111
20,98,80,105,2,Black,RAL 9005,#111111
20,98,81,104,2,Black,RAL 9005,#111111
20,98,82,103,2,Black,RAL 9005,#111111
20,98,83,102,2,Black,RAL 9005,#111111
20,98,84,101,2,Black,RAL 9005,#111111
20,98,85,100,2,Black,RAL 9005,#111111
20,98,86,99,2,Black,RAL 9005,#111111
20,98,87,98,2,Black,RAL 9005,#111111
20,98,88,97,2,Black,RAL 9005,#111111
20,98,89,96,2,Black,RAL 9005,#111111
20,98,90,95,2,Black,RAL 9005,#111111
20,98,91,94,2,Black,RAL 9005,#111111
20,98,92,93,2,Black,RAL 9005,#111111
20,98,93,92,2,Black,RAL 9005,#111111
20,98,94,91,2,Black,RAL 9005,#111111
20,98,95,90,2,Black,RAL 9005,#111111
20,98,96,89,2,Black,RAL 9005,#111111
20,98,97,88,2,Black,RAL 9005,#111111
20,98,98,87,2,Black,RAL 9005,#111111
20,98,99,86,2,Black,RAL 9005,#111111
20,98,100,85,2,Black,RAL 9005,#111111
20,98,101,84,2,Black,RAL 9005,#111111
20,98,102,83,2,Black,RAL 9005,#111111
20,98,103,82,2,Black,RAL 9005,#111111
20,98,104,81,2,Black,RAL 9005,#111111
20,98,105,80,2,Black,RAL 9005,#111111
20,98,106,79,2,Black,RAL 9005,#111111
20,98,107,78,2,Black,RAL 9005,#111111
20,98,108,77,2,Black,RAL 9005,#111111
20,98,109,76,2,Black,RAL 9005,#111111
20,98,110,75,2,Black,RAL 9005,#111111
20,98,111,74,2,Black,RAL 9005,#111111
20,98,112,73,2,Black,RAL 9005,#111111
20,98,113,72,2,Black,RAL 9005,#111111
20,98,114,71,2,Black,RAL 9005,#111111
20,98,115,70,2,Black,RAL 9005,#111111
20,98,116,69,2,Black,RAL 9005,#111111
20,98,117,68,2,Black,RAL 9005,#111111
20,98,118,67,2,Black,RAL 9005,#111111
20,98,119,66,2,Black,RAL 9005,#111111
20,98,120,65,2,Black,RAL 9005,#111111
20,98,121,64,2,Black,RAL 9005,#111111
20,98,122,63,2,Black,RAL 9005,#111111
20,98,123,62,2,Black,RAL 9005,#111111
20,98,124,61,2,Black,RAL 9005,#111111
20,98,125,60,2,Black,RAL 9005,#111111
20,98,126,59,2,Black,RAL 9005,#111111
20,98,127,58,2,Black,RAL 9005,#111111
20,98,128,57,2,Black,RAL 9005,#111111
20,98,129,56,2,Black,RAL 9005,#111111
20,98,130,55,2,Black,RAL 9005,#111111
20,98,131,54,2,Black,RAL 9005,#111111
20,98,132,53,2,Black,RAL 9005,#111111
20,98,133,52,2,Black,RAL 9005,#111111
20,98,134,51,8,Gray,RAL 7040,#8E98A3
20,98,135,50,8,Gray,RAL 7040,#8E98A3
20,98,136,49,8,Gray,RAL 7040,#8E98A3
20,98,137,48,8,Gray,RAL 7040,#8E98A3
20,98,138,47,8,Gray,RAL 7040,#8E98A3
20,98,139,46,8,Gray,RAL 7040,#8E98A3
20,98,140,45,8,Gray,RAL 7040,#8E98A3
20,98,141,44,8,Gray,RAL 7040,#8E98A3
20,98,142,43,8,Gray,RAL 7040,#8E98A3
20,98,143,42,8,Gray,RAL 7040,#8E98A3
20,98,144,41,8,Gray,RAL 7040,#8E98A3
20,98,145,40,8,Gray,RAL 7040,#8E98A3
20,98,146,39,8,Gray,RAL 7040,#8E98A3
20,98,147,38,8,Gray,RAL 7040,#8E98A3
20,98,148,37,8,Gray,RAL 7040,#8E98A3
20,98,149,36,8,Gray,RAL 7040,#8E98A3
20,98,150,35,8,Gray,RAL 7040,#8E98A3
20,98,151,34,8,Gray,RAL 7040,#8E98A3
20,98,152,33,8,Gray,RAL 7040,#8E98A3
20,98,153,32,8,Gray,RAL 7040,#8E98A3
20,98,154,31,8,Gray,RAL 7040,#8E98A3
20,98,155,30,8,Gray,RAL 7040,#8E98A3
20,98,156,29,8,Gray,RAL 7040,#8E98A3
20,98,157,28,8,Gray,RAL 7040,#8E98A3
20,98,158,27,8,Gray,RAL 7040,#8E98A3
20,98,159,26,8,Gray,RAL 7040,#8E98A3
20,98,160,25,8,Gray,RAL 7040,#8E98A3
20,98,161,24,8,Gray,RAL 7040,#8E98A3
20,98,162,23,8,Gray,RAL 7040,#8E98A3
20,98,163,22,8,Gray,RAL 7040,#8E98A3
20,98,164,21,8,Gray,RAL 7040,#8E98A3
20,98,165,20,8,Gray,RAL 7040,#8E98A3
20,98,166,19,8,Gray,RAL 7040,#8E98A3
20,98,167,18,8,Gray,RAL 7040,#8E98A3
20,98,168,17,8,Gray,RAL 7040,#8E98A3
20,98,169,16,8,Gray,RAL 7040,#8E98A3
20,98,170,15,8,Gray,RAL 7040,#8E98A3
20,98,171,14,8,Gray,RAL 7040,#8E98A3
20,98,172,13,8,Gray,RAL 7040,#8E98A3
20,98,173,12,8,Gray,RAL 7040,#8E98A3
20,98,174,11,8,Gray,RAL 7040,#8E98A3
20,98,175,10,8,Gray,RAL 7040,#8E98A3
20,98,176,9,8,Gray,RAL 7040,#8E98A3
20,98,177,8,8,Gray,RAL 7040,#8E98A3
20,98,178,7,8,Gray,RAL 7040,#8E98A3
20,98,179,6,8,Gray,RAL 7040,#8E98A3
20,98,180,5,8,Gray,RAL 7040,#8E98A3
20,98,181,4,8,Gray,RAL 7040,#8E98A3
20,98,182,3,8,Gray,RAL 7040,#8E98A3
20,98,183,2,8,Gray,RAL 7040,#8E98A3
20,98,184,1,8,Gray,RAL 7040,#8E98A3
21,97,1,184,2,Black,RAL 9005,#111111
21,97,2,183,2,Black,RAL 9005,#111111
21,97,3,182,2,Black,RAL 9005,#111111
21,97,4,181,2,Black,RAL 9005,#111111
21,97,5,180,2,Black,RAL 9005,#111111
21,97,6,179,2,Black,RAL 9005,#111111
21,97,7,178,2,Black,RAL 9005,#111111
21,97,8,177,2,Black,RAL 9005,#111111
21,97,9,176,2,Black,RAL 9005,#111111
21,97,10,175,2,Black,RAL 9005,#111111
21,97,11,174,2,Black,RAL 9005,#111111
21,97,12,173,2,Black,RAL 9005,#111111
21,97,13,172,2,Black,RAL 9005,#111111
21,97,14,171,2,Black,RAL 9005,#111111
21,97,15,170,2,Black,RAL 9005,#111111
21,97,16,169,2,Black,RAL 9005,#111111
21,97,17,168,2,Black,RAL 9005,#111111
21,97,18,167,2,Black,RAL 9005,#111111
21,97,19,166,2,Black,RAL 9005,#111111
21,97,20,165,2,Black,RAL 9005,#111111
21,97,21,164,2,Black,RAL 9005,#111111
21,97,22,163,2,Black,RAL 9005,#111111
21,97,23,162,2,Black,RAL 9005,#111111
21,97,24,161,2,Black,RAL 9005,#111111
21,97,25,160,2,Black,RAL 9005,#111111
21,97,26,159,2,Black,RAL 9005,#111111
21,97,27,158,2,Black,RAL 9005,#111111
21,97,28,157,2,Black,RAL 9005,#111111
21,97,29,156,2,Black,RAL 9005,#111111
21,97,30,155,2,Black,RAL 9005,#111111
21,97,31,154,2,Black,RAL 9005,#111111
21,97,32,153,2,Black,RAL 9005,#111111
21,97,33,152,2,Black,RAL 9005,#111111
21,97,34,151,2,Black,RAL 9005,#111111
21,97,35,150,2,Black,RAL 9005,#111111
21,97,36,149,2,Black,RAL 9005,#111111
21,97,37,148,2,Black,RAL 9005,#111111
21,97,38,147,2,Black,RAL 9005,#111111
21,97,39,146,2,Black,RAL 9005,#111111
21,97,40,145,2,Black,RAL 9005,#111111
21,97,41,144,2,Black,RAL 9005,#111111
21,97,42,143,2,Black,RAL 9005,#111111
21,97,43,142,2,Black,RAL 9005,#111111
21,97,44,141,2,Black,RAL 9005,#111111
21,97,45,140,2,Black,RAL 9005,#111111
21,97,46,139,2,Black,RAL 9005,#111111
21,97,47,138,2,Black,RAL 9005,#111111
21,97,48,137,2,Black,RAL 9005,#111111
21,97,49,136,2,Black,RAL 9005,#111111
21,97,50,135,2,Black,RAL 9005,#111111
21,97,51,134,2,Black,RAL 9005,#111111
21,97,52,133,2,Black,RAL 9005,#111111
21,97,53,132,2,Black,RAL 9005,#111111
21,97,54,131,2,Black,RAL 9005,#111111
21,97,55,130,2,Black,RAL 9005,#111111
21,97,56,129,2,Black,RAL 9005,#111111
21,97,57,128,2,Black,RAL 9005,#111111
21,97,58,127,2,Black,RAL 9005,#111111
21,97,59,126,2,Black,RAL 9005,#111111
21,97,60,125,2,Black,RAL 9005,#111111
21,97,61,124,2,Black,RAL 9005,#111111
21,97,62,123,2,Black,RAL 9005,#111111
21,97,63,122,2,Black,RAL 9005,#111111
21,97,64,121,2,Black,RAL 9005,#111111
21,97,65,120,2,Black,RAL 9005,#111111
21,97,66,119,2,Black,RAL 9005,#111111
21,97,67,118,2,Black,RAL 9005,#111111
21,97,68,117,2,Black,RAL 9005,#111111
21,97,69,116,2,Black,RAL 9005,#111111
21,97,70,115,2,Black,RAL 9005,#111111
21,97,71,114,2,Black,RAL 9005,#111111
21,97,72,113,2,Black,RAL 9005,#111111
21,97,73,112,2,Black,RAL 9005,#111111
21,97,74,111,2,Black,RAL 9005,#111111
21,97,75,110,2,Black,RAL 9005,#111111
21,97,76,109,2,Black,RAL 9005,#111111
21,97,77,108,2,Black,RAL 9005,#111111
21,97,78,107,2,Black,RAL 9005,#111111
21,97,79,106,2,Black,RAL 9005,#111111
21,97,80,105,2,Black,RAL 9005,#111111
21,97,81,104,2,Black,RAL 9005,#111111
21,97,82,103,2,Black,RAL 9005,#111111
21,97,83,102,2,Black,RAL 9005,#111111
21,97,84,101,2,Black,RAL 9005,#111111
21,97,85,100,2,Black,RAL 9005,#111111
21,97,86,99,2,Black,RAL 9005,#111111
21,97,87,98,2,Black,RAL 9005,#111111
21,97,88,97,2,Black,RAL 9005,#111111
21,97,89,96,2,Black,RAL 9005,#111111
21,97,90,95,2,Black,RAL 9005,#111111
21,97,91,94,2,Black,RAL 9005,#111111
21,97,92,93,2,Black,RAL 9005,#111111
21,97,93,92,2,Black,RAL 9005,#111111
21,97,94,91,2,Black,RAL 9005,#111111
21,97,95,90,2,Black,RAL 9005,#111111
21,97,96,89,2,Black,RAL 9005,#111111
21,97,97,88,2,Black,RAL 9005,#111111
21,97,98,87,2,Black,RAL 9005,#111111
21,97,99,86,2,Black,RAL 9005,#111111
21,97,100,85,2,Black,RAL 9005,#111111
21,97,101,84,2,Black,RAL 9005,#111111
21,97,102,83,2,Black,RAL 9005,#111111
21,97,103,82,2,Black,RAL 9005,#111111
21,97,104,81,2,Black,RAL 9005,#111111
21,97,105,80,2,Black,RAL 9005,#111111
21,97,106,79,2,Black,RAL 9005,#111111
21,97,107,78,2,Black,RAL 9005,#111111
21,97,108,77,2,Black,RAL 9005,#111111
21,97,109,76,2,Black,RAL 9005,#111111
21,97,110,75,2,Black,RAL 9005,#111111
21,97,111,74,2,Black,RAL 9005,#111111
21,97,112,73,2,Black,RAL 9005,#111111
21,97,113,72,2,Black,RAL 9005,#111111
21,97,114,71,2,Black,RAL 9005,#111111
21,97,115,70,2,Black,RAL 9005,#111111
21,97,116,69,2,Black,RAL 9005,#111111
21,97,117,68,2,Black,RAL 9005,#111111
21,97,118,67,2,Black,RAL 9005,#111111
21,97,119,66,2,Black,RAL 9005,#111111
21,97,120,65,2,Black,RAL 9005,#111111
21,97,121,64,2,Black,RAL 9005,#111111
21,97,122,63,2,Black,RAL 9005,#111111
21,97,123,62,2,Black,RAL 9005,#111111
21,97,124,61,2,Black,RAL 9005,#111111
21,97,125,60,2,Black,RAL 9005,#111111
21,97,126,59,2,Black,RAL 9005,#111111
21,97,127,58,2,Black,RAL 9005,#111111
21,97,128,57,2,Black,RAL 9005,#111111
21,97,129,56,2,Black,RAL 9005,#111111
21,97,130,55,2,Black,RAL 9005,#111111
21,97,131,54,2,Black,RAL 9005,#111111
21,97,132,53,2,Black,RAL 9005,#111111
21,97,133,52,8,Gray,RAL 7040,#8E98A3
21,97,134,51,8,Gray,RAL 7040,#8E98A3
21,97,135,50,8,Gray,RAL 7040,#8E98A3
21,97,136,49,8,Gray,RAL 7040,#8E98A3
21,97,137,48,8,Gray,RAL 7040,#8E98A3
21,97,138,47,8,Gray,RAL 7040,#8E98A3
21,97,139,46,8,Gray,RAL 7040,#8E98A3
21,97,140,45,8,Gray,RAL 7040,#8E98A3
21,97,141,44,8,Gray,RAL 7040,#8E98A3
21,97,142,43,8,Gray,RAL 7040,#8E98A3
21,97,143,42,8,Gray,RAL 7040,#8E98A3
21,97,144,41,8,Gray,RAL 7040,#8E98A3
21,97,145,40,8,Gray,RAL 7040,#8E98A3
21,97,146,39,8,Gray,RAL 7040,#8E98A3
21,97,147,38,8,Gray,RAL 7040,#8E98A3
21,97,148,37,8,Gray,RAL 7040,#8E98A3
21,97,149,36,8,Gray,RAL 7040,#8E98A3
21,97,150,35,8,Gray,RAL 7040,#8E98A3
21,97,151,34,8,Gray,RAL 7040,#8E98A3
21,97,152,33,8,Gray,RAL 7040,#8E98A3
21,97,153,32,8,Gray,RAL 7040,#8E98A3
21,97,154,31,8,Gray,RAL 7040,#8E98A3
21,97,155,30,8,Gray,RAL 7040,#8E98A3
21,97,156,29,8,Gray,RAL 7040,#8E98A3
21,97,157,28,8,Gray,RAL 7040,#8E98A3
21,97,158,27,8,Gray,RAL 7040,#8E98A3
21,97,159,26,8,Gray,RAL 7040,#8E98A3
21,97,160,25,8,Gray,RAL 7040,#8E98A3
21,97,161,24,8,Gray,RAL 7040,#8E98A3
21,97,162,23,8,Gray,RAL 7040,#8E98A3
21,97,163,22,8,Gray,RAL 7040,#8E98A3
21,97,164,21,8,Gray,RAL 7040,#8E98A3
21,97,165,20,8,Gray,RAL 7040,#8E98A3
21,97,166,19,8,Gray,RAL 7040,#8E98A3
21,97,167,18,8,Gray,RAL 7040,#8E98A3
21,97,168,17,8,Gray,RAL 7040,#8E98A3
21,97,169,16,8,Gray,RAL 7040,#8E98A3
21,97,170,15,8,Gray,RAL 7040,#8E98A3
21,97,171,14,8,Gray,RAL 7040,#8E98A3
21,97,172,13,8,Gray,RAL 7040,#8E98A3
21,97,173,12,8,Gray,RAL 7040,#8E98A3
21,97,174,11,8,Gray,RAL 7040,#8E98A3
21,97,175,10,8,Gray,RAL 7040,#8E98A3
21,97,176,9,8,Gray,RAL 7040,#8E98A3
21,97,177,8,8,Gray,RAL 7040,#8E98A3
21,97,178,7,8,Gray,RAL 7040,#8E98A3
21,97,179,6,8,Gray,RAL 7040,#8E98A3
21,97,180,5,8,Gray,RAL 7040,#8E98A3
21,97,181,4,8,Gray,RAL 7040,#8E98A3
21,97,182,3,8,Gray,RAL 7040,#8E98A3
21,97,183,2,8,Gray,RAL 7040,#8E98A3
21,97,184,1,8,Gray,RAL 7040,#8E98A3
22,96,1,184,2,Black,RAL 9005,#111111
22,96,2,183,2,Black,RAL 9005,#111111
22,96,3,182,2,Black,RAL 9005,#111111
22,96,4,181,2,Black,RAL 9005,#111111
22,96,5,180,2,Black,RAL 9005,#111111
22,96,6,179,2,Black,RAL 9005,#111111
22,96,7,178,2,Black,RAL 9005,#111111
22,96,8,177,2,Black,RAL 9005,#111111
22,96,9,176,2,Black,RAL 9005,#111111
22,96,10,175,2,Black,RAL 9005,#111111
22,96,11,174,2,Black,RAL 9005,#111111
22,96,12,173,2,Black,RAL 9005,#111111
22,96,13,172,2,Black,RAL 9005,#111111
22,96,14,171,2,Black,RAL 9005,#111111
22,96,15,170,2,Black,RAL 9005,#111111
22,96,16,169,2,Black,RAL 9005,#111111
22,96,17,168,2,Black,RAL 9005,#111111
22,96,18,167,2,Black,RAL 9005,#111111
22,96,19,166,2,Black,RAL 9005,#111111
22,96,20,165,2,Black,RAL 9005,#111111
22,96,21,164,2,Black,RAL 9005,#111111
22,96,22,163,2,Black,RAL 9005,#111111
22,96,23,162,2,Black,RAL 9005,#111111
22,96,24,161,2,Black,RAL 9005,#111111
22,96,25,160,2,Black,RAL 9005,#111111
22,96,26,159,2,Black,RAL 9005,#111111
22,96,27,158,2,Black,RAL 9005,#111111
22,96,28,157,2,Black,RAL 9005,#111111
22,96,29,156,2,Black,RAL 9005,#111111
22,96,30,155,2,Black,RAL 9005,#111111
22,96,31,154,2,Black,RAL 9005,#111111
22,96,32,153,2,Black,RAL 9005,#111111
22,96,33,152,2,Black,RAL 9005,#111111
22,96,34,151,2,Black,RAL 9005,#111111
22,96,35,150,2,Black,RAL 9005,#111111
22,96,36,149,2,Black,RAL 9005,#111111
22,96,37,148,2,Black,RAL 9005,#111111
22,96,38,147,2,Black,RAL 9005,#111111
22,96,39,146,2,Black,RAL 9005,#111111
22,96,40,145,2,Black,RAL 9005,#111111
22,96,41,144,2,Black,RAL 9005,#111111
22,96,42,143,2,Black,RAL 9005,#111111
22,96,43,142,2,Black,RAL 9005,#111111
22,96,44,141,2,Black,RAL 9005,#111111
22,96,45,140,2,Black,RAL 9005,#111111
22,96,46,139,2,Black,RAL 9005,#111111
22,96,47,138,2,Black,RAL 9005,#111111
22,96,48,137,2,Black,RAL 9005,#111111
22,96,49,136,2,Black,RAL 9005,#111111
22,96,50,135,2,Black,RAL 9005,#111111
22,96,51,134,2,Black,RAL 9005,#111111
22,96,52,133,2,Black,RAL 9005,#111111
22,96,53,132,2,Black,RAL 9005,#111111
22,96,54,131,2,Black,RAL 9005,#111111
22,96,55,130,2,Black,RAL 9005,#111111
22,96,56,129,2,Black,RAL 9005,#111111
22,96,57,128,2,Black,RAL 9005,#111111
22,96,58,127,2,Black,RAL 9005,#111111
22,96,59,126,2,Black,RAL 9005,#111111
22,96,60,125,2,Black,RAL 9005,#111111
22,96,61,124,2,Black,RAL 9005,#111111
22,96,62,123,2,Black,RAL 9005,#111111
22,96,63,122,2,Black,RAL 9005,#111111
22,96,64,121,2,Black,RAL 9005,#111111
22,96,65,120,2,Black,RAL 9005,#111111
22,96,66,119,2,Black,RAL 9005,#111111
22,96,67,118,2,Black,RAL 9005,#111111
22,96,68,117,2,Black,RAL 9005,#111111
22,96,69,116,2,Black,RAL 9005,#111111
22,96,70,115,2,Black,RAL 9005,#111111
22,96,71,114,2,Black,RAL 9005,#111111
22,96,72,113,2,Black,RAL 9005,#111111
22,96,73,112,2,Black,RAL 9005,#111111
22,96,74,111,2,Black,RAL 9005,#111111
22,96,75,110,2,Black,RAL 9005,#111111
22,96,76,109,2,Black,RAL 9005,#111111
22,96,77,108,2,Black,RAL 9005,#111111
22,96,78,107,2,Black,RAL 9005,#111111
22,96,79,106,2,Black,RAL 9005,#111111
22,96,80,105,2,Black,RAL 9005,#111111
22,96,81,104,2,Black,RAL 9005,#111111
22,96,82,103,2,Black,RAL 9005,#111111
22,96,83,102,2,Black,RAL 9005,#111111
22,96,84,101,2,Black,RAL 9005,#111111
22,96,85,100,2,Black,RAL 9005,#111111
22,96,86,99,2,Black,RAL 9005,#111111
22,96,87,98,2,Black,RAL 9005,#111111
22,96,88,97,2,Black,RAL 9005,#111111
22,96,89,96,2,Black,RAL 9005,#111111
22,96,90,95,2,Black,RAL 9005,#111111
22,96,91,94,2,Black,RAL 9005,#111111
22,96,92,93,2,Black,RAL 9005,#111111
22,96,93,92,2,Black,RAL 9005,#111111
22,96,94,91,2,Black,RAL 9005,#111111
22,96,95,90,2,Black,RAL 9005,#111111
22,96,96,89,2,Black,RAL 9005,#111111
22,96,97,88,2,Black,RAL 9005,#111111
22,96,98,87,2,Black,RAL 9005,#111111
22,96,99,86,2,Black,RAL 9005,#111111
22,96,100,85,2,Black,RAL 9005,#111111
22,96,101,84,2,Black,RAL 9005,#111111
22,96,102,83,2,Black,RAL 9005,#111111
22,96,103,82,2,Black,RAL 9005,#111111
22,96,104,81,2,Black,RAL 9005,#111111
22,96,105,80,2,Black,RAL 9005,#111111
22,96,106,79,2,Black,RAL 9005,#111111
22,96,107,78,2,Black,RAL 9005,#111111
22,96,108,77,2,Black,RAL 9005,#111111
22,96,109,76,2,Black,RAL 9005,#111111
22,96,110,75,2,Black,RAL 9005,#111111
22,96,111,74,2,Black,RAL 9005,#111111
22,96,112,73,2,Black,RAL 9005,#111111
22,96,113,72,2,Black,RAL 9005,#111111
22,96,114,71,2,Black,RAL 9005,#111111
22,96,115,70,2,Black,RAL 9005,#111111
22,96,116,69,2,Black,RAL 9005,#111111
22,96,117,68,2,Black,RAL 9005,#111111
22,96,118,67,2,Black,RAL 9005,#111111
22,96,119,66,2,Black,RAL 9005,#111111
22,96,120,65,2,Black,RAL 9005,#111111
22,96,121,64,2,Black,RAL 9005,#111111
22,96,122,63,2,Black,RAL 9005,#111111
22,96,123,62,2,Black,RAL 9005,#111111
22,96,124,61,2,Black,RAL 9005,#111111
22,96,125,60,2,Black,RAL 9005,#111111
22,96,126,59,2,Black,RAL 9005,#111111
22,96,127,58,2,Black,RAL 9005,#111111
22,96,128,57,2,Black,RAL 9005,#111111
22,96,129,56,2,Black,RAL 9005,#111111
22,96,130,55,2,Black,RAL 9005,#111111
22,96,131,54,2,Black,RAL 9005,#111111
22,96,132,53,2,Black,RAL 9005,#111111
22,96,133,52,8,Gray,RAL 7040,#8E98A3
22,96,134,51,8,Gray,RAL 7040,#8E98A3
22,96,135,50,8,Gray,RAL 7040,#8E98A3
22,96,136,49,8,Gray,RAL 7040,#8E98A3
22,96,137,48,8,Gray,RAL 7040,#8E98A3
22,96,138,47,8,Gray,RAL 7040,#8E98A3
22,96,139,46,8,Gray,RAL 7040,#8E98A3
22,96,140,45,8,Gray,RAL 7040,#8E98A3
22,96,141,44,8,Gray,RAL 7040,#8E98A3
22,96,142,43,8,Gray,RAL 7040,#8E98A3
22,96,143,42,8,Gray,RAL 7040,#8E98A3
22,96,144,41,8,Gray,RAL 7040,#8E98A3
22,96,145,40,8,Gray,RAL 7040,#8E98A3
22,96,146,39,8,Gray,RAL 7040,#8E98A3
22,96,147,38,8,Gray,RAL 7040,#8E98A3
22,96,148,37,8,Gray,RAL 7040,#8E98A3
22,96,149,36,8,Gray,RAL 7040,#8E98A3
22,96,150,35,8,Gray,RAL 7040,#8E98A3
22,96,151,34,8,Gray,RAL 7040,#8E98A3
22,96,152,33,8,Gray,RAL 7040,#8E98A3
22,96,153,32,8,Gray,RAL 7040,#8E98A3
22,96,154,31,8,Gray,RAL 7040,#8E98A3
22,96,155,30,8,Gray,RAL 7040,#8E98A3
22,96,156,29,8,Gray,RAL 7040,#8E98A3
22,96,157,28,8,Gray,RAL 7040,#8E98A3
22,96,158,27,8,Gray,RAL 7040,#8E98A3
22,96,159,26,8,Gray,RAL 7040,#8E98A3
22,96,160,25,8,Gray,RAL 7040,#8E98A3
22,96,161,24,8,Gray,RAL 7040,#8E98A3
22,96,162,23,8,Gray,RAL 7040,#8E98A3
22,96,163,22,8,Gray,RAL 7040,#8E98A3
22,96,164,21,8,Gray,RAL 7040,#8E98A3
22,96,165,20,8,Gray,RAL 7040,#8E98A3
22,96,166,19,8,Gray,RAL 7040,#8E98A3
22,96,167,18,8,Gray,RAL 7040,#8E98A3
22,96,168,17,8,Gray,RAL 7040,#8E98A3
22,96,169,16,8,Gray,RAL 7040,#8E98A3
22,96,170,15,8,Gray,RAL 7040,#8E98A3
22,96,171,14,8,Gray,RAL 7040,#8E98A3
22,96,172,13,8,Gray,RAL 7040,#8E98A3
22,96,173,12,8,Gray,RAL 7040,#8E98A3
22,96,174,11,8,Gray,RAL 7040,#8E98A3
22,96,175,10,8,Gray,RAL 7040,#8E98A3
22,96,176,9,8,Gray,RAL 7040,#8E98A3
22,96,177,8,8,Gray,RAL 7040,#8E98A3
22,96,178,7,8,Gray,RAL 7040,#8E98A3
22,96,179,6,8,Gray,RAL 7040,#8E98A3
22,96,180,5,8,Gray,RAL 7040,#8E98A3
22,96,181,4,8,Gray,RAL 7040,#8E98A3
22,96,182,3,8,Gray,RAL 7040,#8E98A3
22,96,183,2,8,Gray,RAL 7040,#8E98A3
22,96,184,1,8,Gray,RAL 7040,#8E98A3
23,95,1,184,2,Black,RAL 9005,#111111
23,95,2,183,2,Black,RAL 9005,#111111
23,95,3,182,2,Black,RAL 9005,#111111
23,95,4,181,2,Black,RAL 9005,#111111
23,95,5,180,2,Black,RAL 9005,#111111
23,95,6,179,2,Black,RAL 9005,#111111
23,95,7,178,2,Black,RAL 9005,#111111
23,95,8,177,2,Black,RAL 9005,#111111
23,95,9,176,2,Black,RAL 9005,#111111
23,95,10,175,2,Black,RAL 9005,#111111
23,95,11,174,2,Black,RAL 9005,#111111
23,95,12,173,2,Black,RAL 9005,#111111
23,95,13,172,2,Black,RAL 9005,#111111
23,95,14,171,2,Black,RAL 9005,#111111
23,95,15,170,2,Black,RAL 9005,#111111
23,95,16,169,2,Black,RAL 9005,#111111
23,95,17,168,2,Black,RAL 9005,#111111
23,95,18,167,2,Black,RAL 9005,#111111
23,95,19,166,2,Black,RAL 9005,#111111
23,95,20,165,2,Black,RAL 9005,#111111
23,95,21,164,2,Black,RAL 9005,#111111
23,95,22,163,2,Black,RAL 9005,#111111
23,95,23,162,2,Black,RAL 9005,#111111
23,95,24,161,2,Black,RAL 9005,#111111
23,95,25,160,2,Black,RAL 9005,#111111
23,95,26,159,2,Black,RAL 9005,#111111
23,95,27,158,2,Black,RAL 9005,#111111
23,95,28,157,2,Black,RAL 9005,#111111
23,95,29,156,2,Black,RAL 9005,#111111
23,95,30,155,2,Black,RAL 9005,#111111
23,95,31,154,2,Black,RAL 9005,#111111
23,95,32,153,2,Black,RAL 9005,#111111
23,95,33,152,2,Black,RAL 9005,#111111
23,95,34,151,2,Black,RAL 9005,#111111
23,95,35,150,2,Black,RAL 9005,#111111
23,95,36,149,2,Black,RAL 9005,#111111
23,95,37,148,2,Black,RAL 9005,#111111
23,95,38,147,2,Black,RAL 9005,#111111
23,95,39,146,2,Black,RAL 9005,#111111
23,95,40,145,2,Black,RAL 9005,#111111
23,95,41,144,2,Black,RAL 9005,#111111
23,95,42,143,2,Black,RAL 9005,#111111
23,95,43,142,2,Black,RAL 9005,#111111
23,95,44,141,2,Black,RAL 9005,#111111
23,95,45,140,2,Black,RAL 9005,#111111
23,95,46,139,2,Black,RAL 9005,#111111
23,95,47,138,2,Black,RAL 9005,#111111
23,95,48,137,2,Black,RAL 9005,#111111
23,95,49,136,2,Black,RAL 9005,#111111
23,95,50,135,2,Black,RAL 9005,#111111
23,95,51,134,2,Black,RAL 9005,#111111
23,95,52,133,2,Black,RAL 9005,#111111
23,95,53,132,2,Black,RAL 9005,#111111
23,95,54,131,2,Black,RAL 9005,#111111
23,95,55,130,2,Black,RAL 9005,#111111
23,95,56,129,2,Black,RAL 9005,#111111
23,95,57,128,2,Black,RAL 9005,#111111
23,95,58,127,2,Black,RAL 9005,#111111
23,95,59,126,2,Black,RAL 9005,#111111
23,95,60,125,2,Black,RAL 9005,#111111
23,95,61,124,2,Black,RAL 9005,#111111
23,95,62,123,2,Black,RAL 9005,#111111
23,95,63,122,2,Black,RAL 9005,#111111
23,95,64,121,2,Black,RAL 9005,#111111
23,95,65,120,2,Black,RAL 9005,#111111
23,95,66,119,2,Black,RAL 9005,#111111
23,95,67,118,2,Black,RAL 9005,#111111
23,95,68,117,2,Black,RAL 9005,#111111
23,95,69,116,2,Black,RAL 9005,#111111
23,95,70,115,2,Black,RAL 9005,#111111
23,95,71,114,2,Black,RAL 9005,#111111
23,95,72,113,2,Black,RAL 9005,#111111
23,95,73,112,2,Black,RAL 9005,#111111
23,95,74,111,2,Black,RAL 9005,#111111
23,95,75,110,2,Black,RAL 9005,#111111
23,95,76,109,2,Black,RAL 9005,#111111
23,95,77,108,2,Black,RAL 9005,#111111
23,95,78,107,2,Black,RAL 9005,#111111
23,95,79,106,2,Black,RAL 9005,#111111
23,95,80,105,2,Black,RAL 9005,#111111
23,95,81,104,2,Black,RAL 9005,#111111
23,95,82,103,2,Black,RAL 9005,#111111
23,95,83,102,2,Black,RAL 9005,#111111
23,95,84,101,2,Black,RAL 9005,#111111
23,95,85,100,2,Black,RAL 9005,#111111
23,95,86,99,2,Black,RAL 9005,#111111
23,95,87,98,2,Black,RAL 9005,#111111
23,95,88,97,2,Black,RAL 9005,#111111
23,95,89,96,2,Black,RAL 9005,#111111
23,95,90,95,2,Black,RAL 9005,#111111
23,95,91,94,2,Black,RAL 9005,#111111
23,95,92,93,2,Black,RAL 9005,#111111
23,95,93,92,2,Black,RAL 9005,#111111
23,95,94,91,2,Black,RAL 9005,#111111
23,95,95,90,2,Black,RAL 9005,#111111
23,95,96,89,2,Black,RAL 9005,#111111
23,95,97,88,2,Black,RAL 9005,#111111
23,95,98,87,2,Black,RAL 9005,#111111
23,95,99,86,2,Black,RAL 9005,#111111
23,95,100,85,2,Black,RAL 9005,#111111
23,95,101,84,2,Black,RAL 9005,#111111
23,95,102,83,2,Black,RAL 9005,#111111
23,95,103,82,2,Black,RAL 9005,#111111
23,95,104,81,2,Black,RAL 9005,#111111
23,95,105,80,2,Black,RAL 9005,#111111
23,95,106,79,2,Black,RAL 9005,#111111
23,95,107,78,2,Black,RAL 9005,#111111
23,95,108,77,2,Black,RAL 9005,#111111
23,95,109,76,2,Black,RAL 9005,#111111
23,95,110,75,2,Black,RAL 9005,#111111
23,95,111,74,2,Black,RAL 9005,#111111
23,95,112,73,2,Black,RAL 9005,#111111
23,95,113,72,2,Black,RAL 9005,#111111
23,95,114,71,2,Black,RAL 9005,#111111
23,95,115,70,2,Black,RAL 9005,#111111
23,95,116,69,2,Black,RAL 9005,#111111
23,95,117,68,2,Black,RAL 9005,#111111
23,95,118,67,2,Black,RAL 9005,#111111
23,95,119,66,2,Black,RAL 9005,#111111
23,95,120,65,2,Black,RAL 9005,#111111
23,95,121,64,2,Black,RAL 9005,#111111
23,95,122,63,2,Black,RAL 9005,#111111
23,95,123,62,2,Black,RAL 9005,#111111
23,95,124,61,2,Black,RAL 9005,#111111
23,95,125,60,2,Black,RAL 9005,#111111
23,95,126,59,2,Black,RAL 9005,#111111
23,95,127,58,2,Black,RAL 9005,#111111
23,95,128,57,2,Black,RAL 9005,#111111
23,95,129,56,2,Black,RAL 9005,#111111
23,95,130,55,2,Black,RAL 9005,#111111
23,95,131,54,2,Black,RAL 9005,#111111
23,95,132,53,8,Gray,RAL 7040,#8E98A3
23,95,133,52,8,Gray,RAL 7040,#8E98A3
23,95,134,51,8,Gray,RAL 7040,#8E98A3
23,95,135,50,8,Gray,RAL 7040,#8E98A3
23,95,136,49,8,Gray,RAL 7040,#8E98A3
23,95,137,48,8,Gray,RAL 7040,#8E98A3
23,95,138,47,8,Gray,RAL 7040,#8E98A3
23,95,139,46,8,Gray,RAL 7040,#8E98A3
23,95,140,45,8,Gray,RAL 7040,#8E98A3
23,95,141,44,8,Gray,RAL 7040,#8E98A3
23,95,142,43,8,Gray,RAL 7040,#8E98A3
23,95,143,42,8,Gray,RAL 7040,#8E98A3
23,95,144,41,8,Gray,RAL 7040,#8E98A3
23,95,145,40,8,Gray,RAL 7040,#8E98A3
23,95,146,39,8,Gray,RAL 7040,#8E98A3
23,95,147,38,8,Gray,RAL 7040,#8E98A3
23,95,148,37,8,Gray,RAL 7040,#8E98A3
23,95,149,36,8,Gray,RAL 7040,#8E98A3
23,95,150,35,8,Gray,RAL 7040,#8E98A3
23,95,151,34,8,Gray,RAL 7040,#8E98A3
23,95,152,33,8,Gray,RAL 7040,#8E98A3
23,95,153,32,8,Gray,RAL 7040,#8E98A3
23,95,154,31,8,Gray,RAL 7040,#8E98A3
23,95,155,30,8,Gray,RAL 7040,#8E98A3
23,95,156,29,8,Gray,RAL 7040,#8E98A3
23,95,157,28,8,Gray,RAL 7040,#8E98A3
23,95,158,27,8,Gray,RAL 7040,#8E98A3
23,95,159,26,8,Gray,RAL 7040,#8E98A3
23,95,160,25,8,Gray,RAL 7040,#8E98A3
23,95,161,24,8,Gray,RAL 7040,#8E98A3
23,95,162,23,8,Gray,RAL 7040,#8E98A3
23,95,163,22,8,Gray,RAL 7040,#8E98A3
23,95,164,21,8,Gray,RAL 7040,#8E98A3
23,95,165,20,8,Gray,RAL 7040,#8E98A3
23,95,166,19,8,Gray,RAL 7040,#8E98A3
23,95,167,18,8,Gray,RAL 7040,#8E98A3
23,95,168,17,8,Gray,RAL 7040,#8E98A3
23,95,169,16,8,Gray,RAL 7040,#8E98A3
23,95,170,15,8,Gray,RAL 7040,#8E98A3
23,95,171,14,8,Gray,RAL 7040,#8E98A3
23,95,172,13,8,Gray,RAL 7040,#8E98A3
23,95,173,12,8,Gray,RAL 7040,#8E98A3
23,95,174,11,8,Gray,RAL 7040,#8E98A3
23,95,175,10,8,Gray,RAL 7040,#8E98A3
23,95,176,9,8,Gray,RAL 7040,#8E98A3
23,95,177,8,8,Gray,RAL 7040,#8E98A3
23,95,178,7,8,Gray,RAL 7040,#8E98A3
23,95,179,6,8,Gray,RAL 7040,#8E98A3
23,95,180,5,8,Gray,RAL 7040,#8E98A3
23,95,181,4,8,Gray,RAL 7040,#8E98A3
23,95,182,3,8,Gray,RAL 7040,#8E98A3
23,95,183,2,8,Gray,RAL 7040,#8E98A3
23,95,184,1,8,Gray,RAL 7040,#8E98A3
24,94,1,184,2,Black,RAL 9005,#111111
24,94,2,183,2,Black,RAL 9005,#111111
24,94,3,182,2,Black,RAL 9005,#111111
24,94,4,181,2,Black,RAL 9005,#111111
24,94,5,180,2,Black,RAL 9005,#111111
24,94,6,179,2,Black,RAL 9005,#111111
24,94,7,178,2,Black,RAL 9005,#111111
24,94,8,177,2,Black,RAL 9005,#111111
24,94,9,176,2,Black,RAL 9005,#111111
24,94,10,175,2,Black,RAL 9005,#111111
24,94,11,174,2,Black,RAL 9005,#111111
24,94,12,173,2,Black,RAL 9005,#111111
24,94,13,172,2,Black,RAL 9005,#111111
24,94,14,171,2,Black,RAL 9005,#111111
24,94,15,170,2,Black,RAL 9005,#111111
24,94,16,169,2,Black,RAL 9005,#111111
24,94,17,168,2,Black,RAL 9005,#111111
24,94,18,167,2,Black,RAL 9005,#111111
24,94,19,166,2,Black,RAL 9005,#111111
24,94,20,165,2,Black,RAL 9005,#111111
24,94,21,164,2,Black,RAL 9005,#111111
24,94,22,163,2,Black,RAL 9005,#111111
24,94,23,162,2,Black,RAL 9005,#111111
24,94,24,161,2,Black,RAL 9005,#111111
24,94,25,160,2,Black,RAL 9005,#111111
24,94,26,159,2,Black,RAL 9005,#111111
24,94,27,158,2,Black,RAL 9005,#111111
24,94,28,157,2,Black,RAL 9005,#111111
24,94,29,156,2,Black,RAL 9005,#111111
24,94,30,155,2,Black,RAL 9005,#111111
24,94,31,154,2,Black,RAL 9005,#111111
24,94,32,153,2,Black,RAL 9005,#111111
24,94,33,152,2,Black,RAL 9005,#111111
24,94,34,151,2,Black,RAL 9005,#111111
24,94,35,150,2,Black,RAL 9005,#111111
24,94,36,149,2,Black,RAL 9005,#111111
24,94,37,148,2,Black,RAL 9005,#111111
24,94,38,147,2,Black,RAL 9005,#111111
24,94,39,146,2,Black,RAL 9005,#111111
24,94,40,145,2,Black,RAL 9005,#111111
24,94,41,144,2,Black,RAL 9005,#111111
24,94,42,143,2,Black,RAL 9005,#111111
24,94,43,142,2,Black,RAL 9005,#111111
24,94,44,141,2,Black,RAL 9005,#111111
24,94,45,140,2,Black,RAL 9005,#111111
24,94,46,139,2,Black,RAL 9005,#111111
24,94,47,138,2,Black,RAL 9005,#111111
24,94,48,137,2,Black,RAL 9005,#111111
24,94,49,136,2,Black,RAL 9005,#111111
24,94,50,135,2,Black,RAL 9005,#111111
24,94,51,134,2,Black,RAL 9005,#111111
24,94,52,133,2,Black,RAL 9005,#111111
24,94,53,132,2,Black,RAL 9005,#111111
24,94,54,131,2,Black,RAL 9005,#111111
24,94,55,130,2,Black,RAL 9005,#111111
24,94,56,129,2,Black,RAL 9005,#111111
24,94,57,128,2,Black,RAL 9005,#111111
24,94,58,127,2,Black,RAL 9005,#111111
24,94,59,126,2,Black,RAL 9005,#111111
24,94,60,125,2,Black,RAL 9005,#111111
24,94,61,124,2,Black,RAL 9005,#111111
24,94,62,123,2,Black,RAL 9005,#111111
24,94,63,122,2,Black,RAL 9005,#111111
24,94,64,121,2,Black,RAL 9005,#111111
24,94,65,120,2,Black,RAL 9005,#111111
24,94,66,119,2,Black,RAL 9005,#111111
24,94,67,118,2,Black,RAL 9005,#111111
24,94,68,117,2,Black,RAL 9005,#111111
24,94,69,116,2,Black,RAL 9005,#111111
24,94,70,115,2,Black,RAL 9005,#111111
24,94,71,114,2,Black,RAL 9005,#111111
24,94,72,113,2,Black,RAL 9005,#111111
24,94,73,112,2,Black,RAL 9005,#111111
24,94,74,111,2,Black,RAL 9005,#111111
24,94,75,110,2,Black,RAL 9005,#111111
24,94,76,109,2,Black,RAL 9005,#111111
24,94,77,108,2,Black,RAL 9005,#111111
24,94,78,107,2,Black,RAL 9005,#111111
24,94,79,106,2,Black,RAL 9005,#111111
24,94,80,105,2,Black,RAL 9005,#111111
24,94,81,104,2,Black,RAL 9005,#111111
24,94,82,103,2,Black,RAL 9005,#111111
24,94,83,102,2,Black,RAL 9005,#111111
24,94,84,101,2,Black,RAL 9005,#111111
24,94,85,100,2,Black,RAL 9005,#111111
24,94,86,99,2,Black,RAL 9005,#111111
24,94,87,98,2,Black,RAL 9005,#111111
24,94,88,97,2,Black,RAL 9005,#111111
24,94,89,96,2,Black,RAL 9005,#111111
24,94,90,95,2,Black,RAL 9005,#111111
24,94,91,94,2,Black,RAL 9005,#111111
24,94,92,93,2,Black,RAL 9005,#111111
24,94,93,92,2,Black,RAL 9005,#111111
24,94,94,91,2,Black,RAL 9005,#111111
24,94,95,90,2,Black,RAL 9005,#111111
24,94,96,89,2,Black,RAL 9005,#111111
24,94,97,88,2,Black,RAL 9005,#111111
24,94,98,87,2,Black,RAL 9005,#111111
24,94,99,86,2,Black,RAL 9005,#111111
24,94,100,85,2,Black,RAL 9005,#111111
24,94,101,84,2,Black,RAL 9005,#111111
24,94,102,83,2,Black,RAL 9005,#111111
24,94,103,82,2,Black,RAL 9005,#111111
24,94,104,81,2,Black,RAL 9005,#111111
24,94,105,80,2,Black,RAL 9005,#111111
24,94,106,79,2,Black,RAL 9005,#111111
24,94,107,78,2,Black,RAL 9005,#111111
24,94,108,77,2,Black,RAL 9005,#111111
24,94,109,76,2,Black,RAL 9005,#111111
24,94,110,75,2,Black,RAL 9005,#111111
24,94,111,74,2,Black,RAL 9005,#111111
24,94,112,73,2,Black,RAL 9005,#111111
24,94,113,72,2,Black,RAL 9005,#111111
24,94,114,71,2,Black,RAL 9005,#111111
24,94,115,70,2,Black,RAL 9005,#111111
24,94,116,69,2,Black,RAL 9005,#111111
24,94,117,68,2,Black,RAL 9005,#111111
24,94,118,67,2,Black,RAL 9005,#111111
24,94,119,66,2,Black,RAL 9005,#111111
24,94,120,65,2,Black,RAL 9005,#111111
24,94,121,64,2,Black,RAL 9005,#111111
24,94,122,63,2,Black,RAL 9005,#111111
24,94,123,62,2,Black,RAL 9005,#111111
24,94,124,61,2,Black,RAL 9005,#111111
24,94,125,60,2,Black,RAL 9005,#111111
24,94,126,59,2,Black,RAL 9005,#111111
24,94,127,58,2,Black,RAL 9005,#111111
24,94,128,57,2,Black,RAL 9005,#111111
24,94,129,56,2,Black,RAL 9005,#111111
24,94,130,55,2,Black,RAL 9005,#111111
24,94,131,54,2,Black,RAL 9005,#111111
24,94,132,53,8,Gray,RAL 7040,#8E98A3
24,94,133,52,8,Gray,RAL 7040,#8E98A3
24,94,134,51,8,Gray,RAL 7040,#8E98A3
24,94,135,50,8,Gray,RAL 7040,#8E98A3
24,94,136,49,8,Gray,RAL 7040,#8E98A3
24,94,137,48,8,Gray,RAL 7040,#8E98A3
24,94,138,47,8,Gray,RAL 7040,#8E98A3
24,94,139,46,8,Gray,RAL 7040,#8E98A3
24,94,140,45,8,Gray,RAL 7040,#8E98A3
24,94,141,44,8,Gray,RAL 7040,#8E98A3
24,94,142,43,8,Gray,RAL 7040,#8E98A3
24,94,143,42,8,Gray,RAL 7040,#8E98A3
24,94,144,41,8,Gray,RAL 7040,#8E98A3
24,94,145,40,8,Gray,RAL 7040,#8E98A3
24,94,146,39,8,Gray,RAL 7040,#8E98A3
24,94,147,38,8,Gray,RAL 7040,#8E98A3
24,94,148,37,8,Gray,RAL 7040,#8E98A3
24,94,149,36,8,Gray,RAL 7040,#8E98A3
24,94,150,35,8,Gray,RAL 7040,#8E98A3
24,94,151,34,8,Gray,RAL 7040,#8E98A3
24,94,152,33,8,Gray,RAL 7040,#8E98A3
24,94,153,32,8,Gray,RAL 7040,#8E98A3
24,94,154,31,8,Gray,RAL 7040,#8E98A3
24,94,155,30,8,Gray,RAL 7040,#8E98A3
24,94,156,29,8,Gray,RAL 7040,#8E98A3
24,94,157,28,8,Gray,RAL 7040,#8E98A3
24,94,158,27,8,Gray,RAL 7040,#8E98A3
24,94,159,26,8,Gray,RAL 7040,#8E98A3
24,94,160,25,8,Gray,RAL 7040,#8E98A3
24,94,161,24,8,Gray,RAL 7040,#8E98A3
24,94,162,23,8,Gray,RAL 7040,#8E98A3
24,94,163,22,8,Gray,RAL 7040,#8E98A3
24,94,164,21,8,Gray,RAL 7040,#8E98A3
24,94,165,20,8,Gray,RAL 7040,#8E98A3
24,94,166,19,8,Gray,RAL 7040,#8E98A3
24,94,167,18,8,Gray,RAL 7040,#8E98A3
24,94,168,17,8,Gray,RAL 7040,#8E98A3
24,94,169,16,8,Gray,RAL 7040,#8E98A3
24,94,170,15,8,Gray,RAL 7040,#8E98A3
24,94,171,14,8,Gray,RAL 7040,#8E98A3
24,94,172,13,8,Gray,RAL 7040,#8E98A3
24,94,173,12,8,Gray,RAL 7040,#8E98A3
24,94,174,11,8,Gray,RAL 7040,#8E98A3
24,94,175,10,8,Gray,RAL 7040,#8E98A3
24,94,176,9,8,Gray,RAL 7040,#8E98A3
24,94,177,8,8,Gray,RAL 7040,#8E98A3
24,94,178,7,8,Gray,RAL 7040,#8E98A3
24,94,179,6,8,Gray,RAL 7040,#8E98A3
24,94,180,5,8,Gray,RAL 7040,#8E98A3
24,94,181,4,8,Gray,RAL 7040,#8E98A3
24,94,182,3,8,Gray,RAL 7040,#8E98A3
24,94,183,2,8,Gray,RAL 7040,#8E98A3
24,94,184,1,8,Gray,RAL 7040,#8E98A3
25,93,1,184,2,Black,RAL 9005,#111111
25,93,2,183,2,Black,RAL 9005,#111111
25,93,3,182,2,Black,RAL 9005,#111111
25,93,4,181,2,Black,RAL 9005,#111111
25,93,5,180,2,Black,RAL 9005,#111111
25,93,6,179,2,Black,RAL 9005,#111111
25,93,7,178,2,Black,RAL 9005,#111111
25,93,8,177,2,Black,RAL 9005,#111111
25,93,9,176,2,Black,RAL 9005,#111111
25,93,10,175,2,Black,RAL 9005,#111111
25,93,11,174,2,Black,RAL 9005,#111111
25,93,12,173,2,Black,RAL 9005,#111111
25,93,13,172,2,Black,RAL 9005,#111111
25,93,14,171,2,Black,RAL 9005,#111111
25,93,15,170,2,Black,RAL 9005,#111111
25,93,16,169,2,Black,RAL 9005,#111111
25,93,17,168,2,Black,RAL 9005,#111111
25,93,18,167,2,Black,RAL 9005,#111111
25,93,19,166,2,Black,RAL 9005,#111111
25,93,20,165,2,Black,RAL 9005,#111111
25,93,21,164,2,Black,RAL 9005,#111111
25,93,22,163,2,Black,RAL 9005,#111111
25,93,23,162,2,Black,RAL 9005,#111111
25,93,24,161,2,Black,RAL 9005,#111111
25,93,25,160,2,Black,RAL 9005,#111111
25,93,26,159,2,Black,RAL 9005,#111111
25,93,27,158,2,Black,RAL 9005,#111111
25,93,28,157,2,Black,RAL 9005,#111111
25,93,29,156,2,Black,RAL 9005,#111111
25,93,30,155,2,Black,RAL 9005,#111111
25,93,31,154,2,Black,RAL 9005,#111111
25,93,32,153,2,Black,RAL 9005,#111111
25,93,33,152,2,Black,RAL 9005,#111111
25,93,34,151,2,Black,RAL 9005,#111111
25,93,35,150,2,Black,RAL 9005,#111111
25,93,36,149,2,Black,RAL 9005,#111111
25,93,37,148,2,Black,RAL 9005,#111111
25,93,38,147,2,Black,RAL 9005,#111111
25,93,39,146,2,Black,RAL 9005,#111111
25,93,40,145,2,Black,RAL 9005,#111111
25,93,41,144,2,Black,RAL 9005,#111111
25,93,42,143,2,Black,RAL 9005,#111111
25,93,43,142,2,Black,RAL 9005,#111111
25,93,44,141,2,Black,RAL 9005,#111111
25,93,45,140,2,Black,RAL 9005,#111111
25,93,46,139,2,Black,RAL 9005,#111111
25,93,47,138,2,Black,RAL 9005,#111111
25,93,48,137,2,Black,RAL 9005,#111111
25,93,49,136,2,Black,RAL 9005,#111111
25,93,50,135,2,Black,RAL 9005,#111111
25,93,51,134,2,Black,RAL 9005,#111111
25,93,52,133,2,Black,RAL 9005,#111111
25,93,53,132,2,Black,RAL 9005,#111111
25,93,54,131,2,Black,RAL 9005,#111111
25,93,55,130,2,Black,RAL 9005,#111111
25,93,56,129,2,Black,RAL 9005,#111111
25,93,57,128,2,Black,RAL 9005,#111111
25,93,58,127,2,Black,RAL 9005,#111111
25,93,59,126,2,Black,RAL 9005,#111111
25,93,60,125,2,Black,RAL 9005,#111111
25,93,61,124,2,Black,RAL 9005,#111111
25,93,62,123,2,Black,RAL 9005,#111111
25,93,63,122,2,Black,RAL 9005,#111111
25,93,64,121,2,Black,RAL 9005,#111111
25,93,65,120,2,Black,RAL 9005,#111111
25,93,66,119,2,Black,RAL 9005,#111111
25,93,67,118,2,Black,RAL 9005,#111111
25,93,68,117,2,Black,RAL 9005,#111111
25,93,69,116,2,Black,RAL 9005,#111111
25,93,70,115,2,Black,RAL 9005,#111111
25,93,71,114,2,Black,RAL 9005,#111111
25,93,72,113,2,Black,RAL 9005,#111111
25,93,73,112,2,Black,RAL 9005,#111111
25,93,74,111,2,Black,RAL 9005,#111111
25,93,75,110,2,Black,RAL 9005,#111111
25,93,76,109,2,Black,RAL 9005,#111111
25,93,77,108,2,Black,RAL 9005,#111111
25,93,78,107,2,Black,RAL 9005,#111111
25,93,79,106,2,Black,RAL 9005,#111111
25,93,80,105,2,Black,RAL 9005,#111111
25,93,81,104,2,Black,RAL 9005,#111111
25,93,82,103,2,Black,RAL 9005,#111111
25,93,83,102,2,Black,RAL 9005,#111111
25,93,84,101,2,Black,RAL 9005,#111111
25,93,85,100,2,Black,RAL 9005,#111111
25,93,86,99,2,Black,RAL 9005,#111111
25,93,87,98,2,Black,RAL 9005,#111111
25,93,88,97,2,Black,RAL 9005,#111111
25,93,89,96,2,Black,RAL 9005,#111111
25,93,90,95,2,Black,RAL 9005,#111111
25,93,91,94,2,Black,RAL 9005,#111111
25,93,92,93,2,Black,RAL 9005,#111111
25,93,93,92,2,Black,RAL 9005,#111111
25,93,94,91,2,Black,RAL 9005,#111111
25,93,95,90,2,Black,RAL 9005,#111111
25,93,96,89,2,Black,RAL 9005,#111111
25,93,97,88,2,Black,RAL 9005,#111111
25,93,98,87,2,Black,RAL 9005,#111111
25,93,99,86,2,Black,RAL 9005,#111111
25,93,100,85,2,Black,RAL 9005,#111111
25,93,101,84,2,Black,RAL 9005,#111111
25,93,102,83,2,Black,RAL 9005,#111111
25,93,103,82,2,Black,RAL 9005,#111111
25,93,104,81,2,Black,RAL 9005,#111111
25,93,105,80,2,Black,RAL 9005,#111111
25,93,106,79,2,Black,RAL 9005,#111111
25,93,107,78,2,Black,RAL 9005,#111111
25,93,108,77,2,Black,RAL 9005,#111111
25,93,109,76,2,Black,RAL 9005,#111111
25,93,110,75,2,Black,RAL 9005,#111111
25,93,111,74,2,Black,RAL 9005,#111111
25,93,112,73,2,Black,RAL 9005,#111111
25,93,113,72,2,Black,RAL 9005,#111111
25,93,114,71,2,Black,RAL 9005,#111111
25,93,115,70,2,Black,RAL 9005,#111111
25,93,116,69,2,Black,RAL 9005,#111111
25,93,117,68,2,Black,RAL 9005,#111111
25,93,118,67,2,Black,RAL 9005,#111111
25,93,119,66,2,Black,RAL 9005,#111111
25,93,120,65,2,Black,RAL 9005,#111111
25,93,121,64,2,Black,RAL 9005,#111111
25,93,122,63,2,Black,RAL 9005,#111111
25,93,123,62,2,Black,RAL 9005,#111111
25,93,124,61,2,Black,RAL 9005,#111111
25,93,125,60,2,Black,RAL 9005,#111111
25,93,126,59,2,Black,RAL 9005,#111111
25,93,127,58,2,Black,RAL 9005,#111111
25,93,128,57,2,Black,RAL 9005,#111111
25,93,129,56,2,Black,RAL 9005,#111111
25,93,130,55,2,Black,RAL 9005,#111111
25,93,131,54,8,Gray,RAL 7040,#8E98A3
25,93,132,53,8,Gray,RAL 7040,#8E98A3
25,93,133,52,8,Gray,RAL 7040,#8E98A3
25,93,134,51,8,Gray,RAL 7040,#8E98A3
25,93,135,50,8,Gray,RAL 7040,#8E98A3
25,93,136,49,8,Gray,RAL 7040,#8E98A3
25,93,137,48,8,Gray,RAL 7040,#8E98A3
25,93,138,47,8,Gray,RAL 7040,#8E98A3
25,93,139,46,8,Gray,RAL 7040,#8E98A3
25,93,140,45,8,Gray,RAL 7040,#8E98A3
25,93,141,44,8,Gray,RAL 7040,#8E98A3
25,93,142,43,8,Gray,RAL 7040,#8E98A3
25,93,143,42,8,Gray,RAL 7040,#8E98A3
25,93,144,41,8,Gray,RAL 7040,#8E98A3
25,93,145,40,8,Gray,RAL 7040,#8E98A3
25,93,146,39,8,Gray,RAL 7040,#8E98A3
25,93,147,38,8,Gray,RAL 7040,#8E98A3
25,93,148,37,8,Gray,RAL 7040,#8E98A3
25,93,149,36,8,Gray,RAL 7040,#8E98A3
25,93,150,35,8,Gray,RAL 7040,#8E98A3
25,93,151,34,8,Gray,RAL 7040,#8E98A3
25,93,152,33,8,Gray,RAL 7040,#8E98A3
25,93,153,32,8,Gray,RAL 7040,#8E98A3
25,93,154,31,8,Gray,RAL 7040,#8E98A3
25,93,155,30,8,Gray,RAL 7040,#8E98A3
25,93,156,29,8,Gray,RAL 7040,#8E98A3
25,93,157,28,8,Gray,RAL 7040,#8E98A3
25,93,158,27,8,Gray,RAL 7040,#8E98A3
25,93,159,26,8,Gray,RAL 7040,#8E98A3
25,93,160,25,8,Gray,RAL 7040,#8E98A3
25,93,161,24,8,Gray,RAL 7040,#8E98A3
25,93,162,23,8,Gray,RAL 7040,#8E98A3
25,93,163,22,8,Gray,RAL 7040,#8E98A3
25,93,164,21,8,Gray,RAL 7040,#8E98A3
25,93,165,20,8,Gray,RAL 7040,#8E98A3
25,93,166,19,8,Gray,RAL 7040,#8E98A3
25,93,167,18,8,Gray,RAL 7040,#8E98A3
25,93,168,17,8,Gray,RAL 7040,#8E98A3
25,93,169,16,8,Gray,RAL 7040,#8E98A3
25,93,170,15,8,Gray,RAL 7040,#8E98A3
25,93,171,14,8,Gray,RAL 7040,#8E98A3
25,93,172,13,8,Gray,RAL 7040,#8E98A3
25,93,173,12,8,Gray,RAL 7040,#8E98A3
25,93,174,11,8,Gray,RAL 7040,#8E98A3
25,93,175,10,8,Gray,RAL 7040,#8E98A3
25,93,176,9,8,Gray,RAL 7040,#8E98A3
25,93,177,8,8,Gray,RAL 7040,#8E98A3
25,93,178,7,8,Gray,RAL 7040,#8E98A3
25,93,179,6,8,Gray,RAL 7040,#8E98A3
25,93,180,5,8,Gray,RAL 7040,#8E98A3
25,93,181,4,8,Gray,RAL 7040,#8E98A3
25,93,182,3,8,Gray,RAL 7040,#8E98A3
25,93,183,2,8,Gray,RAL 7040,#8E98A3
25,93,184,1,8,Gray,RAL 7040,#8E98A3
26,92,1,184,2,Black,RAL 9005,#111111
26,92,2,183,2,Black,RAL 9005,#111111
26,92,3,182,2,Black,RAL 9005,#111111
26,92,4,181,2,Black,RAL 9005,#111111
26,92,5,180,2,Black,RAL 9005,#111111
26,92,6,179,2,Black,RAL 9005,#111111
26,92,7,178,2,Black,RAL 9005,#111111
26,92,8,177,2,Black,RAL 9005,#111111
26,92,9,176,2,Black,RAL 9005,#111111
26,92,10,175,2,Black,RAL 9005,#111111
26,92,11,174,2,Black,RAL 9005,#111111
26,92,12,173,2,Black,RAL 9005,#111111
26,92,13,172,2,Black,RAL 9005,#111111
26,92,14,171,2,Black,RAL 9005,#111111
26,92,15,170,2,Black,RAL 9005,#111111
26,92,16,169,2,Black,RAL 9005,#111111
26,92,17,168,2,Black,RAL 9005,#111111
26,92,18,167,2,Black,RAL 9005,#111111
26,92,19,166,2,Black,RAL 9005,#111111
26,92,20,165,2,Black,RAL 9005,#111111
26,92,21,164,2,Black,RAL 9005,#111111
26,92,22,163,2,Black,RAL 9005,#111111
26,92,23,162,2,Black,RAL 9005,#111111
26,92,24,161,2,Black,RAL 9005,#111111
26,92,25,160,2,Black,RAL 9005,#111111
26,92,26,159,2,Black,RAL 9005,#111111
26,92,27,158,2,Black,RAL 9005,#111111
26,92,28,157,2,Black,RAL 9005,#111111
26,92,29,156,2,Black,RAL 9005,#111111
26,92,30,155,2,Black,RAL 9005,#111111
26,92,31,154,2,Black,RAL 9005,#111111
26,92,32,153,2,Black,RAL 9005,#111111
26,92,33,152,2,Black,RAL 9005,#111111
26,92,34,151,2,Black,RAL 9005,#111111
26,92,35,150,2,Black,RAL 9005,#111111
26,92,36,149,2,Black,RAL 9005,#111111
26,92,37,148,2,Black,RAL 9005,#111111
26,92,38,147,2,Black,RAL 9005,#111111
26,92,39,146,2,Black,RAL 9005,#111111
26,92,40,145,2,Black,RAL 9005,#111111
26,92,41,144,2,Black,RAL 9005,#111111
26,92,42,143,2,Black,RAL 9005,#111111
26,92,43,142,2,Black,RAL 9005,#111111
26,92,44,141,2,Black,RAL 9005,#111111
26,92,45,140,2,Black,RAL 9005,#111111
26,92,46,139,2,Black,RAL 9005,#111111
26,92,47,138,2,Black,RAL 9005,#111111
26,92,48,137,2,Black,RAL 9005,#111111
26,92,49,136,2,Black,RAL 9005,#111111
26,92,50,135,2,Black,RAL 9005,#111111
26,92,51,134,2,Black,RAL 9005,#111111
26,92,52,133,2,Black,RAL 9005,#111111
26,92,53,132,2,Black,RAL 9005,#111111
26,92,54,131,2,Black,RAL 9005,#111111
26,92,55,130,2,Black,RAL 9005,#111111
26,92,56,129,2,Black,RAL 9005,#111111
26,92,57,128,2,Black,RAL 9005,#111111
26,92,58,127,2,Black,RAL 9005,#111111
26,92,59,126,2,Black,RAL 9005,#111111
26,92,60,125,2,Black,RAL 9005,#111111
26,92,61,124,2,Black,RAL 9005,#111111
26,92,62,123,2,Black,RAL 9005,#111111
26,92,63,122,2,Black,RAL 9005,#111111
26,92,64,121,2,Black,RAL 9005,#111111
26,92,65,120,2,Black,RAL 9005,#111111
26,92,66,119,2,Black,RAL 9005,#111111
26,92,67,118,2,Black,RAL 9005,#111111
26,92,68,117,2,Black,RAL 9005,#111111
26,92,69,116,2,Black,RAL 9005,#111111
26,92,70,115,2,Black,RAL 9005,#111111
26,92,71,114,2,Black,RAL 9005,#111111
26,92,72,113,2,Black,RAL 9005,#111111
26,92,73,112,2,Black,RAL 9005,#111111
26,92,74,111,2,Black,RAL 9005,#111111
26,92,75,110,2,Black,RAL 9005,#111111
26,92,76,109,2,Black,RAL 9005,#111111
26,92,77,108,2,Black,RAL 9005,#111111
26,92,78,107,2,Black,RAL 9005,#111111
26,92,79,106,2,Black,RAL 9005,#111111
26,92,80,105,2,Black,RAL 9005,#111111
26,92,81,104,2,Black,RAL 9005,#111111
26,92,82,103,2,Black,RAL 9005,#111111
26,92,83,102,2,Black,RAL 9005,#111111
26,92,84,101,2,Black,RAL 9005,#111111
26,92,85,100,2,Black,RAL 9005,#111111
26,92,86,99,2,Black,RAL 9005,#111111
26,92,87,98,2,Black,RAL 9005,#111111
26,92,88,97,2,Black,RAL 9005,#111111
26,92,89,96,2,Black,RAL 9005,#111111
26,92,90,95,2,Black,RAL 9005,#111111
26,92,91,94,2,Black,RAL 9005,#111111
26,92,92,93,2,Black,RAL 9005,#111111
26,92,93,92,2,Black,RAL 9005,#111111
26,92,94,91,2,Black,RAL 9005,#111111
26,92,95,90,2,Black,RAL 9005,#111111
26,92,96,89,2,Black,RAL 9005,#111111
26,92,97,88,2,Black,RAL 9005,#111111
26,92,98,87,2,Black,RAL 9005,#111111
26,92,99,86,2,Black,RAL 9005,#111111
26,92,100,85,2,Black,RAL 9005,#111111
26,92,101,84,2,Black,RAL 9005,#111111
26,92,102,83,2,Black,RAL 9005,#111111
26,92,103,82,2,Black,RAL 9005,#111111
26,92,104,81,2,Black,RAL 9005,#111111
26,92,105,80,2,Black,RAL 9005,#111111
26,92,106,79,2,Black,RAL 9005,#111111
26,92,107,78,2,Black,RAL 9005,#111111
26,92,108,77,2,Black,RAL 9005,#111111
26,92,109,76,2,Black,RAL 9005,#111111
26,92,110,75,2,Black,RAL 9005,#111111
26,92,111,74,8,Gray,RAL 7040,#8E98A3
26,92,112,73,8,Gray,RAL 7040,#8E98A3
26,92,113,72,8,Gray,RAL 7040,#8E98A3
26,92,114,71,8,Gray,RAL 7040,#8E98A3
26,92,115,70,8,Gray,RAL 7040,#8E98A3
26,92,116,69,8,Gray,RAL 7040,#8E98A3
26,92,117,68,8,Gray,RAL 7040,#8E98A3
26,92,118,67,8,Gray,RAL 7040,#8E98A3
26,92,119,66,8,Gray,RAL 7040,#8E98A3
26,92,120,65,8,Gray,RAL 7040,#8E98A3
26,92,121,64,2,Black,RAL 9005,#111111
26,92,122,63,2,Black,RAL 9005,#111111
26,92,123,62,2,Black,RAL 9005,#111111
26,92,124,61,2,Black,RAL 9005,#111111
26,92,125,60,2,Black,RAL 9005,#111111
26,92,126,59,2,Black,RAL 9005,#111111
26,92,127,58,2,Black,RAL 9005,#111111
26,92,128,57,2,Black,RAL 9005,#111111
26,92,129,56,2,Black,RAL 9005,#111111
26,92,130,55,2,Black,RAL 9005,#111111
26,92,131,54,8,Gray,RAL 7040,#8E98A3
26,92,132,53,8,Gray,RAL 7040,#8E98A3
26,92,133,52,8,Gray,RAL 7040,#8E98A3
26,92,134,51,8,Gray,RAL 7040,#8E98A3
26,92,135,50,8,Gray,RAL 7040,#8E98A3
26,92,136,49,8,Gray,RAL 7040,#8E98A3
26,92,137,48,8,Gray,RAL 7040,#8E98A3
26,92,138,47,8,Gray,RAL 7040,#8E98A3
26,92,139,46,8,Gray,RAL 7040,#8E98A3
26,92,140,45,8,Gray,RAL 7040,#8E98A3
26,92,141,44,8,Gray,RAL 7040,#8E98A3
26,92,142,43,8,Gray,RAL 7040,#8E98A3
26,92,143,42,8,Gray,RAL 7040,#8E98A3
26,92,144,41,8,Gray,RAL 7040,#8E98A3
26,92,145,40,8,Gray,RAL 7040,#8E98A3
26,92,146,39,8,Gray,RAL 7040,#8E98A3
26,92,147,38,8,Gray,RAL 7040,#8E98A3
26,92,148,37,8,Gray,RAL 7040,#8E98A3
26,92,149,36,8,Gray,RAL 7040,#8E98A3
26,92,150,35,8,Gray,RAL 7040,#8E98A3
26,92,151,34,8,Gray,RAL 7040,#8E98A3
26,92,152,33,8,Gray,RAL 7040,#8E98A3
26,92,153,32,8,Gray,RAL 7040,#8E98A3
26,92,154,31,8,Gray,RAL 7040,#8E98A3
26,92,155,30,8,Gray,RAL 7040,#8E98A3
26,92,156,29,8,Gray,RAL 7040,#8E98A3
26,92,157,28,8,Gray,RAL 7040,#8E98A3
26,92,158,27,8,Gray,RAL 7040,#8E98A3
26,92,159,26,8,Gray,RAL 7040,#8E98A3
26,92,160,25,8,Gray,RAL 7040,#8E98A3
26,92,161,24,8,Gray,RAL 7040,#8E98A3
26,92,162,23,8,Gray,RAL 7040,#8E98A3
26,92,163,22,8,Gray,RAL 7040,#8E98A3
26,92,164,21,8,Gray,RAL 7040,#8E98A3
26,92,165,20,8,Gray,RAL 7040,#8E98A3
26,92,166,19,8,Gray,RAL 7040,#8E98A3
26,92,167,18,8,Gray,RAL 7040,#8E98A3
26,92,168,17,8,Gray,RAL 7040,#8E98A3
26,92,169,16,8,Gray,RAL 7040,#8E98A3
26,92,170,15,8,Gray,RAL 7040,#8E98A3
26,92,171,14,8,Gray,RAL 7040,#8E98A3
26,92,172,13,8,Gray,RAL 7040,#8E98A3
26,92,173,12,8,Gray,RAL 7040,#8E98A3
26,92,174,11,8,Gray,RAL 7040,#8E98A3
26,92,175,10,8,Gray,RAL 7040,#8E98A3
26,92,176,9,8,Gray,RAL 7040,#8E98A3
26,92,177,8,8,Gray,RAL 7040,#8E98A3
26,92,178,7,8,Gray,RAL 7040,#8E98A3
26,92,179,6,8,Gray,RAL 7040,#8E98A3
26,92,180,5,8,Gray,RAL 7040,#8E98A3
26,92,181,4,8,Gray,RAL 7040,#8E98A3
26,92,182,3,8,Gray,RAL 7040,#8E98A3
26,92,183,2,8,Gray,RAL 7040,#8E98A3
26,92,184,1,8,Gray,RAL 7040,#8E98A3
27,91,1,184,2,Black,RAL 9005,#111111
27,91,2,183,2,Black,RAL 9005,#111111
27,91,3,182,2,Black,RAL 9005,#111111
27,91,4,181,2,Black,RAL 9005,#111111
27,91,5,180,2,Black,RAL 9005,#111111
27,91,6,179,2,Black,RAL 9005,#111111
27,91,7,178,2,Black,RAL 9005,#111111
27,91,8,177,2,Black,RAL 9005,#111111
27,91,9,176,2,Black,RAL 9005,#111111
27,91,10,175,2,Black,RAL 9005,#111111
27,91,11,174,2,Black,RAL 9005,#111111
27,91,12,173,2,Black,RAL 9005,#111111
27,91,13,172,2,Black,RAL 9005,#111111
27,91,14,171,2,Black,RAL 9005,#111111
27,91,15,170,2,Black,RAL 9005,#111111
27,91,16,169,2,Black,RAL 9005,#111111
27,91,17,168,2,Black,RAL 9005,#111111
27,91,18,167,2,Black,RAL 9005,#111111
27,91,19,166,2,Black,RAL 9005,#111111
27,91,20,165,2,Black,RAL 9005,#111111
27,91,21,164,2,Black,RAL 9005,#111111
27,91,22,163,2,Black,RAL 9005,#111111
27,91,23,162,2,Black,RAL 9005,#111111
27,91,24,161,2,Black,RAL 9005,#111111
27,91,25,160,2,Black,RAL 9005,#111111
27,91,26,159,2,Black,RAL 9005,#111111
27,91,27,158,2,Black,RAL 9005,#111111
27,91,28,157,2,Black,RAL 9005,#111111
27,91,29,156,2,Black,RAL 9005,#111111
27,91,30,155,2,Black,RAL 9005,#111111
27,91,31,154,2,Black,RAL 9005,#111111
27,91,32,153,2,Black,RAL 9005,#111111
27,91,33,152,2,Black,RAL 9005,#111111
27,91,34,151,2,Black,RAL 9005,#111111
27,91,35,150,2,Black,RAL 9005,#111111
27,91,36,149,2,Black,RAL 9005,#111111
27,91,37,148,2,Black,RAL 9005,#111111
27,91,38,147,2,Black,RAL 9005,#111111
27,91,39,146,2,Black,RAL 9005,#111111
27,91,40,145,2,Black,RAL 9005,#111111
27,91,41,144,2,Black,RAL 9005,#111111
27,91,42,143,2,Black,RAL 9005,#111111
27,91,43,142,2,Black,RAL 9005,#111111
27,91,44,141,2,Black,RAL 9005,#111111
27,91,45,140,2,Black,RAL 9005,#111111
27,91,46,139,2,Black,RAL 9005,#111111
27,91,47,138,2,Black,RAL 9005,#111111
27,91,48,137,2,Black,RAL 9005,#111111
27,91,49,136,2,Black,RAL 9005,#111111
27,91,50,135,2,Black,RAL 9005,#111111
27,91,51,134,2,Black,RAL 9005,#111111
27,91,52,133,2,Black,RAL 9005,#111111
27,91,53,132,2,Black,RAL 9005,#111111
27,91,54,131,2,Black,RAL 9005,#111111
27,91,55,130,2,Black,RAL 9005,#111111
27,91,56,129,2,Black,RAL 9005,#111111
27,91,57,128,2,Black,RAL 9005,#111111
27,91,58,127,2,Black,RAL 9005,#111111
27,91,59,126,2,Black,RAL 9005,#111111
27,91,60,125,2,Black,RAL 9005,#111111
27,91,61,124,2,Black,RAL 9005,#111111
27,91,62,123,2,Black,RAL 9005,#111111
27,91,63,122,2,Black,RAL 9005,#111111
27,91,64,121,2,Black,RAL 9005,#111111
27,91,65,120,2,Black,RAL 9005,#111111
27,91,66,119,2,Black,RAL 9005,#111111
27,91,67,118,2,Black,RAL 9005,#111111
27,91,68,117,2,Black,RAL 9005,#111111
27,91,69,116,2,Black,RAL 9005,#111111
27,91,70,115,2,Black,RAL 9005,#111111
27,91,71,114,2,Black,RAL 9005,#111111
27,91,72,113,2,Black,RAL 9005,#111111
27,91,73,112,2,Black,RAL 9005,#111111
27,91,74,111,2,Black,RAL 9005,#111111
27,91,75,110,2,Black,RAL 9005,#111111
27,91,76,109,2,Black,RAL 9005,#111111
27,91,77,108,2,Black,RAL 9005,#111111
27,91,78,107,2,Black,RAL 9005,#111111
27,91,79,106,2,Black,RAL 9005,#111111
27,91,80,105,2,Black,RAL 9005,#111111
27,91,81,104,2,Black,RAL 9005,#111111
27,91,82,103,2,Black,RAL 9005,#111111
27,91,83,102,2,Black,RAL 9005,#111111
27,91,84,101,2,Black,RAL 9005,#111111
27,91,85,100,2,Black,RAL 9005,#111111
27,91,86,99,2,Black,RAL 9005,#111111
27,91,87,98,2,Black,RAL 9005,#111111
27,91,88,97,2,Black,RAL 9005,#111111
27,91,89,96,2,Black,RAL 9005,#111111
27,91,90,95,2,Black,RAL 9005,#111111
27,91,91,94,2,Black,RAL 9005,#111111
27,91,92,93,2,Black,RAL 9005,#111111
27,91,93,92,2,Black,RAL 9005,#111111
27,91,94,91,2,Black,RAL 9005,#111111
27,91,95,90,2,Black,RAL 9005,#111111
27,91,96,89,2,Black,RAL 9005,#111111
27,91,97,88,2,Black,RAL 9005,#111111
27,91,98,87,2,Black,RAL 9005,#111111
27,91,99,86,2,Black,RAL 9005,#111111
27,91,100,85,2,Black,RAL 9005,#111111
27,91,101,84,2,Black,RAL 9005,#111111
27,91,102,83,2,Black,RAL 9005,#111111
27,91,103,82,2,Black,RAL 9005,#111111
27,91,104,81,2,Black,RAL 9005,#111111
27,91,105,80,2,Black,RAL 9005,#111111
27,91,106,79,2,Black,RAL 9005,#111111
27,91,107,78,2,Black,RAL 9005,#111111
27,91,108,77,2,Black,RAL 9005,#111111
27,91,109,76,8,Gray,RAL 7040,#8E98A3
27,91,110,75,8,Gray,RAL 7040,#8E98A3
27,91,111,74,8,Gray,RAL 7040,#8E98A3
27,91,112,73,8,Gray,RAL 7040,#8E98A3
27,91,113,72,8,Gray,RAL 7040,#8E98A3
27,91,114,71,8,Gray,RAL 7040,#8E98A3
27,91,115,70,8,Gray,RAL 7040,#8E98A3
27,91,116,69,8,Gray,RAL 7040,#8E98A3
27,91,117,68,8,Gray,RAL 7040,#8E98A3
27,91,118,67,8,Gray,RAL 7040,#8E98A3
27,91,119,66,8,Gray,RAL 7040,#8E98A3
27,91,120,65,8,Gray,RAL 7040,#8E98A3
27,91,121,64,8,Gray,RAL 7040,#8E98A3
27,91,122,63,8,Gray,RAL 7040,#8E98A3
27,91,123,62,8,Gray,RAL 7040,#8E98A3
27,91,124,61,2,Black,RAL 9005,#111111
27,91,125,60,2,Black,RAL 9005,#111111
27,91,126,59,2,Black,RAL 9005,#111111
27,91,127,58,2,Black,RAL 9005,#111111
27,91,128,57,2,Black,RAL 9005,#111111
27,91,129,56,2,Black,RAL 9005,#111111
27,91,130,55,2,Black,RAL 9005,#111111
27,91,131,54,8,Gray,RAL 7040,#8E98A3
27,91,132,53,8,Gray,RAL 7040,#8E98A3
27,91,133,52,8,Gray,RAL 7040,#8E98A3
27,91,134,51,8,Gray,RAL 7040,#8E98A3
27,91,135,50,8,Gray,RAL 7040,#8E98A3
27,91,136,49,8,Gray,RAL 7040,#8E98A3
27,91,137,48,8,Gray,RAL 7040,#8E98A3
27,91,138,47,8,Gray,RAL 7040,#8E98A3
27,91,139,46,8,Gray,RAL 7040,#8E98A3
27,91,140,45,8,Gray,RAL 7040,#8E98A3
27,91,141,44,8,Gray,RAL 7040,#8E98A3
27,91,142,43,8,Gray,RAL 7040,#8E98A3
27,91,143,42,8,Gray,RAL 7040,#8E98A3
27,91,144,41,8,Gray,RAL 7040,#8E98A3
27,91,145,40,8,Gray,RAL 7040,#8E98A3
27,91,146,39,8,Gray,RAL 7040,#8E98A3
27,91,147,38,8,Gray,RAL 7040,#8E98A3
27,91,148,37,8,Gray,RAL 7040,#8E98A3
27,91,149,36,8,Gray,RAL 7040,#8E98A3
27,91,150,35,8,Gray,RAL 7040,#8E98A3
27,91,151,34,8,Gray,RAL 7040,#8E98A3
27,91,152,33,8,Gray,RAL 7040,#8E98A3
27,91,153,32,8,Gray,RAL 7040,#8E98A3
27,91,154,31,8,Gray,RAL 7040,#8E98A3
27,91,155,30,8,Gray,RAL 7040,#8E98A3
27,91,156,29,8,Gray,RAL 7040,#8E98A3
27,91,157,28,8,Gray,RAL 7040,#8E98A3
27,91,158,27,8,Gray,RAL 7040,#8E98A3
27,91,159,26,8,Gray,RAL 7040,#8E98A3
27,91,160,25,8,Gray,RAL 7040,#8E98A3
27,91,161,24,8,Gray,RAL 7040,#8E98A3
27,91,162,23,8,Gray,RAL 7040,#8E98A3
27,91,163,22,8,Gray,RAL 7040,#8E98A3
27,91,164,21,8,Gray,RAL 7040,#8E98A3
27,91,165,20,8,Gray,RAL 7040,#8E98A3
27,91,166,19,8,Gray,RAL 7040,#8E98A3
27,91,167,18,8,Gray,RAL 7040,#8E98A3
27,91,168,17,8,Gray,RAL 7040,#8E98A3
27,91,169,16,8,Gray,RAL 7040,#8E98A3
27,91,170,15,8,Gray,RAL 7040,#8E98A3
27,91,171,14,8,Gray,RAL 7040,#8E98A3
27,91,172,13,8,Gray,RAL 7040,#8E98A3
27,91,173,12,8,Gray,RAL 7040,#8E98A3
27,91,174,11,8,Gray,RAL 7040,#8E98A3
27,91,175,10,8,Gray,RAL 7040,#8E98A3
27,91,176,9,8,Gray,RAL 7040,#8E98A3
27,91,177,8,8,Gray,RAL 7040,#8E98A3
27,91,178,7,8,Gray,RAL 7040,#8E98A3
27,91,179,6,8,Gray,RAL 7040,#8E98A3
27,91,180,5,8,Gray,RAL 7040,#8E98A3
27,91,181,4,8,Gray,RAL 7040,#8E98A3
27,91,182,3,8,Gray,RAL 7040,#8E98A3
27,91,183,2,8,Gray,RAL 7040,#8E98A3
27,91,184,1,8,Gray,RAL 7040,#8E98A3
28,90,1,184,2,Black,RAL 9005,#111111
28,90,2,183,2,Black,RAL 9005,#111111
28,90,3,182,2,Black,RAL 9005,#111111
28,90,4,181,2,Black,RAL 9005,#111111
28,90,5,180,2,Black,RAL 9005,#111111
28,90,6,179,2,Black,RAL 9005,#111111
28,90,7,178,2,Black,RAL 9005,#111111
28,90,8,177,2,Black,RAL 9005,#111111
28,90,9,176,2,Black,RAL 9005,#111111
28,90,10,175,2,Black,RAL 9005,#111111
28,90,11,174,2,Black,RAL 9005,#111111
28,90,12,173,2,Black,RAL 9005,#111111
28,90,13,172,2,Black,RAL 9005,#111111
28,90,14,171,2,Black,RAL 9005,#111111
28,90,15,170,2,Black,RAL 9005,#111111
28,90,16,169,2,Black,RAL 9005,#111111
28,90,17,168,2,Black,RAL 9005,#111111
28,90,18,167,2,Black,RAL 9005,#111111
28,90,19,166,2,Black,RAL 9005,#111111
28,90,20,165,2,Black,RAL 9005,#111111
28,90,21,164,2,Black,RAL 9005,#111111
28,90,22,163,2,Black,RAL 9005,#111111
28,90,23,162,2,Black,RAL 9005,#111111
28,90,24,161,2,Black,RAL 9005,#111111
28,90,25,160,2,Black,RAL 9005,#111111
28,90,26,159,2,Black,RAL 9005,#111111
28,90,27,158,2,Black,RAL 9005,#111111
28,90,28,157,2,Black,RAL 9005,#111111
28,90,29,156,2,Black,RAL 9005,#111111
28,90,30,155,2,Black,RAL 9005,#111111
28,90,31,154,2,Black,RAL 9005,#111111
28,90,32,153,2,Black,RAL 9005,#111111
28,90,33,152,2,Black,RAL 9005,#111111
28,90,34,151,2,Black,RAL 9005,#111111
28,90,35,150,2,Black,RAL 9005,#111111
28,90,36,149,2,Black,RAL 9005,#111111
28,90,37,148,2,Black,RAL 9005,#111111
28,90,38,147,2,Black,RAL 9005,#111111
28,90,39,146,2,Black,RAL 9005,#111111
28,90,40,145,2,Black,RAL 9005,#111111
28,90,41,144,2,Black,RAL 9005,#111111
28,90,42,143,2,Black,RAL 9005,#111111
28,90,43,142,2,Black,RAL 9005,#111111
28,90,44,141,2,Black,RAL 9005,#111111
28,90,45,140,2,Black,RAL 9005,#111111
28,90,46,139,2,Black,RAL 9005,#111111
28,90,47,138,2,Black,RAL 9005,#111111
28,90,48,137,2,Black,RAL 9005,#111111
28,90,49,136,2,Black,RAL 9005,#111111
28,90,50,135,2,Black,RAL 9005,#111111
28,90,51,134,2,Black,RAL 9005,#111111
28,90,52,133,2,Black,RAL 9005,#111111
28,90,53,132,2,Black,RAL 9005,#111111
28,90,54,131,2,Black,RAL 9005,#111111
28,90,55,130,2,Black,RAL 9005,#111111
28,90,56,129,2,Black,RAL 9005,#111111
28,90,57,128,2,Black,RAL 9005,#111111
28,90,58,127,2,Black,RAL 9005,#111111
28,90,59,126,2,Black,RAL 9005,#111111
28,90,60,125,2,Black,RAL 9005,#111111
28,90,61,124,2,Black,RAL 9005,#111111
28,90,62,123,2,Black,RAL 9005,#111111
28,90,63,122,2,Black,RAL 9005,#111111
28,90,64,121,2,Black,RAL 9005,#111111
28,90,65,120,2,Black,RAL 9005,#111111
28,90,66,119,2,Black,RAL 9005,#111111
28,90,67,118,2,Black,RAL 9005,#111111
28,90,68,117,2,Black,RAL 9005,#111111
28,90,69,116,2,Black,RAL 9005,#111111
28,90,70,115,2,Black,RAL 9005,#111111
28,90,71,114,2,Black,RAL 9005,#111111
28,90,72,113,2,Black,RAL 9005,#111111
28,90,73,112,2,Black,RAL 9005,#111111
28,90,74,111,2,Black,RAL 9005,#111111
28,90,75,110,2,Black,RAL 9005,#111111
28,90,76,109,2,Black,RAL 9005,#111111
28,90,77,108,2,Black,RAL 9005,#111111
28,90,78,107,2,Black,RAL 9005,#111111
28,90,79,106,2,Black,RAL 9005,#111111
28,90,80,105,2,Black,RAL 9005,#111111
28,90,81,104,2,Black,RAL 9005,#111111
28,90,82,103,2,Black,RAL 9005,#111111
28,90,83,102,2,Black,RAL 9005,#111111
28,90,84,101,2,Black,RAL 9005,#111111
28,90,85,100,2,Black,RAL 9005,#111111
28,90,86,99,2,Black,RAL 9005,#111111
28,90,87,98,2,Black,RAL 9005,#111111
28,90,88,97,2,Black,RAL 9005,#111111
28,90,89,96,2,Black,RAL 9005,#111111
28,90,90,95,2,Black,RAL 9005,#111111
28,90,91,94,2,Black,RAL 9005,#111111
28,90,92,93,2,Black,RAL 9005,#111111
28,90,93,92,2,Black,RAL 9005,#111111
28,90,94,91,2,Black,RAL 9005,#111111
28,90,95,90,2,Black,RAL 9005,#111111
28,90,96,89,2,Black,RAL 9005,#111111
28,90,97,88,2,Black,RAL 9005,#111111
28,90,98,87,2,Black,RAL 9005,#111111
28,90,99,86,2,Black,RAL 9005,#111111
28,90,100,85,2,Black,RAL 9005,#111111
28,90,101,84,2,Black,RAL 9005,#111111
28,90,102,83,2,Black,RAL 9005,#111111
28,90,103,82,2,Black,RAL 9005,#111111
28,90,104,81,2,Black,RAL 9005,#111111
28,90,105,80,2,Black,RAL 9005,#111111
28,90,106,79,2,Black,RAL 9005,#111111
28,90,107,78,8,Gray,RAL 7040,#8E98A3
28,90,108,77,8,Gray,RAL 7040,#8E98A3
28,90,109,76,8,Gray,RAL 7040,#8E98A3
28,90,110,75,8,Gray,RAL 7040,#8E98A3
28,90,111,74,8,Gray,RAL 7040,#8E98A3
28,90,112,73,8,Gray,RAL 7040,#8E98A3
28,90,113,72,8,Gray,RAL 7040,#8E98A3
28,90,114,71,8,Gray,RAL 7040,#8E98A3
28,90,115,70,8,Gray,RAL 7040,#8E98A3
28,90,116,69,8,Gray,RAL 7040,#8E98A3
28,90,117,68,8,Gray,RAL 7040,#8E98A3
28,90,118,67,8,Gray,RAL 7040,#8E98A3
28,90,119,66,8,Gray,RAL 7040,#8E98A3
28,90,120,65,8,Gray,RAL 7040,#8E98A3
28,90,121,64,8,Gray,RAL 7040,#8E98A3
28,90,122,63,8,Gray,RAL 7040,#8E98A3
28,90,123,62,8,Gray,RAL 7040,#8E98A3
28,90,124,61,8,Gray,RAL 7040,#8E98A3
28,90,125,60,2,Black,RAL 9005,#111111
28,90,126,59,2,Black,RAL 9005,#111111
28,90,127,58,2,Black,RAL 9005,#111111
28,90,128,57,2,Black,RAL 9005,#111111
28,90,129,56,2,Black,RAL 9005,#111111
28,90,130,55,8,Gray,RAL 7040,#8E98A3
28,90,131,54,8,Gray,RAL 7040,#8E98A3
28,90,132,53,8,Gray,RAL 7040,#8E98A3
28,90,133,52,8,Gray,RAL 7040,#8E98A3
28,90,134,51,8,Gray,RAL 7040,#8E98A3
28,90,135,50,8,Gray,RAL 7040,#8E98A3
28,90,136,49,8,Gray,RAL 7040,#8E98A3
28,90,137,48,8,Gray,RAL 7040,#8E98A3
28,90,138,47,8,Gray,RAL 7040,#8E98A3
28,90,139,46,8,Gray,RAL 7040,#8E98A3
28,90,140,45,8,Gray,RAL 7040,#8E98A3
28,90,141,44,8,Gray,RAL 7040,#8E98A3
28,90,142,43,8,Gray,RAL 7040,#8E98A3
28,90,143,42,8,Gray,RAL 7040,#8E98A3
28,90,144,41,8,Gray,RAL 7040,#8E98A3
28,90,145,40,8,Gray,RAL 7040,#8E98A3
28,90,146,39,8,Gray,RAL 7040,#8E98A3
28,90,147,38,8,Gray,RAL 7040,#8E98A3
28,90,148,37,8,Gray,RAL 7040,#8E98A3
28,90,149,36,8,Gray,RAL 7040,#8E98A3
28,90,150,35,8,Gray,RAL 7040,#8E98A3
28,90,151,34,8,Gray,RAL 7040,#8E98A3
28,90,152,33,8,Gray,RAL 7040,#8E98A3
28,90,153,32,8,Gray,RAL 7040,#8E98A3
28,90,154,31,8,Gray,RAL 7040,#8E98A3
28,90,155,30,8,Gray,RAL 7040,#8E98A3
28,90,156,29,8,Gray,RAL 7040,#8E98A3
28,90,157,28,8,Gray,RAL 7040,#8E98A3
28,90,158,27,8,Gray,RAL 7040,#8E98A3
28,90,159,26,8,Gray,RAL 7040,#8E98A3
28,90,160,25,8,Gray,RAL 7040,#8E98A3
28,90,161,24,8,Gray,RAL 7040,#8E98A3
28,90,162,23,8,Gray,RAL 7040,#8E98A3
28,90,163,22,8,Gray,RAL 7040,#8E98A3
28,90,164,21,8,Gray,RAL 7040,#8E98A3
28,90,165,20,8,Gray,RAL 7040,#8E98A3
28,90,166,19,8,Gray,RAL 7040,#8E98A3
28,90,167,18,8,Gray,RAL 7040,#8E98A3
28,90,168,17,8,Gray,RAL 7040,#8E98A3
28,90,169,16,8,Gray,RAL 7040,#8E98A3
28,90,170,15,8,Gray,RAL 7040,#8E98A3
28,90,171,14,8,Gray,RAL 7040,#8E98A3
28,90,172,13,8,Gray,RAL 7040,#8E98A3
28,90,173,12,8,Gray,RAL 7040,#8E98A3
28,90,174,11,8,Gray,RAL 7040,#8E98A3
28,90,175,10,8,Gray,RAL 7040,#8E98A3
28,90,176,9,8,Gray,RAL 7040,#8E98A3
28,90,177,8,8,Gray,RAL 7040,#8E98A3
28,90,178,7,8,Gray,RAL 7040,#8E98A3
28,90,179,6,8,Gray,RAL 7040,#8E98A3
28,90,180,5,8,Gray,RAL 7040,#8E98A3
28,90,181,4,8,Gray,RAL 7040,#8E98A3
28,90,182,3,8,Gray,RAL 7040,#8E98A3
28,90,183,2,8,Gray,RAL 7040,#8E98A3
28,90,184,1,8,Gray,RAL 7040,#8E98A3
29,89,1,184,2,Black,RAL 9005,#111111
29,89,2,183,2,Black,RAL 9005,#111111
29,89,3,182,2,Black,RAL 9005,#111111
29,89,4,181,2,Black,RAL 9005,#111111
29,89,5,180,2,Black,RAL 9005,#111111
29,89,6,179,2,Black,RAL 9005,#111111
29,89,7,178,2,Black,RAL 9005,#111111
29,89,8,177,2,Black,RAL 9005,#111111
29,89,9,176,2,Black,RAL 9005,#111111
29,89,10,175,2,Black,RAL 9005,#111111
29,89,11,174,2,Black,RAL 9005,#111111
29,89,12,173,2,Black,RAL 9005,#111111
29,89,13,172,2,Black,RAL 9005,#111111
29,89,14,171,2,Black,RAL 9005,#111111
29,89,15,170,2,Black,RAL 9005,#111111
29,89,16,169,2,Black,RAL 9005,#111111
29,89,17,168,2,Black,RAL 9005,#111111
29,89,18,167,2,Black,RAL 9005,#111111
29,89,19,166,2,Black,RAL 9005,#111111
29,89,20,165,2,Black,RAL 9005,#111111
29,89,21,164,2,Black,RAL 9005,#111111
29,89,22,163,2,Black,RAL 9005,#111111
29,89,23,162,2,Black,RAL 9005,#111111
29,89,24,161,2,Black,RAL 9005,#111111
29,89,25,160,2,Black,RAL 9005,#111111
29,89,26,159,2,Black,RAL 9005,#111111
29,89,27,158,2,Black,RAL 9005,#111111
29,89,28,157,2,Black,RAL 9005,#111111
29,89,29,156,2,Black,RAL 9005,#111111
29,89,30,155,2,Black,RAL 9005,#111111
29,89,31,154,2,Black,RAL 9005,#111111
29,89,32,153,2,Black,RAL 9005,#111111
29,89,33,152,2,Black,RAL 9005,#111111
29,89,34,151,2,Black,RAL 9005,#111111
29,89,35,150,2,Black,RAL 9005,#111111
29,89,36,149,2,Black,RAL 9005,#111111
29,89,37,148,2,Black,RAL 9005,#111111
29,89,38,147,2,Black,RAL 9005,#111111
29,89,39,146,2,Black,RAL 9005,#111111
29,89,40,145,2,Black,RAL 9005,#111111
29,89,41,144,2,Black,RAL 9005,#111111
29,89,42,143,2,Black,RAL 9005,#111111
29,89,43,142,2,Black,RAL 9005,#111111
29,89,44,141,2,Black,RAL 9005,#111111
29,89,45,140,2,Black,RAL 9005,#111111
29,89,46,139,2,Black,RAL 9005,#111111
29,89,47,138,2,Black,RAL 9005,#111111
29,89,48,137,2,Black,RAL 9005,#111111
29,89,49,136,2,Black,RAL 9005,#111111
29,89,50,135,2,Black,RAL 9005,#111111
29,89,51,134,2,Black,RAL 9005,#111111
29,89,52,133,2,Black,RAL 9005,#111111
29,89,53,132,2,Black,RAL 9005,#111111
29,89,54,131,2,Black,RAL 9005,#111111
29,89,55,130,2,Black,RAL 9005,#111111
29,89,56,129,2,Black,RAL 9005,#111111
29,89,57,128,2,Black,RAL 9005,#111111
29,89,58,127,2,Black,RAL 9005,#111111
29,89,59,126,2,Black,RAL 9005,#111111
29,89,60,125,2,Black,RAL 9005,#111111
29,89,61,124,2,Black,RAL 9005,#111111
29,89,62,123,2,Black,RAL 9005,#111111
29,89,63,122,2,Black,RAL 9005,#111111
29,89,64,121,2,Black,RAL 9005,#111111
29,89,65,120,2,Black,RAL 9005,#111111
29,89,66,119,2,Black,RAL 9005,#111111
29,89,67,118,2,Black,RAL 9005,#111111
29,89,68,117,2,Black,RAL 9005,#111111
29,89,69,116,2,Black,RAL 9005,#111111
29,89,70,115,2,Black,RAL 9005,#111111
29,89,71,114,2,Black,RAL 9005,#111111
29,89,72,113,2,Black,RAL 9005,#111111
29,89,73,112,2,Black,RAL 9005,#111111
29,89,74,111,2,Black,RAL 9005,#111111
29,89,75,110,2,Black,RAL 9005,#111111
29,89,76,109,2,Black,RAL 9005,#111111
29,89,77,108,2,Black,RAL 9005,#111111
29,89,78,107,2,Black,RAL 9005,#111111
29,89,79,106,2,Black,RAL 9005,#111111
29,89,80,105,2,Black,RAL 9005,#111111
29,89,81,104,2,Black,RAL 9005,#111111
29,89,82,103,2,Black,RAL 9005,#111111
29,89,83,102,2,Black,RAL 9005,#111111
29,89,84,101,2,Black,RAL 9005,#111111
29,89,85,100,2,Black,RAL 9005,#111111
29,89,86,99,2,Black,RAL 9005,#111111
29,89,87,98,2,Black,RAL 9005,#111111
29,89,88,97,2,Black,RAL 9005,#111111
29,89,89,96,2,Black,RAL 9005,#111111
29,89,90,95,2,Black,RAL 9005,#111111
29,89,91,94,2,Black,RAL 9005,#111111
29,89,92,93,2,Black,RAL 9005,#111111
29,89,93,92,2,Black,RAL 9005,#111111
29,89,94,91,2,Black,RAL 9005,#111111
29,89,95,90,2,Black,RAL 9005,#111111
29,89,96,89,2,Black,RAL 9005,#111111
29,89,97,88,2,Black,RAL 9005,#111111
29,89,98,87,2,Black,RAL 9005,#111111
29,89,99,86,2,Black,RAL 9005,#111111
29,89,100,85,2,Black,RAL 9005,#111111
29,89,101,84,2,Black,RAL 9005,#111111
29,89,102,83,2,Black,RAL 9005,#111111
29,89,103,82,2,Black,RAL 9005,#111111
29,89,104,81,2,Black,RAL 9005,#111111
29,89,105,80,2,Black,RAL 9005,#111111
29,89,106,79,8,Gray,RAL 7040,#8E98A3
29,89,107,78,8,Gray,RAL 7040,#8E98A3
29,89,108,77,8,Gray,RAL 7040,#8E98A3
29,89,109,76,8,Gray,RAL 7040,#8E98A3
29,89,110,75,8,Gray,RAL 7040,#8E98A3
29,89,111,74,8,Gray,RAL 7040,#8E98A3
29,89,112,73,8,Gray,RAL 7040,#8E98A3
29,89,113,72,8,Gray,RAL 7040,#8E98A3
29,89,114,71,8,Gray,RAL 7040,#8E98A3
29,89,115,70,8,Gray,RAL 7040,#8E98A3
29,89,116,69,8,Gray,RAL 7040,#8E98A3
29,89,117,68,8,Gray,RAL 7040,#8E98A3
29,89,118,67,8,Gray,RAL 7040,#8E98A3
29,89,119,66,8,Gray,RAL 7040,#8E98A3
29,89,120,65,8,Gray,RAL 7040,#8E98A3
29,89,121,64,8,Gray,RAL 7040,#8E98A3
29,89,122,63,8,Gray,RAL 7040,#8E98A3
29,89,123,62,8,Gray,RAL 7040,#8E98A3
29,89,124,61,8,Gray,RAL 7040,#8E98A3
29,89,125,60,8,Gray,RAL 7040,#8E98A3
29,89,126,59,8,Gray,RAL 7040,#8E98A3
29,89,127,58,2,Black,RAL 9005,#111111
29,89,128,57,2,Black,RAL 9005,#111111
29,89,129,56,2,Black,RAL 9005,#111111
29,89,130,55,8,Gray,RAL 7040,#8E98A3
29,89,131,54,8,Gray,RAL 7040,#8E98A3
29,89,132,53,8,Gray,RAL 7040,#8E98A3
29,89,133,52,8,Gray,RAL 7040,#8E98A3
29,89,134,51,8,Gray,RAL 7040,#8E98A3
29,89,135,50,8,Gray,RAL 7040,#8E98A3
29,89,136,49,8,Gray,RAL 7040,#8E98A3
29,89,137,48,8,Gray,RAL 7040,#8E98A3
29,89,138,47,8,Gray,RAL 7040,#8E98A3
29,89,139,46,8,Gray,RAL 7040,#8E98A3
29,89,140,45,8,Gray,RAL 7040,#8E98A3
29,89,141,44,8,Gray,RAL 7040,#8E98A3
29,89,142,43,8,Gray,RAL 7040,#8E98A3
29,89,143,42,8,Gray,RAL 7040,#8E98A3
29,89,144,41,8,Gray,RAL 7040,#8E98A3
29,89,145,40,8,Gray,RAL 7040,#8E98A3
29,89,146,39,8,Gray,RAL 7040,#8E98A3
29,89,147,38,8,Gray,RAL 7040,#8E98A3
29,89,148,37,8,Gray,RAL 7040,#8E98A3
29,89,149,36,8,Gray,RAL 7040,#8E98A3
29,89,150,35,8,Gray,RAL 7040,#8E98A3
29,89,151,34,8,Gray,RAL 7040,#8E98A3
29,89,152,33,8,Gray,RAL 7040,#8E98A3
29,89,153,32,8,Gray,RAL 7040,#8E98A3
29,89,154,31,8,Gray,RAL 7040,#8E98A3
29,89,155,30,8,Gray,RAL 7040,#8E98A3
29,89,156,29,8,Gray,RAL 7040,#8E98A3
29,89,157,28,8,Gray,RAL 7040,#8E98A3
29,89,158,27,8,Gray,RAL 7040,#8E98A3
29,89,159,26,8,Gray,RAL 7040,#8E98A3
29,89,160,25,8,Gray,RAL 7040,#8E98A3
29,89,161,24,8,Gray,RAL 7040,#8E98A3
29,89,162,23,8,Gray,RAL 7040,#8E98A3
29,89,163,22,8,Gray,RAL 7040,#8E98A3
29,89,164,21,8,Gray,RAL 7040,#8E98A3
29,89,165,20,8,Gray,RAL 7040,#8E98A3
29,89,166,19,8,Gray,RAL 7040,#8E98A3
29,89,167,18,8,Gray,RAL 7040,#8E98A3
29,89,168,17,8,Gray,RAL 7040,#8E98A3
29,89,169,16,8,Gray,RAL 7040,#8E98A3
29,89,170,15,8,Gray,RAL 7040,#8E98A3
29,89,171,14,8,Gray,RAL 7040,#8E98A3
29,89,172,13,8,Gray,RAL 7040,#8E98A3
29,89,173,12,8,Gray,RAL 7040,#8E98A3
29,89,174,11,8,Gray,RAL 7040,#8E98A3
29,89,175,10,8,Gray,RAL 7040,#8E98A3
29,89,176,9,8,Gray,RAL 7040,#8E98A3
29,89,177,8,8,Gray,RAL 7040,#8E98A3
29,89,178,7,8,Gray,RAL 7040,#8E98A3
29,89,179,6,8,Gray,RAL 7040,#8E98A3
29,89,180,5,8,Gray,RAL 7040,#8E98A3
29,89,181,4,8,Gray,RAL 7040,#8E98A3
29,89,182,3,8,Gray,RAL 7040,#8E98A3
29,89,183,2,8,Gray,RAL 7040,#8E98A3
29,89,184,1,8,Gray,RAL 7040,#8E98A3
30,88,1,184,2,Black,RAL 9005,#111111
30,88,2,183,2,Black,RAL 9005,#111111
30,88,3,182,2,Black,RAL 9005,#111111
30,88,4,181,2,Black,RAL 9005,#111111
30,88,5,180,2,Black,RAL 9005,#111111
30,88,6,179,2,Black,RAL 9005,#111111
30,88,7,178,2,Black,RAL 9005,#111111
30,88,8,177,2,Black,RAL 9005,#111111
30,88,9,176,2,Black,RAL 9005,#111111
30,88,10,175,2,Black,RAL 9005,#111111
30,88,11,174,2,Black,RAL 9005,#111111
30,88,12,173,2,Black,RAL 9005,#111111
30,88,13,172,2,Black,RAL 9005,#111111
30,88,14,171,2,Black,RAL 9005,#111111
30,88,15,170,2,Black,RAL 9005,#111111
30,88,16,169,2,Black,RAL 9005,#111111
30,88,17,168,2,Black,RAL 9005,#111111
30,88,18,167,2,Black,RAL 9005,#111111
30,88,19,166,2,Black,RAL 9005,#111111
30,88,20,165,2,Black,RAL 9005,#111111
30,88,21,164,2,Black,RAL 9005,#111111
30,88,22,163,2,Black,RAL 9005,#111111
30,88,23,162,2,Black,RAL 9005,#111111
30,88,24,161,2,Black,RAL 9005,#111111
30,88,25,160,2,Black,RAL 9005,#111111
30,88,26,159,2,Black,RAL 9005,#111111
30,88,27,158,2,Black,RAL 9005,#111111
30,88,28,157,2,Black,RAL 9005,#111111
30,88,29,156,2,Black,RAL 9005,#111111
30,88,30,155,2,Black,RAL 9005,#111111
30,88,31,154,2,Black,RAL 9005,#111111
30,88,32,153,2,Black,RAL 9005,#111111
30,88,33,152,2,Black,RAL 9005,#111111
30,88,34,151,2,Black,RAL 9005,#111111
30,88,35,150,2,Black,RAL 9005,#111111
30,88,36,149,2,Black,RAL 9005,#111111
30,88,37,148,2,Black,RAL 9005,#111111
30,88,38,147,2,Black,RAL 9005,#111111
30,88,39,146,2,Black,RAL 9005,#111111
30,88,40,145,2,Black,RAL 9005,#111111
30,88,41,144,2,Black,RAL 9005,#111111
30,88,42,143,2,Black,RAL 9005,#111111
30,88,43,142,2,Black,RAL 9005,#111111
30,88,44,141,2,Black,RAL 9005,#111111
30,88,45,140,2,Black,RAL 9005,#111111
30,88,46,139,2,Black,RAL 9005,#111111
30,88,47,138,2,Black,RAL 9005,#111111
30,88,48,137,2,Black,RAL 9005,#111111
30,88,49,136,2,Black,RAL 9005,#111111
30,88,50,135,2,Black,RAL 9005,#111111
30,88,51,134,2,Black,RAL 9005,#111111
30,88,52,133,2,Black,RAL 9005,#111111
30,88,53,132,2,Black,RAL 9005,#111111
30,88,54,131,2,Black,RAL 9005,#111111
30,88,55,130,2,Black,RAL 9005,#111111
30,88,56,129,2,Black,RAL 9005,#111111
30,88,57,128,2,Black,RAL 9005,#111111
30,88,58,127,2,Black,RAL 9005,#111111
30,88,59,126,2,Black,RAL 9005,#111111
30,88,60,125,2,Black,RAL 9005,#111111
30,88,61,124,2,Black,RAL 9005,#111111
30,88,62,123,2,Black,RAL 9005,#111111
30,88,63,122,2,Black,RAL 9005,#111111
30,88,64,121,2,Black,RAL 9005,#111111
30,88,65,120,2,Black,RAL 9005,#111111
30,88,66,119,2,Black,RAL 9005,#111111
30,88,67,118,2,Black,RAL 9005,#111111
30,88,68,117,2,Black,RAL 9005,#111111
30,88,69,116,2,Black,RAL 9005,#111111
30,88,70,115,2,Black,RAL 9005,#111111
30,88,71,114,2,Black,RAL 9005,#111111
30,88,72,113,2,Black,RAL 9005,#111111
30,88,73,112,2,Black,RAL 9005,#111111
30,88,74,111,2,Black,RAL 9005,#111111
30,88,75,110,2,Black,RAL 9005,#111111
30,88,76,109,2,Black,RAL 9005,#111111
30,88,77,108,2,Black,RAL 9005,#111111
30,88,78,107,2,Black,RAL 9005,#111111
30,88,79,106,2,Black,RAL 9005,#111111
30,88,80,105,2,Black,RAL 9005,#111111
30,88,81,104,2,Black,RAL 9005,#111111
30,88,82,103,2,Black,RAL 9005,#111111
30,88,83,102,2,Black,RAL 9005,#111111
30,88,84,101,2,Black,RAL 9005,#111111
30,88,85,100,2,Black,RAL 9005,#111111
30,88,86,99,2,Black,RAL 9005,#111111
30,88,87,98,2,Black,RAL 9005,#111111
30,88,88,97,2,Black,RAL 9005,#111111
30,88,89,96,2,Black,RAL 9005,#111111
30,88,90,95,2,Black,RAL 9005,#111111
30,88,91,94,2,Black,RAL 9005,#111111
30,88,92,93,2,Black,RAL 9005,#111111
30,88,93,92,2,Black,RAL 9005,#111111
30,88,94,91,2,Black,RAL 9005,#111111
30,88,95,90,2,Black,RAL 9005,#111111
30,88,96,89,2,Black,RAL 9005,#111111
30,88,97,88,2,Black,RAL 9005,#111111
30,88,98,87,2,Black,RAL 9005,#111111
30,88,99,86,2,Black,RAL 9005,#111111
30,88,100,85,2,Black,RAL 9005,#111111
30,88,101,84,2,Black,RAL 9005,#111111
30,88,102,83,2,Black,RAL 9005,#111111
30,88,103,82,2,Black,RAL 9005,#111111
30,88,104,81,8,Gray,RAL 7040,#8E98A3
30,88,105,80,8,Gray,RAL 7040,#8E98A3
30,88,106,79,8,Gray,RAL 7040,#8E98A3
30,88,107,78,8,Gray,RAL 7040,#8E98A3
30,88,108,77,8,Gray,RAL 7040,#8E98A3
30,88,109,76,8,Gray,RAL 7040,#8E98A3
30,88,110,75,8,Gray,RAL 7040,#8E98A3
30,88,111,74,8,Gray,RAL 7040,#8E98A3
30,88,112,73,8,Gray,RAL 7040,#8E98A3
30,88,113,72,8,Gray,RAL 7040,#8E98A3
30,88,114,71,8,Gray,RAL 7040,#8E98A3
30,88,115,70,8,Gray,RAL 7040,#8E98A3
30,88,116,69,8,Gray,RAL 7040,#8E98A3
30,88,117,68,8,Gray,RAL 7040,#8E98A3
30,88,118,67,8,Gray,RAL 7040,#8E98A3
30,88,119,66,8,Gray,RAL 7040,#8E98A3
30,88,120,65,8,Gray,RAL 7040,#8E98A3
30,88,121,64,8,Gray,RAL 7040,#8E98A3
30,88,122,63,8,Gray,RAL 7040,#8E98A3
30,88,123,62,8,Gray,RAL 7040,#8E98A3
30,88,124,61,8,Gray,RAL 7040,#8E98A3
30,88,125,60,8,Gray,RAL 7040,#8E98A3
30,88,126,59,8,Gray,RAL 7040,#8E98A3
30,88,127,58,8,Gray,RAL 7040,#8E98A3
30,88,128,57,2,Black,RAL 9005,#111111
30,88,129,56,2,Black,RAL 9005,#111111
30,88,130,55,8,Gray,RAL 7040,#8E98A3
30,88,131,54,8,Gray,RAL 7040,#8E98A3
30,88,132,53,8,Gray,RAL 7040,#8E98A3
30,88,133,52,8,Gray,RAL 7040,#8E98A3
30,88,134,51,8,Gray,RAL 7040,#8E98A3
30,88,135,50,8,Gray,RAL 7040,#8E98A3
30,88,136,49,8,Gray,RAL 7040,#8E98A3
30,88,137,48,8,Gray,RAL 7040,#8E98A3
30,88,138,47,8,Gray,RAL 7040,#8E98A3
30,88,139,46,8,Gray,RAL 7040,#8E98A3
30,88,140,45,8,Gray,RAL 7040,#8E98A3
30,88,141,44,8,Gray,RAL 7040,#8E98A3
30,88,142,43,8,Gray,RAL 7040,#8E98A3
30,88,143,42,8,Gray,RAL 7040,#8E98A3
30,88,144,41,8,Gray,RAL 7040,#8E98A3
30,88,145,40,8,Gray,RAL 7040,#8E98A3
30,88,146,39,8,Gray,RAL 7040,#8E98A3
30,88,147,38,8,Gray,RAL 7040,#8E98A3
30,88,148,37,8,Gray,RAL 7040,#8E98A3
30,88,149,36,8,Gray,RAL 7040,#8E98A3
30,88,150,35,8,Gray,RAL 7040,#8E98A3
30,88,151,34,8,Gray,RAL 7040,#8E98A3
30,88,152,33,8,Gray,RAL 7040,#8E98A3
30,88,153,32,8,Gray,RAL 7040,#8E98A3
30,88,154,31,8,Gray,RAL 7040,#8E98A3
30,88,155,30,8,Gray,RAL 7040,#8E98A3
30,88,156,29,8,Gray,RAL 7040,#8E98A3
30,88,157,28,8,Gray,RAL 7040,#8E98A3
30,88,158,27,8,Gray,RAL 7040,#8E98A3
30,88,159,26,8,Gray,RAL 7040,#8E98A3
30,88,160,25,8,Gray,RAL 7040,#8E98A3
30,88,161,24,8,Gray,RAL 7040,#8E98A3
30,88,162,23,8,Gray,RAL 7040,#8E98A3
30,88,163,22,8,Gray,RAL 7040,#8E98A3
30,88,164,21,8,Gray,RAL 7040,#8E98A3
30,88,165,20,8,Gray,RAL 7040,#8E98A3
30,88,166,19,8,Gray,RAL 7040,#8E98A3
30,88,167,18,8,Gray,RAL 7040,#8E98A3
30,88,168,17,8,Gray,RAL 7040,#8E98A3
30,88,169,16,8,Gray,RAL 7040,#8E98A3
30,88,170,15,8,Gray,RAL 7040,#8E98A3
30,88,171,14,8,Gray,RAL 7040,#8E98A3
30,88,172,13,8,Gray,RAL 7040,#8E98A3
30,88,173,12,8,Gray,RAL 7040,#8E98A3
30,88,174,11,8,Gray,RAL 7040,#8E98A3
30,88,175,10,8,Gray,RAL 7040,#8E98A3
30,88,176,9,8,Gray,RAL 7040,#8E98A3
30,88,177,8,8,Gray,RAL 7040,#8E98A3
30,88,178,7,8,Gray,RAL 7040,#8E98A3
30,88,179,6,8,Gray,RAL 7040,#8E98A3
30,88,180,5,8,Gray,RAL 7040,#8E98A3
30,88,181,4,8,Gray,RAL 7040,#8E98A3
30,88,182,3,8,Gray,RAL 7040,#8E98A3
30,88,183,2,8,Gray,RAL 7040,#8E98A3
30,88,184,1,8,Gray,RAL 7040,#8E98A3
31,87,1,184,2,Black,RAL 9005,#111111
31,87,2,183,2,Black,RAL 9005,#111111
31,87,3,182,2,Black,RAL 9005,#111111
31,87,4,181,2,Black,RAL 9005,#111111
31,87,5,180,2,Black,RAL 9005,#111111
31,87,6,179,2,Black,RAL 9005,#111111
31,87,7,178,2,Black,RAL 9005,#111111
31,87,8,177,2,Black,RAL 9005,#111111
31,87,9,176,2,Black,RAL 9005,#111111
31,87,10,175,2,Black,RAL 9005,#111111
31,87,11,174,2,Black,RAL 9005,#111111
31,87,12,173,2,Black,RAL 9005,#111111
31,87,13,172,2,Black,RAL 9005,#111111
31,87,14,171,2,Black,RAL 9005,#111111
31,87,15,170,2,Black,RAL 9005,#111111
31,87,16,169,2,Black,RAL 9005,#111111
31,87,17,168,2,Black,RAL 9005,#111111
31,87,18,167,2,Black,RAL 9005,#111111
31,87,19,166,2,Black,RAL 9005,#111111
31,87,20,165,2,Black,RAL 9005,#111111
31,87,21,164,2,Black,RAL 9005,#111111
31,87,22,163,2,Black,RAL 9005,#111111
31,87,23,162,2,Black,RAL 9005,#111111
31,87,24,161,2,Black,RAL 9005,#111111
31,87,25,160,2,Black,RAL 9005,#111111
31,87,26,159,2,Black,RAL 9005,#111111
31,87,27,158,2,Black,RAL 9005,#111111
31,87,28,157,2,Black,RAL 9005,#111111
31,87,29,156,2,Black,RAL 9005,#111111
31,87,30,155,2,Black,RAL 9005,#111111
31,87,31,154,2,Black,RAL 9005,#111111
31,87,32,153,2,Black,RAL 9005,#111111
31,87,33,152,2,Black,RAL 9005,#111111
31,87,34,151,2,Black,RAL 9005,#111111
31,87,35,150,2,Black,RAL 9005,#111111
31,87,36,149,2,Black,RAL 9005,#111111
31,87,37,148,2,Black,RAL 9005,#111111
31,87,38,147,2,Black,RAL 9005,#111111
31,87,39,146,2,Black,RAL 9005,#111111
31,87,40,145,2,Black,RAL 9005,#111111
31,87,41,144,2,Black,RAL 9005,#111111
31,87,42,143,2,Black,RAL 9005,#111111
31,87,43,142,2,Black,RAL 9005,#111111
31,87,44,141,2,Black,RAL 9005,#111111
31,87,45,140,2,Black,RAL 9005,#111111
31,87,46,139,2,Black,RAL 9005,#111111
31,87,47,138,2,Black,RAL 9005,#111111
31,87,48,137,2,Black,RAL 9005,#111111
31,87,49,136,2,Black,RAL 9005,#111111
31,87,50,135,2,Black,RAL 9005,#111111
31,87,51,134,2,Black,RAL 9005,#111111
31,87,52,133,2,Black,RAL 9005,#111111
31,87,53,132,2,Black,RAL 9005,#111111
31,87,54,131,2,Black,RAL 9005,#111111
31,87,55,130,2,Black,RAL 9005,#111111
31,87,56,129,2,Black,RAL 9005,#111111
31,87,57,128,2,Black,RAL 9005,#111111
31,87,58,127,2,Black,RAL 9005,#111111
31,87,59,126,2,Black,RAL 9005,#111111
31,87,60,125,2,Black,RAL 9005,#111111
31,87,61,124,2,Black,RAL 9005,#111111
31,87,62,123,2,Black,RAL 9005,#111111
31,87,63,122,2,Black,RAL 9005,#111111
31,87,64,121,2,Black,RAL 9005,#111111
31,87,65,120,2,Black,RAL 9005,#111111
31,87,66,119,2,Black,RAL 9005,#111111
31,87,67,118,2,Black,RAL 9005,#111111
31,87,68,117,2,Black,RAL 9005,#111111
31,87,69,116,2,Black,RAL 9005,#111111
31,87,70,115,2,Black,RAL 9005,#111111
31,87,71,114,2,Black,RAL 9005,#111111
31,87,72,113,2,Black,RAL 9005,#111111
31,87,73,112,2,Black,RAL 9005,#111111
31,87,74,111,2,Black,RAL 9005,#111111
31,87,75,110,2,Black,RAL 9005,#111111
31,87,76,109,2,Black,RAL 9005,#111111
31,87,77,108,2,Black,RAL 9005,#111111
31,87,78,107,2,Black,RAL 9005,#111111
31,87,79,106,2,Black,RAL 9005,#111111
31,87,80,105,2,Black,RAL 9005,#111111
31,87,81,104,2,Black,RAL 9005,#111111
31,87,82,103,2,Black,RAL 9005,#111111
31,87,83,102,2,Black,RAL 9005,#111111
31,87,84,101,2,Black,RAL 9005,#111111
31,87,85,100,2,Black,RAL 9005,#111111
31,87,86,99,2,Black,RAL 9005,#111111
31,87,87,98,2,Black,RAL 9005,#111111
31,87,88,97,2,Black,RAL 9005,#111111
31,87,89,96,2,Black,RAL 9005,#111111
31,87,90,95,2,Black,RAL 9005,#111111
31,87,91,94,2,Black,RAL 9005,#111111
31,87,92,93,2,Black,RAL 9005,#111111
31,87,93,92,2,Black,RAL 9005,#111111
31,87,94,91,2,Black,RAL 9005,#111111
31,87,95,90,2,Black,RAL 9005,#111111
31,87,96,89,2,Black,RAL 9005,#111111
31,87,97,88,2,Black,RAL 9005,#111111
31,87,98,87,2,Black,RAL 9005,#111111
31,87,99,86,2,Black,RAL 9005,#111111
31,87,100,85,2,Black,RAL 9005,#111111
31,87,101,84,2,Black,RAL 9005,#111111
31,87,102,83,2,Black,RAL 9005,#111111
31,87,103,82,8,Gray,RAL 7040,#8E98A3
31,87,104,81,8,Gray,RAL 7040,#8E98A3
31,87,105,80,8,Gray,RAL 7040,#8E98A3
31,87,106,79,8,Gray,RAL 7040,#8E98A3
31,87,107,78,8,Gray,RAL 7040,#8E98A3
31,87,108,77,8,Gray,RAL 7040,#8E98A3
31,87,109,76,8,Gray,RAL 7040,#8E98A3
31,87,110,75,8,Gray,RAL 7040,#8E98A3
31,87,111,74,8,Gray,RAL 7040,#8E98A3
31,87,112,73,8,Gray,RAL 7040,#8E98A3
31,87,113,72,8,Gray,RAL 7040,#8E98A3
31,87,114,71,8,Gray,RAL 7040,#8E98A3
31,87,115,70,8,Gray,RAL 7040,#8E98A3
31,87,116,69,8,Gray,RAL 7040,#8E98A3
31,87,117,68,8,Gray,RAL 7040,#8E98A3
31,87,118,67,8,Gray,RAL 7040,#8E98A3
31,87,119,66,8,Gray,RAL 7040,#8E98A3
31,87,120,65,8,Gray,RAL 7040,#8E98A3
31,87,121,64,8,Gray,RAL 7040,#8E98A3
31,87,122,63,8,Gray,RAL 7040,#8E98A3
31,87,123,62,8,Gray,RAL 7040,#8E98A3
31,87,124,61,8,Gray,RAL 7040,#8E98A3
31,87,125,60,8,Gray,RAL 7040,#8E98A3
31,87,126,59,8,Gray,RAL 7040,#8E98A3
31,87,127,58,8,Gray,RAL 7040,#8E98A3
31,87,128,57,8,Gray,RAL 7040,#8E98A3
31,87,129,56,2,Black,RAL 9005,#111111
31,87,130,55,8,Gray,RAL 7040,#8E98A3
31,87,131,54,8,Gray,RAL 7040,#8E98A3
31,87,132,53,8,Gray,RAL 7040,#8E98A3
31,87,133,52,8,Gray,RAL 7040,#8E98A3
31,87,134,51,8,Gray,RAL 7040,#8E98A3
31,87,135,50,8,Gray,RAL 7040,#8E98A3
31,87,136,49,8,Gray,RAL 7040,#8E98A3
31,87,137,48,8,Gray,RAL 7040,#8E98A3
31,87,138,47,8,Gray,RAL 7040,#8E98A3
31,87,139,46,8,Gray,RAL 7040,#8E98A3
31,87,140,45,8,Gray,RAL 7040,#8E98A3
31,87,141,44,8,Gray,RAL 7040,#8E98A3
31,87,142,43,8,Gray,RAL 7040,#8E98A3
31,87,143,42,8,Gray,RAL 7040,#8E98A3
31,87,144,41,8,Gray,RAL 7040,#8E98A3
31,87,145,40,8,Gray,RAL 7040,#8E98A3
31,87,146,39,8,Gray,RAL 7040,#8E98A3
31,87,147,38,8,Gray,RAL 7040,#8E98A3
31,87,148,37,8,Gray,RAL 7040,#8E98A3
31,87,149,36,8,Gray,RAL 7040,#8E98A3
31,87,150,35,8,Gray,RAL 7040,#8E98A3
31,87,151,34,8,Gray,RAL 7040,#8E98A3
31,87,152,33,8,Gray,RAL 7040,#8E98A3
31,87,153,32,8,Gray,RAL 7040,#8E98A3
31,87,154,31,8,Gray,RAL 7040,#8E98A3
31,87,155,30,8,Gray,RAL 7040,#8E98A3
31,87,156,29,8,Gray,RAL 7040,#8E98A3
31,87,157,28,8,Gray,RAL 7040,#8E98A3
31,87,158,27,8,Gray,RAL 7040,#8E98A3
31,87,159,26,8,Gray,RAL 7040,#8E98A3
31,87,160,25,8,Gray,RAL 7040,#8E98A3
31,87,161,24,8,Gray,RAL 7040,#8E98A3
31,87,162,23,8,Gray,RAL 7040,#8E98A3
31,87,163,22,8,Gray,RAL 7040,#8E98A3
31,87,164,21,8,Gray,RAL 7040,#8E98A3
31,87,165,20,8,Gray,RAL 7040,#8E98A3
31,87,166,19,8,Gray,RAL 7040,#8E98A3
31,87,167,18,8,Gray,RAL 7040,#8E98A3
31,87,168,17,8,Gray,RAL 7040,#8E98A3
31,87,169,16,8,Gray,RAL 7040,#8E98A3
31,87,170,15,8,Gray,RAL 7040,#8E98A3
31,87,171,14,8,Gray,RAL 7040,#8E98A3
31,87,172,13,8,Gray,RAL 7040,#8E98A3
31,87,173,12,8,Gray,RAL 7040,#8E98A3
31,87,174,11,8,Gray,RAL 7040,#8E98A3
31,87,175,10,8,Gray,RAL 7040,#8E98A3
31,87,176,9,8,Gray,RAL 7040,#8E98A3
31,87,177,8,8,Gray,RAL 7040,#8E98A3
31,87,178,7,8,Gray,RAL 7040,#8E98A3
31,87,179,6,8,Gray,RAL 7040,#8E98A3
31,87,180,5,8,Gray,RAL 7040,#8E98A3
31,87,181,4,8,Gray,RAL 7040,#8E98A3
31,87,182,3,8,Gray,RAL 7040,#8E98A3
31,87,183,2,8,Gray,RAL 7040,#8E98A3
31,87,184,1,8,Gray,RAL 7040,#8E98A3
32,86,1,184,2,Black,RAL 9005,#111111
32,86,2,183,2,Black,RAL 9005,#111111
32,86,3,182,2,Black,RAL 9005,#111111
32,86,4,181,2,Black,RAL 9005,#111111
32,86,5,180,2,Black,RAL 9005,#111111
32,86,6,179,2,Black,RAL 9005,#111111
32,86,7,178,2,Black,RAL 9005,#111111
32,86,8,177,2,Black,RAL 9005,#111111
32,86,9,176,2,Black,RAL 9005,#111111
32,86,10,175,2,Black,RAL 9005,#111111
32,86,11,174,2,Black,RAL 9005,#111111
32,86,12,173,2,Black,RAL 9005,#111111
32,86,13,172,2,Black,RAL 9005,#111111
32,86,14,171,2,Black,RAL 9005,#111111
32,86,15,170,2,Black,RAL 9005,#111111
32,86,16,169,2,Black,RAL 9005,#111111
32,86,17,168,2,Black,RAL 9005,#111111
32,86,18,167,2,Black,RAL 9005,#111111
32,86,19,166,2,Black,RAL 9005,#111111
32,86,20,165,2,Black,RAL 9005,#111111
32,86,21,164,2,Black,RAL 9005,#111111
32,86,22,163,2,Black,RAL 9005,#111111
32,86,23,162,2,Black,RAL 9005,#111111
32,86,24,161,2,Black,RAL 9005,#111111
32,86,25,160,2,Black,RAL 9005,#111111
32,86,26,159,2,Black,RAL 9005,#111111
32,86,27,158,2,Black,RAL 9005,#111111
32,86,28,157,2,Black,RAL 9005,#111111
32,86,29,156,2,Black,RAL 9005,#111111
32,86,30,155,2,Black,RAL 9005,#111111
32,86,31,154,2,Black,RAL 9005,#111111
32,86,32,153,2,Black,RAL 9005,#111111
32,86,33,152,2,Black,RAL 9005,#111111
32,86,34,151,2,Black,RAL 9005,#111111
32,86,35,150,2,Black,RAL 9005,#111111
32,86,36,149,2,Black,RAL 9005,#111111
32,86,37,148,2,Black,RAL 9005,#111111
32,86,38,147,2,Black,RAL 9005,#111111
32,86,39,146,2,Black,RAL 9005,#111111
32,86,40,145,2,Black,RAL 9005,#111111
32,86,41,144,2,Black,RAL 9005,#111111
32,86,42,143,2,Black,RAL 9005,#111111
32,86,43,142,2,Black,RAL 9005,#111111
32,86,44,141,2,Black,RAL 9005,#111111
32,86,45,140,2,Black,RAL 9005,#111111
32,86,46,139,2,Black,RAL 9005,#111111
32,86,47,138,2,Black,RAL 9005,#111111
32,86,48,137,2,Black,RAL 9005,#111111
32,86,49,136,2,Black,RAL 9005,#111111
32,86,50,135,2,Black,RAL 9005,#111111
32,86,51,134,2,Black,RAL 9005,#111111
32,86,52,133,2,Black,RAL 9005,#111111
32,86,53,132,2,Black,RAL 9005,#111111
32,86,54,131,2,Black,RAL 9005,#111111
32,86,55,130,2,Black,RAL 9005,#111111
32,86,56,129,2,Black,RAL 9005,#111111
32,86,57,128,2,Black,RAL 9005,#111111
32,86,58,127,2,Black,RAL 9005,#111111
32,86,59,126,2,Black,RAL 9005,#111111
32,86,60,125,2,Black,RAL 9005,#111111
32,86,61,124,2,Black,RAL 9005,#111111
32,86,62,123,2,Black,RAL 9005,#111111
32,86,63,122,2,Black,RAL 9005,#111111
32,86,64,121,2,Black,RAL 9005,#111111
32,86,65,120,2,Black,RAL 9005,#111111
32,86,66,119,2,Black,RAL 9005,#111111
32,86,67,118,2,Black,RAL 9005,#111111
32,86,68,117,2,Black,RAL 9005,#111111
32,86,69,116,2,Black,RAL 9005,#111111
32,86,70,115,2,Black,RAL 9005,#111111
32,86,71,114,2,Black,RAL 9005,#111111
32,86,72,113,2,Black,RAL 9005,#111111
32,86,73,112,2,Black,RAL 9005,#111111
32,86,74,111,2,Black,RAL 9005,#111111
32,86,75,110,2,Black,RAL 9005,#111111
32,86,76,109,2,Black,RAL 9005,#111111
32,86,77,108,2,Black,RAL 9005,#111111
32,86,78,107,2,Black,RAL 9005,#111111
32,86,79,106,2,Black,RAL 9005,#111111
32,86,80,105,2,Black,RAL 9005,#111111
32,86,81,104,2,Black,RAL 9005,#111111
32,86,82,103,2,Black,RAL 9005,#111111
32,86,83,102,2,Black,RAL 9005,#111111
32,86,84,101,2,Black,RAL 9005,#111111
32,86,85,100,2,Black,RAL 9005,#111111
32,86,86,99,2,Black,RAL 9005,#111111
32,86,87,98,2,Black,RAL 9005,#111111
32,86,88,97,2,Black,RAL 9005,#111111
32,86,89,96,2,Black,RAL 9005,#111111
32,86,90,95,2,Black,RAL 9005,#111111
32,86,91,94,2,Black,RAL 9005,#111111
32,86,92,93,2,Black,RAL 9005,#111111
32,86,93,92,2,Black,RAL 9005,#111111
32,86,94,91,2,Black,RAL 9005,#111111
32,86,95,90,2,Black,RAL 9005,#111111
32,86,96,89,2,Black,RAL 9005,#111111
32,86,97,88,2,Black,RAL 9005,#111111
32,86,98,87,2,Black,RAL 9005,#111111
32,86,99,86,2,Black,RAL 9005,#111111
32,86,100,85,2,Black,RAL 9005,#111111
32,86,101,84,2,Black,RAL 9005,#111111
32,86,102,83,8,Gray,RAL 7040,#8E98A3
32,86,103,82,8,Gray,RAL 7040,#8E98A3
32,86,104,81,8,Gray,RAL 7040,#8E98A3
32,86,105,80,8,Gray,RAL 7040,#8E98A3
32,86,106,79,8,Gray,RAL 7040,#8E98A3
32,86,107,78,8,Gray,RAL 7040,#8E98A3
32,86,108,77,8,Gray,RAL 7040,#8E98A3
32,86,109,76,8,Gray,RAL 7040,#8E98A3
32,86,110,75,8,Gray,RAL 7040,#8E98A3
32,86,111,74,8,Gray,RAL 7040,#8E98A3
32,86,112,73,8,Gray,RAL 7040,#8E98A3
32,86,113,72,8,Gray,RAL 7040,#8E98A3
32,86,114,71,8,Gray,RAL 7040,#8E98A3
32,86,115,70,8,Gray,RAL 7040,#8E98A3
32,86,116,69,8,Gray,RAL 7040,#8E98A3
32,86,117,68,8,Gray,RAL 7040,#8E98A3
32,86,118,67,8,Gray,RAL 7040,#8E98A3
32,86,119,66,8,Gray,RAL 7040,#8E98A3
32,86,120,65,8,Gray,RAL 7040,#8E98A3
32,86,121,64,8,Gray,RAL 7040,#8E98A3
32,86,122,63,8,Gray,RAL 7040,#8E98A3
32,86,123,62,8,Gray,RAL 7040,#8E98A3
32,86,124,61,8,Gray,RAL 7040,#8E98A3
32,86,125,60,8,Gray,RAL 7040,#8E98A3
32,86,126,59,8,Gray,RAL 7040,#8E98A3
32,86,127,58,8,Gray,RAL 7040,#8E98A3
32,86,128,57,8,Gray,RAL 7040,#8E98A3
32,86,129,56,8,Gray,RAL 7040,#8E98A3
32,86,130,55,2,Black,RAL 9005,#111111
32,86,131,54,8,Gray,RAL 7040,#8E98A3
32,86,132,53,8,Gray,RAL 7040,#8E98A3
32,86,133,52,8,Gray,RAL 7040,#8E98A3
32,86,134,51,8,Gray,RAL 7040,#8E98A3
32,86,135,50,8,Gray,RAL 7040,#8E98A3
32,86,136,49,8,Gray,RAL 7040,#8E98A3
32,86,137,48,8,Gray,RAL 7040,#8E98A3
32,86,138,47,8,Gray,RAL 7040,#8E98A3
32,86,139,46,8,Gray,RAL 7040,#8E98A3
32,86,140,45,8,Gray,RAL 7040,#8E98A3
32,86,141,44,8,Gray,RAL 7040,#8E98A3
32,86,142,43,8,Gray,RAL 7040,#8E98A3
32,86,143,42,8,Gray,RAL 7040,#8E98A3
32,86,144,41,8,Gray,RAL 7040,#8E98A3
32,86,145,40,8,Gray,RAL 7040,#8E98A3
32,86,146,39,8,Gray,RAL 7040,#8E98A3
32,86,147,38,8,Gray,RAL 7040,#8E98A3
32,86,148,37,8,Gray,RAL 7040,#8E98A3
32,86,149,36,8,Gray,RAL 7040,#8E98A3
32,86,150,35,8,Gray,RAL 7040,#8E98A3
32,86,151,34,8,Gray,RAL 7040,#8E98A3
32,86,152,33,8,Gray,RAL 7040,#8E98A3
32,86,153,32,8,Gray,RAL 7040,#8E98A3
32,86,154,31,8,Gray,RAL 7040,#8E98A3
32,86,155,30,8,Gray,RAL 7040,#8E98A3
32,86,156,29,8,Gray,RAL 7040,#8E98A3
32,86,157,28,8,Gray,RAL 7040,#8E98A3
32,86,158,27,8,Gray,RAL 7040,#8E98A3
32,86,159,26,8,Gray,RAL 7040,#8E98A3
32,86,160,25,8,Gray,RAL 7040,#8E98A3
32,86,161,24,8,Gray,RAL 7040,#8E98A3
32,86,162,23,8,Gray,RAL 7040,#8E98A3
32,86,163,22,8,Gray,RAL 7040,#8E98A3
32,86,164,21,8,Gray,RAL 7040,#8E98A3
32,86,165,20,8,Gray,RAL 7040,#8E98A3
32,86,166,19,8,Gray,RAL 7040,#8E98A3
32,86,167,18,8,Gray,RAL 7040,#8E98A3
32,86,168,17,8,Gray,RAL 7040,#8E98A3
32,86,169,16,8,Gray,RAL 7040,#8E98A3
32,86,170,15,8,Gray,RAL 7040,#8E98A3
32,86,171,14,8,Gray,RAL 7040,#8E98A3
32,86,172,13,8,Gray,RAL 7040,#8E98A3
32,86,173,12,8,Gray,RAL 7040,#8E98A3
32,86,174,11,8,Gray,RAL 7040,#8E98A3
32,86,175,10,8,Gray,RAL 7040,#8E98A3
32,86,176,9,8,Gray,RAL 7040,#8E98A3
32,86,177,8,8,Gray,RAL 7040,#8E98A3
32,86,178,7,8,Gray,RAL 7040,#8E98A3
32,86,179,6,8,Gray,RAL 7040,#8E98A3
32,86,180,5,8,Gray,RAL 7040,#8E98A3
32,86,181,4,8,Gray,RAL 7040,#8E98A3
32,86,182,3,8,Gray,RAL 7040,#8E98A3
32,86,183,2,8,Gray,RAL 7040,#8E98A3
32,86,184,1,8,Gray,RAL 7040,#8E98A3
33,85,1,184,2,Black,RAL 9005,#111111
33,85,2,183,2,Black,RAL 9005,#111111
33,85,3,182,2,Black,RAL 9005,#111111
33,85,4,181,2,Black,RAL 9005,#111111
33,85,5,180,2,Black,RAL 9005,#111111
33,85,6,179,2,Black,RAL 9005,#111111
33,85,7,178,2,Black,RAL 9005,#111111
33,85,8,177,2,Black,RAL 9005,#111111
33,85,9,176,2,Black,RAL 9005,#111111
33,85,10,175,2,Black,RAL 9005,#111111
33,85,11,174,2,Black,RAL 9005,#111111
33,85,12,173,2,Black,RAL 9005,#111111
33,85,13,172,2,Black,RAL 9005,#111111
33,85,14,171,2,Black,RAL 9005,#111111
33,85,15,170,2,Black,RAL 9005,#111111
33,85,16,169,2,Black,RAL 9005,#111111
33,85,17,168,2,Black,RAL 9005,#111111
33,85,18,167,2,Black,RAL 9005,#111111
33,85,19,166,2,Black,RAL 9005,#111111
33,85,20,165,2,Black,RAL 9005,#111111
33,85,21,164,2,Black,RAL 9005,#111111
33,85,22,163,2,Black,RAL 9005,#111111
33,85,23,162,2,Black,RAL 9005,#111111
33,85,24,161,2,Black,RAL 9005,#111111
33,85,25,160,2,Black,RAL 9005,#111111
33,85,26,159,2,Black,RAL 9005,#111111
33,85,27,158,2,Black,RAL 9005,#111111
33,85,28,157,2,Black,RAL 9005,#111111
33,85,29,156,2,Black,RAL 9005,#111111
33,85,30,155,2,Black,RAL 9005,#111111
33,85,31,154,2,Black,RAL 9005,#111111
33,85,32,153,2,Black,RAL 9005,#111111
33,85,33,152,2,Black,RAL 9005,#111111
33,85,34,151,2,Black,RAL 9005,#111111
33,85,35,150,2,Black,RAL 9005,#111111
33,85,36,149,2,Black,RAL 9005,#111111
33,85,37,148,2,Black,RAL 9005,#111111
33,85,38,147,2,Black,RAL 9005,#111111
33,85,39,146,2,Black,RAL 9005,#111111
33,85,40,145,2,Black,RAL 9005,#111111
33,85,41,144,2,Black,RAL 9005,#111111
33,85,42,143,2,Black,RAL 9005,#111111
33,85,43,142,2,Black,RAL 9005,#111111
33,85,44,141,2,Black,RAL 9005,#111111
33,85,45,140,2,Black,RAL 9005,#111111
33,85,46,139,2,Black,RAL 9005,#111111
33,85,47,138,2,Black,RAL 9005,#111111
33,85,48,137,2,Black,RAL 9005,#111111
33,85,49,136,2,Black,RAL 9005,#111111
33,85,50,135,2,Black,RAL 9005,#111111
33,85,51,134,2,Black,RAL 9005,#111111
33,85,52,133,2,Black,RAL 9005,#111111
33,85,53,132,2,Black,RAL 9005,#111111
33,85,54,131,2,Black,RAL 9005,#111111
33,85,55,130,2,Black,RAL 9005,#111111
33,85,56,129,2,Black,RAL 9005,#111111
33,85,57,128,2,Black,RAL 9005,#111111
33,85,58,127,2,Black,RAL 9005,#111111
33,85,59,126,2,Black,RAL 9005,#111111
33,85,60,125,2,Black,RAL 9005,#111111
33,85,61,124,2,Black,RAL 9005,#111111
33,85,62,123,2,Black,RAL 9005,#111111
33,85,63,122,2,Black,RAL 9005,#111111
33,85,64,121,2,Black,RAL 9005,#111111
33,85,65,120,2,Black,RAL 9005,#111111
33,85,66,119,2,Black,RAL 9005,#111111
33,85,67,118,2,Black,RAL 9005,#111111
33,85,68,117,2,Black,RAL 9005,#111111
33,85,69,116,2,Black,RAL 9005,#111111
33,85,70,115,2,Black,RAL 9005,#111111
33,85,71,114,2,Black,RAL 9005,#111111
33,85,72,113,2,Black,RAL 9005,#111111
33,85,73,112,2,Black,RAL 9005,#111111
33,85,74,111,2,Black,RAL 9005,#111111
33,85,75,110,2,Black,RAL 9005,#111111
33,85,76,109,2,Black,RAL 9005,#111111
33,85,77,108,2,Black,RAL 9005,#111111
33,85,78,107,2,Black,RAL 9005,#111111
33,85,79,106,2,Black,RAL 9005,#111111
33,85,80,105,2,Black,RAL 9005,#111111
33,85,81,104,2,Black,RAL 9005,#111111
33,85,82,103,2,Black,RAL 9005,#111111
33,85,83,102,2,Black,RAL 9005,#111111
33,85,84,101,2,Black,RAL 9005,#111111
33,85,85,100,2,Black,RAL 9005,#111111
33,85,86,99,2,Black,RAL 9005,#111111
33,85,87,98,2,Black,RAL 9005,#111111
33,85,88,97,2,Black,RAL 9005,#111111
33,85,89,96,2,Black,RAL 9005,#111111
33,85,90,95,2,Black,RAL 9005,#111111
33,85,91,94,2,Black,RAL 9005,#111111
33,85,92,93,2,Black,RAL 9005,#111111
33,85,93,92,2,Black,RAL 9005,#111111
33,85,94,91,2,Black,RAL 9005,#111111
33,85,95,90,2,Black,RAL 9005,#111111
33,85,96,89,2,Black,RAL 9005,#111111
33,85,97,88,2,Black,RAL 9005,#111111
33,85,98,87,2,Black,RAL 9005,#111111
33,85,99,86,2,Black,RAL 9005,#111111
33,85,100,85,2,Black,RAL 9005,#111111
33,85,101,84,2,Black,RAL 9005,#111111
33,85,102,83,8,Gray,RAL 7040,#8E98A3
33,85,103,82,8,Gray,RAL 7040,#8E98A3
33,85,104,81,8,Gray,RAL 7040,#8E98A3
33,85,105,80,8,Gray,RAL 7040,#8E98A3
33,85,106,79,8,Gray,RAL 7040,#8E98A3
33,85,107,78,8,Gray,RAL 7040,#8E98A3
33,85,108,77,8,Gray,RAL 7040,#8E98A3
33,85,109,76,8,Gray,RAL 7040,#8E98A3
33,85,110,75,8,Gray,RAL 7040,#8E98A3
33,85,111,74,8,Gray,RAL 7040,#8E98A3
33,85,112,73,8,Gray,RAL 7040,#8E98A3
33,85,113,72,8,Gray,RAL 7040,#8E98A3
33,85,114,71,8,Gray,RAL 7040,#8E98A3
33,85,115,70,8,Gray,RAL 7040,#8E98A3
33,85,116,69,8,Gray,RAL 7040,#8E98A3
33,85,117,68,8,Gray,RAL 7040,#8E98A3
33,85,118,67,8,Gray,RAL 7040,#8E98A3
33,85,119,66,8,Gray,RAL 7040,#8E98A3
33,85,120,65,8,Gray,RAL 7040,#8E98A3
33,85,121,64,8,Gray,RAL 7040,#8E98A3
33,85,122,63,8,Gray,RAL 7040,#8E98A3
33,85,123,62,8,Gray,RAL 7040,#8E98A3
33,85,124,61,8,Gray,RAL 7040,#8E98A3
33,85,125,60,8,Gray,RAL 7040,#8E98A3
33,85,126,59,8,Gray,RAL 7040,#8E98A3
33,85,127,58,8,Gray,RAL 7040,#8E98A3
33,85,128,57,8,Gray,RAL 7040,#8E98A3
33,85,129,56,8,Gray,RAL 7040,#8E98A3
33,85,130,55,8,Gray,RAL 7040,#8E98A3
33,85,131,54,8,Gray,RAL 7040,#8E98A3
33,85,132,53,8,Gray,RAL 7040,#8E98A3
33,85,133,52,8,Gray,RAL 7040,#8E98A3
33,85,134,51,8,Gray,RAL 7040,#8E98A3
33,85,135,50,8,Gray,RAL 7040,#8E98A3
33,85,136,49,8,Gray,RAL 7040,#8E98A3
33,85,137,48,8,Gray,RAL 7040,#8E98A3
33,85,138,47,8,Gray,RAL 7040,#8E98A3
33,85,139,46,8,Gray,RAL 7040,#8E98A3
33,85,140,45,8,Gray,RAL 7040,#8E98A3
33,85,141,44,8,Gray,RAL 7040,#8E98A3
33,85,142,43,8,Gray,RAL 7040,#8E98A3
33,85,143,42,8,Gray,RAL 7040,#8E98A3
33,85,144,41,8,Gray,RAL 7040,#8E98A3
33,85,145,40,8,Gray,RAL 7040,#8E98A3
33,85,146,39,8,Gray,RAL 7040,#8E98A3
33,85,147,38,8,Gray,RAL 7040,#8E98A3
33,85,148,37,8,Gray,RAL 7040,#8E98A3
33,85,149,36,8,Gray,RAL 7040,#8E98A3
33,85,150,35,8,Gray,RAL 7040,#8E98A3
33,85,151,34,8,Gray,RAL 7040,#8E98A3
33,85,152,33,8,Gray,RAL 7040,#8E98A3
33,85,153,32,8,Gray,RAL 7040,#8E98A3
33,85,154,31,8,Gray,RAL 7040,#8E98A3
33,85,155,30,8,Gray,RAL 7040,#8E98A3
33,85,156,29,8,Gray,RAL 7040,#8E98A3
33,85,157,28,8,Gray,RAL 7040,#8E98A3
33,85,158,27,8,Gray,RAL 7040,#8E98A3
33,85,159,26,8,Gray,RAL 7040,#8E98A3
33,85,160,25,8,Gray,RAL 7040,#8E98A3
33,85,161,24,8,Gray,RAL 7040,#8E98A3
33,85,162,23,8,Gray,RAL 7040,#8E98A3
33,85,163,22,8,Gray,RAL 7040,#8E98A3
33,85,164,21,8,Gray,RAL 7040,#8E98A3
33,85,165,20,8,Gray,RAL 7040,#8E98A3
33,85,166,19,8,Gray,RAL 7040,#8E98A3
33,85,167,18,8,Gray,RAL 7040,#8E98A3
33,85,168,17,8,Gray,RAL 7040,#8E98A3
33,85,169,16,8,Gray,RAL 7040,#8E98A3
33,85,170,15,8,Gray,RAL 7040,#8E98A3
33,85,171,14,8,Gray,RAL 7040,#8E98A3
33,85,172,13,8,Gray,RAL 7040,#8E98A3
33,85,173,12,8,Gray,RAL 7040,#8E98A3
33,85,174,11,8,Gray,RAL 7040,#8E98A3
33,85,175,10,8,Gray,RAL 7040,#8E98A3
33,85,176,9,8,Gray,RAL 7040,#8E98A3
33,85,177,8,8,Gray,RAL 7040,#8E98A3
33,85,178,7,8,Gray,RAL 7040,#8E98A3
33,85,179,6,8,Gray,RAL 7040,#8E98A3
33,85,180,5,8,Gray,RAL 7040,#8E98A3
33,85,181,4,8,Gray,RAL 7040,#8E98A3
33,85,182,3,8,Gray,RAL 7040,#8E98A3
33,85,183,2,8,Gray,RAL 7040,#8E98A3
33,85,184,1,8,Gray,RAL 7040,#8E98A3
34,84,1,184,2,Black,RAL 9005,#111111
34,84,2,183,2,Black,RAL 9005,#111111
34,84,3,182,2,Black,RAL 9005,#111111
34,84,4,181,2,Black,RAL 9005,#111111
34,84,5,180,2,Black,RAL 9005,#111111
34,84,6,179,2,Black,RAL 9005,#111111
34,84,7,178,2,Black,RAL 9005,#111111
34,84,8,177,2,Black,RAL 9005,#111111
34,84,9,176,2,Black,RAL 9005,#111111
34,84,10,175,2,Black,RAL 9005,#111111
34,84,11,174,2,Black,RAL 9005,#111111
34,84,12,173,2,Black,RAL 9005,#111111
34,84,13,172,2,Black,RAL 9005,#111111
34,84,14,171,2,Black,RAL 9005,#111111
34,84,15,170,2,Black,RAL 9005,#111111
34,84,16,169,2,Black,RAL 9005,#111111
34,84,17,168,2,Black,RAL 9005,#111111
34,84,18,167,2,Black,RAL 9005,#111111
34,84,19,166,2,Black,RAL 9005,#111111
34,84,20,165,2,Black,RAL 9005,#111111
34,84,21,164,2,Black,RAL 9005,#111111
34,84,22,163,2,Black,RAL 9005,#111111
34,84,23,162,2,Black,RAL 9005,#111111
34,84,24,161,2,Black,RAL 9005,#111111
34,84,25,160,2,Black,RAL 9005,#111111
34,84,26,159,2,Black,RAL 9005,#111111
34,84,27,158,2,Black,RAL 9005,#111111
34,84,28,157,2,Black,RAL 9005,#111111
34,84,29,156,2,Black,RAL 9005,#111111
34,84,30,155,2,Black,RAL 9005,#111111
34,84,31,154,2,Black,RAL 9005,#111111
34,84,32,153,2,Black,RAL 9005,#111111
34,84,33,152,2,Black,RAL 9005,#111111
34,84,34,151,2,Black,RAL 9005,#111111
34,84,35,150,2,Black,RAL 9005,#111111
34,84,36,149,2,Black,RAL 9005,#111111
34,84,37,148,2,Black,RAL 9005,#111111
34,84,38,147,2,Black,RAL 9005,#111111
34,84,39,146,2,Black,RAL 9005,#111111
34,84,40,145,2,Black,RAL 9005,#111111
34,84,41,144,2,Black,RAL 9005,#111111
34,84,42,143,2,Black,RAL 9005,#111111
34,84,43,142,2,Black,RAL 9005,#111111
34,84,44,141,2,Black,RAL 9005,#111111
34,84,45,140,2,Black,RAL 9005,#111111
34,84,46,139,2,Black,RAL 9005,#111111
34,84,47,138,2,Black,RAL 9005,#111111
34,84,48,137,2,Black,RAL 9005,#111111
34,84,49,136,2,Black,RAL 9005,#111111
34,84,50,135,2,Black,RAL 9005,#111111
34,84,51,134,2,Black,RAL 9005,#111111
34,84,52,133,2,Black,RAL 9005,#111111
34,84,53,132,2,Black,RAL 9005,#111111
34,84,54,131,2,Black,RAL 9005,#111111
34,84,55,130,2,Black,RAL 9005,#111111
34,84,56,129,2,Black,RAL 9005,#111111
34,84,57,128,2,Black,RAL 9005,#111111
34,84,58,127,2,Black,RAL 9005,#111111
34,84,59,126,2,Black,RAL 9005,#111111
34,84,60,125,2,Black,RAL 9005,#111111
34,84,61,124,2,Black,RAL 9005,#111111
34,84,62,123,2,Black,RAL 9005,#111111
34,84,63,122,2,Black,RAL 9005,#111111
34,84,64,121,2,Black,RAL 9005,#111111
34,84,65,120,2,Black,RAL 9005,#111111
34,84,66,119,2,Black,RAL 9005,#111111
34,84,67,118,2,Black,RAL 9005,#111111
34,84,68,117,2,Black,RAL 9005,#111111
34,84,69,116,2,Black,RAL 9005,#111111
34,84,70,115,2,Black,RAL 9005,#111111
34,84,71,114,2,Black,RAL 9005,#111111
34,84,72,113,2,Black,RAL 9005,#111111
34,84,73,112,2,Black,RAL 9005,#111111
34,84,74,111,2,Black,RAL 9005,#111111
34,84,75,110,2,Black,RAL 9005,#111111
34,84,76,109,2,Black,RAL 9005,#111111
34,84,77,108,2,Black,RAL 9005,#111111
34,84,78,107,2,Black,RAL 9005,#111111
34,84,79,106,2,Black,RAL 9005,#111111
34,84,80,105,2,Black,RAL 9005,#111111
34,84,81,104,2,Black,RAL 9005,#111111
34,84,82,103,2,Black,RAL 9005,#111111
34,84,83,102,2,Black,RAL 9005,#111111
34,84,84,101,2,Black,RAL 9005,#111111
34,84,85,100,2,Black,RAL 9005,#111111
34,84,86,99,2,Black,RAL 9005,#111111
34,84,87,98,2,Black,RAL 9005,#111111
34,84,88,97,2,Black,RAL 9005,#111111
34,84,89,96,2,Black,RAL 9005,#111111
34,84,90,95,2,Black,RAL 9005,#111111
34,84,91,94,2,Black,RAL 9005,#111111
34,84,92,93,2,Black,RAL 9005,#111111
34,84,93,92,2,Black,RAL 9005,#111111
34,84,94,91,2,Black,RAL 9005,#111111
34,84,95,90,2,Black,RAL 9005,#111111
34,84,96,89,2,Black,RAL 9005,#111111
34,84,97,88,2,Black,RAL 9005,#111111
34,84,98,87,2,Black,RAL 9005,#111111
34,84,99,86,2,Black,RAL 9005,#111111
34,84,100,85,2,Black,RAL 9005,#111111
34,84,101,84,8,Gray,RAL 7040,#8E98A3
34,84,102,83,8,Gray,RAL 7040,#8E98A3
34,84,103,82,8,Gray,RAL 7040,#8E98A3
34,84,104,81,8,Gray,RAL 7040,#8E98A3
34,84,105,80,8,Gray,RAL 7040,#8E98A3
34,84,106,79,8,Gray,RAL 7040,#8E98A3
34,84,107,78,8,Gray,RAL 7040,#8E98A3
34,84,108,77,8,Gray,RAL 7040,#8E98A3
34,84,109,76,8,Gray,RAL 7040,#8E98A3
34,84,110,75,8,Gray,RAL 7040,#8E98A3
34,84,111,74,8,Gray,RAL 7040,#8E98A3
34,84,112,73,8,Gray,RAL 7040,#8E98A3
34,84,113,72,8,Gray,RAL 7040,#8E98A3
34,84,114,71,8,Gray,RAL 7040,#8E98A3
34,84,115,70,8,Gray,RAL 7040,#8E98A3
34,84,116,69,8,Gray,RAL 7040,#8E98A3
34,84,117,68,8,Gray,RAL 7040,#8E98A3
34,84,118,67,8,Gray,RAL 7040,#8E98A3
34,84,119,66,8,Gray,RAL 7040,#8E98A3
34,84,120,65,8,Gray,RAL 7040,#8E98A3
34,84,121,64,8,Gray,RAL 7040,#8E98A3
34,84,122,63,8,Gray,RAL 7040,#8E98A3
34,84,123,62,8,Gray,RAL 7040,#8E98A3
34,84,124,61,8,Gray,RAL 7040,#8E98A3
34,84,125,60,8,Gray,RAL 7040,#8E98A3
34,84,126,59,8,Gray,RAL 7040,#8E98A3
34,84,127,58,8,Gray,RAL 7040,#8E98A3
34,84,128,57,8,Gray,RAL 7040,#8E98A3
34,84,129,56,8,Gray,RAL 7040,#8E98A3
34,84,130,55,8,Gray,RAL 7040,#8E98A3
34,84,131,54,2,Black,RAL 9005,#111111
34,84,132,53,8,Gray,RAL 7040,#8E98A3
34,84,133,52,8,Gray,RAL 7040,#8E98A3
34,84,134,51,8,Gray,RAL 7040,#8E98A3
34,84,135,50,8,Gray,RAL 7040,#8E98A3
34,84,136,49,8,Gray,RAL 7040,#8E98A3
34,84,137,48,6,Green,RAL 6018,#2CA36A
34,84,138,47,6,Green,RAL 6018,#2CA36A
34,84,139,46,6,Green,RAL 6018,#2CA36A
34,84,140,45,6,Green,RAL 6018,#2CA36A
34,84,141,44,6,Green,RAL 6018,#2CA36A
34,84,142,43,6,Green,RAL 6018,#2CA36A
34,84,143,42,6,Green,RAL 6018,#2CA36A
34,84,144,41,6,Green,RAL 6018,#2CA36A
34,84,145,40,6,Green,RAL 6018,#2CA36A
34,84,146,39,6,Green,RAL 6018,#2CA36A
34,84,147,38,8,Gray,RAL 7040,#8E98A3
34,84,148,37,8,Gray,RAL 7040,#8E98A3
34,84,149,36,8,Gray,RAL 7040,#8E98A3
34,84,150,35,8,Gray,RAL 7040,#8E98A3
34,84,151,34,8,Gray,RAL 7040,#8E98A3
34,84,152,33,8,Gray,RAL 7040,#8E98A3
34,84,153,32,8,Gray,RAL 7040,#8E98A3
34,84,154,31,8,Gray,RAL 7040,#8E98A3
34,84,155,30,8,Gray,RAL 7040,#8E98A3
34,84,156,29,8,Gray,RAL 7040,#8E98A3
34,84,157,28,8,Gray,RAL 7040,#8E98A3
34,84,158,27,8,Gray,RAL 7040,#8E98A3
34,84,159,26,8,Gray,RAL 7040,#8E98A3
34,84,160,25,8,Gray,RAL 7040,#8E98A3
34,84,161,24,8,Gray,RAL 7040,#8E98A3
34,84,162,23,8,Gray,RAL 7040,#8E98A3
34,84,163,22,8,Gray,RAL 7040,#8E98A3
34,84,164,21,8,Gray,RAL 7040,#8E98A3
34,84,165,20,8,Gray,RAL 7040,#8E98A3
34,84,166,19,8,Gray,RAL 7040,#8E98A3
34,84,167,18,8,Gray,RAL 7040,#8E98A3
34,84,168,17,8,Gray,RAL 7040,#8E98A3
34,84,169,16,8,Gray,RAL 7040,#8E98A3
34,84,170,15,8,Gray,RAL 7040,#8E98A3
34,84,171,14,8,Gray,RAL 7040,#8E98A3
34,84,172,13,8,Gray,RAL 7040,#8E98A3
34,84,173,12,8,Gray,RAL 7040,#8E98A3
34,84,174,11,8,Gray,RAL 7040,#8E98A3
34,84,175,10,8,Gray,RAL 7040,#8E98A3
34,84,176,9,8,Gray,RAL 7040,#8E98A3
34,84,177,8,8,Gray,RAL 7040,#8E98A3
34,84,178,7,8,Gray,RAL 7040,#8E98A3
34,84,179,6,8,Gray,RAL 7040,#8E98A3
34,84,180,5,8,Gray,RAL 7040,#8E98A3
34,84,181,4,8,Gray,RAL 7040,#8E98A3
34,84,182,3,8,Gray,RAL 7040,#8E98A3
34,84,183,2,8,Gray,RAL 7040,#8E98A3
34,84,184,1,8,Gray,RAL 7040,#8E98A3
35,83,1,184,2,Black,RAL 9005,#111111
35,83,2,183,2,Black,RAL 9005,#111111
35,83,3,182,2,Black,RAL 9005,#111111
35,83,4,181,2,Black,RAL 9005,#111111
35,83,5,180,2,Black,RAL 9005,#111111
35,83,6,179,2,Black,RAL 9005,#111111
35,83,7,178,2,Black,RAL 9005,#111111
35,83,8,177,2,Black,RAL 9005,#111111
35,83,9,176,2,Black,RAL 9005,#111111
35,83,10,175,2,Black,RAL 9005,#111111
35,83,11,174,2,Black,RAL 9005,#111111
35,83,12,173,2,Black,RAL 9005,#111111
35,83,13,172,2,Black,RAL 9005,#111111
35,83,14,171,2,Black,RAL 9005,#111111
35,83,15,170,2,Black,RAL 9005,#111111
35,83,16,169,2,Black,RAL 9005,#111111
35,83,17,168,2,Black,RAL 9005,#111111
35,83,18,167,2,Black,RAL 9005,#111111
35,83,19,166,2,Black,RAL 9005,#111111
35,83,20,165,2,Black,RAL 9005,#111111
35,83,21,164,2,Black,RAL 9005,#111111
35,83,22,163,2,Black,RAL 9005,#111111
35,83,23,162,2,Black,RAL 9005,#111111
35,83,24,161,2,Black,RAL 9005,#111111
35,83,25,160,2,Black,RAL 9005,#111111
35,83,26,159,2,Black,RAL 9005,#111111
35,83,27,158,2,Black,RAL 9005,#111111
35,83,28,157,2,Black,RAL 9005,#111111
35,83,29,156,2,Black,RAL 9005,#111111
35,83,30,155,2,Black,RAL 9005,#111111
35,83,31,154,2,Black,RAL 9005,#111111
35,83,32,153,2,Black,RAL 9005,#111111
35,83,33,152,2,Black,RAL 9005,#111111
35,83,34,151,2,Black,RAL 9005,#111111
35,83,35,150,2,Black,RAL 9005,#111111
35,83,36,149,2,Black,RAL 9005,#111111
35,83,37,148,2,Black,RAL 9005,#111111
35,83,38,147,2,Black,RAL 9005,#111111
35,83,39,146,2,Black,RAL 9005,#111111
35,83,40,145,2,Black,RAL 9005,#111111
35,83,41,144,2,Black,RAL 9005,#111111
35,83,42,143,2,Black,RAL 9005,#111111
35,83,43,142,2,Black,RAL 9005,#111111
35,83,44,141,2,Black,RAL 9005,#111111
35,83,45,140,2,Black,RAL 9005,#111111
35,83,46,139,2,Black,RAL 9005,#111111
35,83,47,138,2,Black,RAL 9005,#111111
35,83,48,137,2,Black,RAL 9005,#111111
35,83,49,136,2,Black,RAL 9005,#111111
35,83,50,135,2,Black,RAL 9005,#111111
35,83,51,134,2,Black,RAL 9005,#111111
35,83,52,133,2,Black,RAL 9005,#111111
35,83,53,132,2,Black,RAL 9005,#111111
35,83,54,131,2,Black,RAL 9005,#111111
35,83,55,130,2,Black,RAL 9005,#111111
35,83,56,129,2,Black,RAL 9005,#111111
35,83,57,128,2,Black,RAL 9005,#111111
35,83,58,127,2,Black,RAL 9005,#111111
35,83,59,126,2,Black,RAL 9005,#111111
35,83,60,125,2,Black,RAL 9005,#111111
35,83,61,124,2,Black,RAL 9005,#111111
35,83,62,123,2,Black,RAL 9005,#111111
35,83,63,122,2,Black,RAL 9005,#111111
35,83,64,121,2,Black,RAL 9005,#111111
35,83,65,120,2,Black,RAL 9005,#111111
35,83,66,119,2,Black,RAL 9005,#111111
35,83,67,118,2,Black,RAL 9005,#111111
35,83,68,117,2,Black,RAL 9005,#111111
35,83,69,116,2,Black,RAL 9005,#111111
35,83,70,115,2,Black,RAL 9005,#111111
35,83,71,114,2,Black,RAL 9005,#111111
35,83,72,113,2,Black,RAL 9005,#111111
35,83,73,112,2,Black,RAL 9005,#111111
35,83,74,111,2,Black,RAL 9005,#111111
35,83,75,110,2,Black,RAL 9005,#111111
35,83,76,109,2,Black,RAL 9005,#111111
35,83,77,108,2,Black,RAL 9005,#111111
35,83,78,107,2,Black,RAL 9005,#111111
35,83,79,106,2,Black,RAL 9005,#111111
35,83,80,105,2,Black,RAL 9005,#111111
35,83,81,104,2,Black,RAL 9005,#111111
35,83,82,103,2,Black,RAL 9005,#111111
35,83,83,102,2,Black,RAL 9005,#111111
35,83,84,101,2,Black,RAL 9005,#111111
35,83,85,100,2,Black,RAL 9005,#111111
35,83,86,99,2,Black,RAL 9005,#111111
35,83,87,98,2,Black,RAL 9005,#111111
35,83,88,97,2,Black,RAL 9005,#111111
35,83,89,96,2,Black,RAL 9005,#111111
35,83,90,95,2,Black,RAL 9005,#111111
35,83,91,94,2,Black,RAL 9005,#111111
35,83,92,93,2,Black,RAL 9005,#111111
35,83,93,92,2,Black,RAL 9005,#111111
35,83,94,91,2,Black,RAL 9005,#111111
35,83,95,90,2,Black,RAL 9005,#111111
35,83,96,89,2,Black,RAL 9005,#111111
35,83,97,88,2,Black,RAL 9005,#111111
35,83,98,87,2,Black,RAL 9005,#111111
35,83,99,86,2,Black,RAL 9005,#111111
35,83,100,85,2,Black,RAL 9005,#111111
35,83,101,84,8,Gray,RAL 7040,#8E98A3
35,83,102,83,8,Gray,RAL 7040,#8E98A3
35,83,103,82,8,Gray,RAL 7040,#8E98A3
35,83,104,81,8,Gray,RAL 7040,#8E98A3
35,83,105,80,8,Gray,RAL 7040,#8E98A3
35,83,106,79,8,Gray,RAL 7040,#8E98A3
35,83,107,78,8,Gray,RAL 7040,#8E98A3
35,83,108,77,8,Gray,RAL 7040,#8E98A3
35,83,109,76,8,Gray,RAL 7040,#8E98A3
35,83,110,75,8,Gray,RAL 7040,#8E98A3
35,83,111,74,8,Gray,RAL 7040,#8E98A3
35,83,112,73,8,Gray,RAL 7040,#8E98A3
35,83,113,72,8,Gray,RAL 7040,#8E98A3
35,83,114,71,8,Gray,RAL 7040,#8E98A3
35,83,115,70,8,Gray,RAL 7040,#8E98A3
35,83,116,69,8,Gray,RAL 7040,#8E98A3
35,83,117,68,8,Gray,RAL 7040,#8E98A3
35,83,118,67,8,Gray,RAL 7040,#8E98A3
35,83,119,66,8,Gray,RAL 7040,#8E98A3
35,83,120,65,8,Gray,RAL 7040,#8E98A3
35,83,121,64,8,Gray,RAL 7040,#8E98A3
35,83,122,63,8,Gray,RAL 7040,#8E98A3
35,83,123,62,8,Gray,RAL 7040,#8E98A3
35,83,124,61,8,Gray,RAL 7040,#8E98A3
35,83,125,60,8,Gray,RAL 7040,#8E98A3
35,83,126,59,8,Gray,RAL 7040,#8E98A3
35,83,127,58,8,Gray,RAL 7040,#8E98A3
35,83,128,57,8,Gray,RAL 7040,#8E98A3
35,83,129,56,8,Gray,RAL 7040,#8E98A3
35,83,130,55,8,Gray,RAL 7040,#8E98A3
35,83,131,54,8,Gray,RAL 7040,#8E98A3
35,83,132,53,2,Black,RAL 9005,#111111
35,83,133,52,8,Gray,RAL 7040,#8E98A3
35,83,134,51,8,Gray,RAL 7040,#8E98A3
35,83,135,50,6,Green,RAL 6018,#2CA36A
35,83,136,49,6,Green,RAL 6018,#2CA36A
35,83,137,48,6,Green,RAL 6018,#2CA36A
35,83,138,47,6,Green,RAL 6018,#2CA36A
35,83,139,46,6,Green,RAL 6018,#2CA36A
35,83,140,45,6,Green,RAL 6018,#2CA36A
35,83,141,44,6,Green,RAL 6018,#2CA36A
35,83,142,43,6,Green,RAL 6018,#2CA36A
35,83,143,42,6,Green,RAL 6018,#2CA36A
35,83,144,41,6,Green,RAL 6018,#2CA36A
35,83,145,40,6,Green,RAL 6018,#2CA36A
35,83,146,39,6,Green,RAL 6018,#2CA36A
35,83,147,38,6,Green,RAL 6018,#2CA36A
35,83,148,37,6,Green,RAL 6018,#2CA36A
35,83,149,36,6,Green,RAL 6018,#2CA36A
35,83,150,35,8,Gray,RAL 7040,#8E98A3
35,83,151,34,8,Gray,RAL 7040,#8E98A3
35,83,152,33,8,Gray,RAL 7040,#8E98A3
35,83,153,32,8,Gray,RAL 7040,#8E98A3
35,83,154,31,8,Gray,RAL 7040,#8E98A3
35,83,155,30,8,Gray,RAL 7040,#8E98A3
35,83,156,29,8,Gray,RAL 7040,#8E98A3
35,83,157,28,8,Gray,RAL 7040,#8E98A3
35,83,158,27,8,Gray,RAL 7040,#8E98A3
35,83,159,26,8,Gray,RAL 7040,#8E98A3
35,83,160,25,8,Gray,RAL 7040,#8E98A3
35,83,161,24,8,Gray,RAL 7040,#8E98A3
35,83,162,23,8,Gray,RAL 7040,#8E98A3
35,83,163,22,8,Gray,RAL 7040,#8E98A3
35,83,164,21,8,Gray,RAL 7040,#8E98A3
35,83,165,20,8,Gray,RAL 7040,#8E98A3
35,83,166,19,8,Gray,RAL 7040,#8E98A3
35,83,167,18,8,Gray,RAL 7040,#8E98A3
35,83,168,17,8,Gray,RAL 7040,#8E98A3
35,83,169,16,8,Gray,RAL 7040,#8E98A3
35,83,170,15,8,Gray,RAL 7040,#8E98A3
35,83,171,14,8,Gray,RAL 7040,#8E98A3
35,83,172,13,8,Gray,RAL 7040,#8E98A3
35,83,173,12,8,Gray,RAL 7040,#8E98A3
35,83,174,11,8,Gray,RAL 7040,#8E98A3
35,83,175,10,8,Gray,RAL 7040,#8E98A3
35,83,176,9,8,Gray,RAL 7040,#8E98A3
35,83,177,8,8,Gray,RAL 7040,#8E98A3
35,83,178,7,8,Gray,RAL 7040,#8E98A3
35,83,179,6,8,Gray,RAL 7040,#8E98A3
35,83,180,5,8,Gray,RAL 7040,#8E98A3
35,83,181,4,8,Gray,RAL 7040,#8E98A3
35,83,182,3,8,Gray,RAL 7040,#8E98A3
35,83,183,2,8,Gray,RAL 7040,#8E98A3
35,83,184,1,8,Gray,RAL 7040,#8E98A3
36,82,1,184,2,Black,RAL 9005,#111111
36,82,2,183,2,Black,RAL 9005,#111111
36,82,3,182,2,Black,RAL 9005,#111111
36,82,4,181,2,Black,RAL 9005,#111111
36,82,5,180,2,Black,RAL 9005,#111111
36,82,6,179,2,Black,RAL 9005,#111111
36,82,7,178,2,Black,RAL 9005,#111111
36,82,8,177,2,Black,RAL 9005,#111111
36,82,9,176,2,Black,RAL 9005,#111111
36,82,10,175,2,Black,RAL 9005,#111111
36,82,11,174,2,Black,RAL 9005,#111111
36,82,12,173,2,Black,RAL 9005,#111111
36,82,13,172,2,Black,RAL 9005,#111111
36,82,14,171,2,Black,RAL 9005,#111111
36,82,15,170,2,Black,RAL 9005,#111111
36,82,16,169,2,Black,RAL 9005,#111111
36,82,17,168,2,Black,RAL 9005,#111111
36,82,18,167,2,Black,RAL 9005,#111111
36,82,19,166,2,Black,RAL 9005,#111111
36,82,20,165,2,Black,RAL 9005,#111111
36,82,21,164,2,Black,RAL 9005,#111111
36,82,22,163,2,Black,RAL 9005,#111111
36,82,23,162,2,Black,RAL 9005,#111111
36,82,24,161,2,Black,RAL 9005,#111111
36,82,25,160,2,Black,RAL 9005,#111111
36,82,26,159,2,Black,RAL 9005,#111111
36,82,27,158,2,Black,RAL 9005,#111111
36,82,28,157,2,Black,RAL 9005,#111111
36,82,29,156,2,Black,RAL 9005,#111111
36,82,30,155,2,Black,RAL 9005,#111111
36,82,31,154,2,Black,RAL 9005,#111111
36,82,32,153,2,Black,RAL 9005,#111111
36,82,33,152,2,Black,RAL 9005,#111111
36,82,34,151,2,Black,RAL 9005,#111111
36,82,35,150,2,Black,RAL 9005,#111111
36,82,36,149,2,Black,RAL 9005,#111111
36,82,37,148,2,Black,RAL 9005,#111111
36,82,38,147,2,Black,RAL 9005,#111111
36,82,39,146,2,Black,RAL 9005,#111111
36,82,40,145,2,Black,RAL 9005,#111111
36,82,41,144,2,Black,RAL 9005,#111111
36,82,42,143,2,Black,RAL 9005,#111111
36,82,43,142,2,Black,RAL 9005,#111111
36,82,44,141,2,Black,RAL 9005,#111111
36,82,45,140,2,Black,RAL 9005,#111111
36,82,46,139,2,Black,RAL 9005,#111111
36,82,47,138,2,Black,RAL 9005,#111111
36,82,48,137,2,Black,RAL 9005,#111111
36,82,49,136,2,Black,RAL 9005,#111111
36,82,50,135,2,Black,RAL 9005,#111111
36,82,51,134,2,Black,RAL 9005,#111111
36,82,52,133,2,Black,RAL 9005,#111111
36,82,53,132,2,Black,RAL 9005,#111111
36,82,54,131,2,Black,RAL 9005,#111111
36,82,55,130,2,Black,RAL 9005,#111111
36,82,56,129,2,Black,RAL 9005,#111111
36,82,57,128,2,Black,RAL 9005,#111111
36,82,58,127,2,Black,RAL 9005,#111111
36,82,59,126,2,Black,RAL 9005,#111111
36,82,60,125,2,Black,RAL 9005,#111111
36,82,61,124,2,Black,RAL 9005,#111111
36,82,62,123,2,Black,RAL 9005,#111111
36,82,63,122,2,Black,RAL 9005,#111111
36,82,64,121,2,Black,RAL 9005,#111111
36,82,65,120,2,Black,RAL 9005,#111111
36,82,66,119,2,Black,RAL 9005,#111111
36,82,67,118,2,Black,RAL 9005,#111111
36,82,68,117,2,Black,RAL 9005,#111111
36,82,69,116,2,Black,RAL 9005,#111111
36,82,70,115,2,Black,RAL 9005,#111111
36,82,71,114,2,Black,RAL 9005,#111111
36,82,72,113,2,Black,RAL 9005,#111111
36,82,73,112,2,Black,RAL 9005,#111111
36,82,74,111,2,Black,RAL 9005,#111111
36,82,75,110,2,Black,RAL 9005,#111111
36,82,76,109,2,Black,RAL 9005,#111111
36,82,77,108,2,Black,RAL 9005,#111111
36,82,78,107,2,Black,RAL 9005,#111111
36,82,79,106,2,Black,RAL 9005,#111111
36,82,80,105,2,Black,RAL 9005,#111111
36,82,81,104,2,Black,RAL 9005,#111111
36,82,82,103,2,Black,RAL 9005,#111111
36,82,83,102,2,Black,RAL 9005,#111111
36,82,84,101,2,Black,RAL 9005,#111111
36,82,85,100,2,Black,RAL 9005,#111111
36,82,86,99,2,Black,RAL 9005,#111111
36,82,87,98,2,Black,RAL 9005,#111111
36,82,88,97,2,Black,RAL 9005,#111111
36,82,89,96,2,Black,RAL 9005,#111111
36,82,90,95,2,Black,RAL 9005,#111111
36,82,91,94,2,Black,RAL 9005,#111111
36,82,92,93,2,Black,RAL 9005,#111111
36,82,93,92,2,Black,RAL 9005,#111111
36,82,94,91,2,Black,RAL 9005,#111111
36,82,95,90,2,Black,RAL 9005,#111111
36,82,96,89,2,Black,RAL 9005,#111111
36,82,97,88,2,Black,RAL 9005,#111111
36,82,98,87,2,Black,RAL 9005,#111111
36,82,99,86,2,Black,RAL 9005,#111111
36,82,100,85,8,Gray,RAL 7040,#8E98A3
36,82,101,84,8,Gray,RAL 7040,#8E98A3
36,82,102,83,8,Gray,RAL 7040,#8E98A3
36,82,103,82,8,Gray,RAL 7040,#8E98A3
36,82,104,81,8,Gray,RAL 7040,#8E98A3
36,82,105,80,8,Gray,RAL 7040,#8E98A3
36,82,106,79,8,Gray,RAL 7040,#8E98A3
36,82,107,78,8,Gray,RAL 7040,#8E98A3
36,82,108,77,8,Gray,RAL 7040,#8E98A3
36,82,109,76,8,Gray,RAL 7040,#8E98A3
36,82,110,75,8,Gray,RAL 7040,#8E98A3
36,82,111,74,8,Gray,RAL 7040,#8E98A3
36,82,112,73,8,Gray,RAL 7040,#8E98A3
36,82,113,72,8,Gray,RAL 7040,#8E98A3
36,82,114,71,8,Gray,RAL 7040,#8E98A3
36,82,115,70,8,Gray,RAL 7040,#8E98A3
36,82,116,69,8,Gray,RAL 7040,#8E98A3
36,82,117,68,8,Gray,RAL 7040,#8E98A3
36,82,118,67,8,Gray,RAL 7040,#8E98A3
36,82,119,66,8,Gray,RAL 7040,#8E98A3
36,82,120,65,8,Gray,RAL 7040,#8E98A3
36,82,121,64,8,Gray,RAL 7040,#8E98A3
36,82,122,63,8,Gray,RAL 7040,#8E98A3
36,82,123,62,8,Gray,RAL 7040,#8E98A3
36,82,124,61,8,Gray,RAL 7040,#8E98A3
36,82,125,60,8,Gray,RAL 7040,#8E98A3
36,82,126,59,8,Gray,RAL 7040,#8E98A3
36,82,127,58,8,Gray,RAL 7040,#8E98A3
36,82,128,57,8,Gray,RAL 7040,#8E98A3
36,82,129,56,8,Gray,RAL 7040,#8E98A3
36,82,130,55,8,Gray,RAL 7040,#8E98A3
36,82,131,54,8,Gray,RAL 7040,#8E98A3
36,82,132,53,8,Gray,RAL 7040,#8E98A3
36,82,133,52,6,Green,RAL 6018,#2CA36A
36,82,134,51,6,Green,RAL 6018,#2CA36A
36,82,135,50,6,Green,RAL 6018,#2CA36A
36,82,136,49,6,Green,RAL 6018,#2CA36A
36,82,137,48,6,Green,RAL 6018,#2CA36A
36,82,138,47,6,Green,RAL 6018,#2CA36A
36,82,139,46,6,Green,RAL 6018,#2CA36A
36,82,140,45,6,Green,RAL 6018,#2CA36A
36,82,141,44,6,Green,RAL 6018,#2CA36A
36,82,142,43,6,Green,RAL 6018,#2CA36A
36,82,143,42,6,Green,RAL 6018,#2CA36A
36,82,144,41,6,Green,RAL 6018,#2CA36A
36,82,145,40,6,Green,RAL 6018,#2CA36A
36,82,146,39,6,Green,RAL 6018,#2CA36A
36,82,147,38,6,Green,RAL 6018,#2CA36A
36,82,148,37,6,Green,RAL 6018,#2CA36A
36,82,149,36,6,Green,RAL 6018,#2CA36A
36,82,150,35,6,Green,RAL 6018,#2CA36A
36,82,151,34,8,Gray,RAL 7040,#8E98A3
36,82,152,33,8,Gray,RAL 7040,#8E98A3
36,82,153,32,8,Gray,RAL 7040,#8E98A3
36,82,154,31,8,Gray,RAL 7040,#8E98A3
36,82,155,30,8,Gray,RAL 7040,#8E98A3
36,82,156,29,8,Gray,RAL 7040,#8E98A3
36,82,157,28,8,Gray,RAL 7040,#8E98A3
36,82,158,27,8,Gray,RAL 7040,#8E98A3
36,82,159,26,8,Gray,RAL 7040,#8E98A3
36,82,160,25,8,Gray,RAL 7040,#8E98A3
36,82,161,24,8,Gray,RAL 7040,#8E98A3
36,82,162,23,8,Gray,RAL 7040,#8E98A3
36,82,163,22,8,Gray,RAL 7040,#8E98A3
36,82,164,21,8,Gray,RAL 7040,#8E98A3
36,82,165,20,8,Gray,RAL 7040,#8E98A3
36,82,166,19,8,Gray,RAL 7040,#8E98A3
36,82,167,18,8,Gray,RAL 7040,#8E98A3
36,82,168,17,8,Gray,RAL 7040,#8E98A3
36,82,169,16,8,Gray,RAL 7040,#8E98A3
36,82,170,15,8,Gray,RAL 7040,#8E98A3
36,82,171,14,8,Gray,RAL 7040,#8E98A3
36,82,172,13,8,Gray,RAL 7040,#8E98A3
36,82,173,12,8,Gray,RAL 7040,#8E98A3
36,82,174,11,8,Gray,RAL 7040,#8E98A3
36,82,175,10,8,Gray,RAL 7040,#8E98A3
36,82,176,9,8,Gray,RAL 7040,#8E98A3
36,82,177,8,8,Gray,RAL 7040,#8E98A3
36,82,178,7,8,Gray,RAL 7040,#8E98A3
36,82,179,6,8,Gray,RAL 7040,#8E98A3
36,82,180,5,8,Gray,RAL 7040,#8E98A3
36,82,181,4,8,Gray,RAL 7040,#8E98A3
36,82,182,3,8,Gray,RAL 7040,#8E98A3
36,82,183,2,8,Gray,RAL 7040,#8E98A3
36,82,184,1,8,Gray,RAL 7040,#8E98A3
37,81,1,184,2,Black,RAL 9005,#111111
37,81,2,183,2,Black,RAL 9005,#111111
37,81,3,182,2,Black,RAL 9005,#111111
37,81,4,181,2,Black,RAL 9005,#111111
37,81,5,180,2,Black,RAL 9005,#111111
37,81,6,179,2,Black,RAL 9005,#111111
37,81,7,178,2,Black,RAL 9005,#111111
37,81,8,177,2,Black,RAL 9005,#111111
37,81,9,176,2,Black,RAL 9005,#111111
37,81,10,175,2,Black,RAL 9005,#111111
37,81,11,174,2,Black,RAL 9005,#111111
37,81,12,173,2,Black,RAL 9005,#111111
37,81,13,172,2,Black,RAL 9005,#111111
37,81,14,171,2,Black,RAL 9005,#111111
37,81,15,170,2,Black,RAL 9005,#111111
37,81,16,169,2,Black,RAL 9005,#111111
37,81,17,168,2,Black,RAL 9005,#111111
37,81,18,167,2,Black,RAL 9005,#111111
37,81,19,166,2,Black,RAL 9005,#111111
37,81,20,165,2,Black,RAL 9005,#111111
37,81,21,164,2,Black,RAL 9005,#111111
37,81,22,163,2,Black,RAL 9005,#111111
37,81,23,162,2,Black,RAL 9005,#111111
37,81,24,161,2,Black,RAL 9005,#111111
37,81,25,160,2,Black,RAL 9005,#111111
37,81,26,159,2,Black,RAL 9005,#111111
37,81,27,158,2,Black,RAL 9005,#111111
37,81,28,157,2,Black,RAL 9005,#111111
37,81,29,156,2,Black,RAL 9005,#111111
37,81,30,155,2,Black,RAL 9005,#111111
37,81,31,154,2,Black,RAL 9005,#111111
37,81,32,153,2,Black,RAL 9005,#111111
37,81,33,152,2,Black,RAL 9005,#111111
37,81,34,151,2,Black,RAL 9005,#111111
37,81,35,150,2,Black,RAL 9005,#111111
37,81,36,149,2,Black,RAL 9005,#111111
37,81,37,148,2,Black,RAL 9005,#111111
37,81,38,147,2,Black,RAL 9005,#111111
37,81,39,146,2,Black,RAL 9005,#111111
37,81,40,145,2,Black,RAL 9005,#111111
37,81,41,144,2,Black,RAL 9005,#111111
37,81,42,143,2,Black,RAL 9005,#111111
37,81,43,142,2,Black,RAL 9005,#111111
37,81,44,141,2,Black,RAL 9005,#111111
37,81,45,140,2,Black,RAL 9005,#111111
37,81,46,139,2,Black,RAL 9005,#111111
37,81,47,138,2,Black,RAL 9005,#111111
37,81,48,137,2,Black,RAL 9005,#111111
37,81,49,136,2,Black,RAL 9005,#111111
37,81,50,135,2,Black,RAL 9005,#111111
37,81,51,134,2,Black,RAL 9005,#111111
37,81,52,133,2,Black,RAL 9005,#111111
37,81,53,132,2,Black,RAL 9005,#111111
37,81,54,131,2,Black,RAL 9005,#111111
37,81,55,130,2,Black,RAL 9005,#111111
37,81,56,129,2,Black,RAL 9005,#111111
37,81,57,128,2,Black,RAL 9005,#111111
37,81,58,127,2,Black,RAL 9005,#111111
37,81,59,126,2,Black,RAL 9005,#111111
37,81,60,125,2,Black,RAL 9005,#111111
37,81,61,124,2,Black,RAL 9005,#111111
37,81,62,123,2,Black,RAL 9005,#111111
37,81,63,122,2,Black,RAL 9005,#111111
37,81,64,121,2,Black,RAL 9005,#111111
37,81,65,120,2,Black,RAL 9005,#111111
37,81,66,119,2,Black,RAL 9005,#111111
37,81,67,118,2,Black,RAL 9005,#111111
37,81,68,117,2,Black,RAL 9005,#111111
37,81,69,116,2,Black,RAL 9005,#111111
37,81,70,115,2,Black,RAL 9005,#111111
37,81,71,114,2,Black,RAL 9005,#111111
37,81,72,113,2,Black,RAL 9005,#111111
37,81,73,112,2,Black,RAL 9005,#111111
37,81,74,111,2,Black,RAL 9005,#111111
37,81,75,110,2,Black,RAL 9005,#111111
37,81,76,109,2,Black,RAL 9005,#111111
37,81,77,108,2,Black,RAL 9005,#111111
37,81,78,107,2,Black,RAL 9005,#111111
37,81,79,106,2,Black,RAL 9005,#111111
37,81,80,105,2,Black,RAL 9005,#111111
37,81,81,104,2,Black,RAL 9005,#111111
37,81,82,103,2,Black,RAL 9005,#111111
37,81,83,102,2,Black,RAL 9005,#111111
37,81,84,101,2,Black,RAL 9005,#111111
37,81,85,100,2,Black,RAL 9005,#111111
37,81,86,99,2,Black,RAL 9005,#111111
37,81,87,98,2,Black,RAL 9005,#111111
37,81,88,97,2,Black,RAL 9005,#111111
37,81,89,96,2,Black,RAL 9005,#111111
37,81,90,95,2,Black,RAL 9005,#111111
37,81,91,94,2,Black,RAL 9005,#111111
37,81,92,93,2,Black,RAL 9005,#111111
37,81,93,92,2,Black,RAL 9005,#111111
37,81,94,91,2,Black,RAL 9005,#111111
37,81,95,90,2,Black,RAL 9005,#111111
37,81,96,89,2,Black,RAL 9005,#111111
37,81,97,88,2,Black,RAL 9005,#111111
37,81,98,87,2,Black,RAL 9005,#111111
37,81,99,86,2,Black,RAL 9005,#111111
37,81,100,85,8,Gray,RAL 7040,#8E98A3
37,81,101,84,8,Gray,RAL 7040,#8E98A3
37,81,102,83,8,Gray,RAL 7040,#8E98A3
37,81,103,82,8,Gray,RAL 7040,#8E98A3
37,81,104,81,8,Gray,RAL 7040,#8E98A3
37,81,105,80,8,Gray,RAL 7040,#8E98A3
37,81,106,79,8,Gray,RAL 7040,#8E98A3
37,81,107,78,8,Gray,RAL 7040,#8E98A3
37,81,108,77,8,Gray,RAL 7040,#8E98A3
37,81,109,76,8,Gray,RAL 7040,#8E98A3
37,81,110,75,8,Gray,RAL 7040,#8E98A3
37,81,111,74,8,Gray,RAL 7040,#8E98A3
37,81,112,73,8,Gray,RAL 7040,#8E98A3
37,81,113,72,8,Gray,RAL 7040,#8E98A3
37,81,114,71,8,Gray,RAL 7040,#8E98A3
37,81,115,70,8,Gray,RAL 7040,#8E98A3
37,81,116,69,8,Gray,RAL 7040,#8E98A3
37,81,117,68,8,Gray,RAL 7040,#8E98A3
37,81,118,67,8,Gray,RAL 7040,#8E98A3
37,81,119,66,8,Gray,RAL 7040,#8E98A3
37,81,120,65,8,Gray,RAL 7040,#8E98A3
37,81,121,64,8,Gray,RAL 7040,#8E98A3
37,81,122,63,8,Gray,RAL 7040,#8E98A3
37,81,123,62,8,Gray,RAL 7040,#8E98A3
37,81,124,61,8,Gray,RAL 7040,#8E98A3
37,81,125,60,8,Gray,RAL 7040,#8E98A3
37,81,126,59,8,Gray,RAL 7040,#8E98A3
37,81,127,58,8,Gray,RAL 7040,#8E98A3
37,81,128,57,8,Gray,RAL 7040,#8E98A3
37,81,129,56,8,Gray,RAL 7040,#8E98A3
37,81,130,55,8,Gray,RAL 7040,#8E98A3
37,81,131,54,8,Gray,RAL 7040,#8E98A3
37,81,132,53,8,Gray,RAL 7040,#8E98A3
37,81,133,52,6,Green,RAL 6018,#2CA36A
37,81,134,51,6,Green,RAL 6018,#2CA36A
37,81,135,50,6,Green,RAL 6018,#2CA36A
37,81,136,49,6,Green,RAL 6018,#2CA36A
37,81,137,48,6,Green,RAL 6018,#2CA36A
37,81,138,47,6,Green,RAL 6018,#2CA36A
37,81,139,46,6,Green,RAL 6018,#2CA36A
37,81,140,45,6,Green,RAL 6018,#2CA36A
37,81,141,44,6,Green,RAL 6018,#2CA36A
37,81,142,43,6,Green,RAL 6018,#2CA36A
37,81,143,42,6,Green,RAL 6018,#2CA36A
37,81,144,41,6,Green,RAL 6018,#2CA36A
37,81,145,40,6,Green,RAL 6018,#2CA36A
37,81,146,39,6,Green,RAL 6018,#2CA36A
37,81,147,38,6,Green,RAL 6018,#2CA36A
37,81,148,37,6,Green,RAL 6018,#2CA36A
37,81,149,36,6,Green,RAL 6018,#2CA36A
37,81,150,35,6,Green,RAL 6018,#2CA36A
37,81,151,34,6,Green,RAL 6018,#2CA36A
37,81,152,33,6,Green,RAL 6018,#2CA36A
37,81,153,32,8,Gray,RAL 7040,#8E98A3
37,81,154,31,8,Gray,RAL 7040,#8E98A3
37,81,155,30,8,Gray,RAL 7040,#8E98A3
37,81,156,29,8,Gray,RAL 7040,#8E98A3
37,81,157,28,8,Gray,RAL 7040,#8E98A3
37,81,158,27,8,Gray,RAL 7040,#8E98A3
37,81,159,26,8,Gray,RAL 7040,#8E98A3
37,81,160,25,8,Gray,RAL 7040,#8E98A3
37,81,161,24,8,Gray,RAL 7040,#8E98A3
37,81,162,23,8,Gray,RAL 7040,#8E98A3
37,81,163,22,8,Gray,RAL 7040,#8E98A3
37,81,164,21,8,Gray,RAL 7040,#8E98A3
37,81,165,20,8,Gray,RAL 7040,#8E98A3
37,81,166,19,8,Gray,RAL 7040,#8E98A3
37,81,167,18,8,Gray,RAL 7040,#8E98A3
37,81,168,17,8,Gray,RAL 7040,#8E98A3
37,81,169,16,8,Gray,RAL 7040,#8E98A3
37,81,170,15,8,Gray,RAL 7040,#8E98A3
37,81,171,14,8,Gray,RAL 7040,#8E98A3
37,81,172,13,8,Gray,RAL 7040,#8E98A3
37,81,173,12,8,Gray,RAL 7040,#8E98A3
37,81,174,11,8,Gray,RAL 7040,#8E98A3
37,81,175,10,8,Gray,RAL 7040,#8E98A3
37,81,176,9,8,Gray,RAL 7040,#8E98A3
37,81,177,8,8,Gray,RAL 7040,#8E98A3
37,81,178,7,8,Gray,RAL 7040,#8E98A3
37,81,179,6,8,Gray,RAL 7040,#8E98A3
37,81,180,5,8,Gray,RAL 7040,#8E98A3
37,81,181,4,8,Gray,RAL 7040,#8E98A3
37,81,182,3,8,Gray,RAL 7040,#8E98A3
37,81,183,2,8,Gray,RAL 7040,#8E98A3
37,81,184,1,8,Gray,RAL 7040,#8E98A3
38,80,1,184,2,Black,RAL 9005,#111111
38,80,2,183,2,Black,RAL 9005,#111111
38,80,3,182,2,Black,RAL 9005,#111111
38,80,4,181,2,Black,RAL 9005,#111111
38,80,5,180,2,Black,RAL 9005,#111111
38,80,6,179,2,Black,RAL 9005,#111111
38,80,7,178,2,Black,RAL 9005,#111111
38,80,8,177,2,Black,RAL 9005,#111111
38,80,9,176,2,Black,RAL 9005,#111111
38,80,10,175,2,Black,RAL 9005,#111111
38,80,11,174,2,Black,RAL 9005,#111111
38,80,12,173,2,Black,RAL 9005,#111111
38,80,13,172,2,Black,RAL 9005,#111111
38,80,14,171,2,Black,RAL 9005,#111111
38,80,15,170,2,Black,RAL 9005,#111111
38,80,16,169,2,Black,RAL 9005,#111111
38,80,17,168,2,Black,RAL 9005,#111111
38,80,18,167,2,Black,RAL 9005,#111111
38,80,19,166,2,Black,RAL 9005,#111111
38,80,20,165,2,Black,RAL 9005,#111111
38,80,21,164,2,Black,RAL 9005,#111111
38,80,22,163,2,Black,RAL 9005,#111111
38,80,23,162,2,Black,RAL 9005,#111111
38,80,24,161,2,Black,RAL 9005,#111111
38,80,25,160,2,Black,RAL 9005,#111111
38,80,26,159,2,Black,RAL 9005,#111111
38,80,27,158,2,Black,RAL 9005,#111111
38,80,28,157,2,Black,RAL 9005,#111111
38,80,29,156,2,Black,RAL 9005,#111111
38,80,30,155,2,Black,RAL 9005,#111111
38,80,31,154,2,Black,RAL 9005,#111111
38,80,32,153,2,Black,RAL 9005,#111111
38,80,33,152,2,Black,RAL 9005,#111111
38,80,34,151,2,Black,RAL 9005,#111111
38,80,35,150,2,Black,RAL 9005,#111111
38,80,36,149,2,Black,RAL 9005,#111111
38,80,37,148,2,Black,RAL 9005,#111111
38,80,38,147,2,Black,RAL 9005,#111111
38,80,39,146,2,Black,RAL 9005,#111111
38,80,40,145,2,Black,RAL 9005,#111111
38,80,41,144,2,Black,RAL 9005,#111111
38,80,42,143,2,Black,RAL 9005,#111111
38,80,43,142,2,Black,RAL 9005,#111111
38,80,44,141,2,Black,RAL 9005,#111111
38,80,45,140,2,Black,RAL 9005,#111111
38,80,46,139,2,Black,RAL 9005,#111111
38,80,47,138,2,Black,RAL 9005,#111111
38,80,48,137,2,Black,RAL 9005,#111111
38,80,49,136,2,Black,RAL 9005,#111111
38,80,50,135,2,Black,RAL 9005,#111111
38,80,51,134,2,Black,RAL 9005,#111111
38,80,52,133,2,Black,RAL 9005,#111111
38,80,53,132,2,Black,RAL 9005,#111111
38,80,54,131,2,Black,RAL 9005,#111111
38,80,55,130,2,Black,RAL 9005,#111111
38,80,56,129,2,Black,RAL 9005,#111111
38,80,57,128,2,Black,RAL 9005,#111111
38,80,58,127,2,Black,RAL 9005,#111111
38,80,59,126,2,Black,RAL 9005,#111111
38,80,60,125,2,Black,RAL 9005,#111111
38,80,61,124,2,Black,RAL 9005,#111111
38,80,62,123,2,Black,RAL 9005,#111111
38,80,63,122,2,Black,RAL 9005,#111111
38,80,64,121,2,Black,RAL 9005,#111111
38,80,65,120,2,Black,RAL 9005,#111111
38,80,66,119,2,Black,RAL 9005,#111111
38,80,67,118,2,Black,RAL 9005,#111111
38,80,68,117,2,Black,RAL 9005,#111111
38,80,69,116,2,Black,RAL 9005,#111111
38,80,70,115,2,Black,RAL 9005,#111111
38,80,71,114,2,Black,RAL 9005,#111111
38,80,72,113,2,Black,RAL 9005,#111111
38,80,73,112,2,Black,RAL 9005,#111111
38,80,74,111,2,Black,RAL 9005,#111111
38,80,75,110,2,Black,RAL 9005,#111111
38,80,76,109,2,Black,RAL 9005,#111111
38,80,77,108,2,Black,RAL 9005,#111111
38,80,78,107,2,Black,RAL 9005,#111111
38,80,79,106,2,Black,RAL 9005,#111111
38,80,80,105,2,Black,RAL 9005,#111111
38,80,81,104,2,Black,RAL 9005,#111111
38,80,82,103,2,Black,RAL 9005,#111111
38,80,83,102,2,Black,RAL 9005,#111111
38,80,84,101,2,Black,RAL 9005,#111111
38,80,85,100,2,Black,RAL 9005,#111111
38,80,86,99,2,Black,RAL 9005,#111111
38,80,87,98,2,Black,RAL 9005,#111111
38,80,88,97,2,Black,RAL 9005,#111111
38,80,89,96,2,Black,RAL 9005,#111111
38,80,90,95,2,Black,RAL 9005,#111111
38,80,91,94,2,Black,RAL 9005,#111111
38,80,92,93,2,Black,RAL 9005,#111111
38,80,93,92,2,Black,RAL 9005,#111111
38,80,94,91,2,Black,RAL 9005,#111111
38,80,95,90,2,Black,RAL 9005,#111111
38,80,96,89,2,Black,RAL 9005,#111111
38,80,97,88,2,Black,RAL 9005,#111111
38,80,98,87,2,Black,RAL 9005,#111111
38,80,99,86,8,Gray,RAL 7040,#8E98A3
38,80,100,85,8,Gray,RAL 7040,#8E98A3
38,80,101,84,8,Gray,RAL 7040,#8E98A3
38,80,102,83,8,Gray,RAL 7040,#8E98A3
38,80,103,82,8,Gray,RAL 7040,#8E98A3
38,80,104,81,8,Gray,RAL 7040,#8E98A3
38,80,105,80,8,Gray,RAL 7040,#8E98A3
38,80,106,79,8,Gray,RAL 7040,#8E98A3
38,80,107,78,8,Gray,RAL 7040,#8E98A3
38,80,108,77,8,Gray,RAL 7040,#8E98A3
38,80,109,76,8,Gray,RAL 7040,#8E98A3
38,80,110,75,8,Gray,RAL 7040,#8E98A3
38,80,111,74,8,Gray,RAL 7040,#8E98A3
38,80,112,73,8,Gray,RAL 7040,#8E98A3
38,80,113,72,8,Gray,RAL 7040,#8E98A3
38,80,114,71,8,Gray,RAL 7040,#8E98A3
38,80,115,70,8,Gray,RAL 7040,#8E98A3
38,80,116,69,8,Gray,RAL 7040,#8E98A3
38,80,117,68,8,Gray,RAL 7040,#8E98A3
38,80,118,67,8,Gray,RAL 7040,#8E98A3
38,80,119,66,8,Gray,RAL 7040,#8E98A3
38,80,120,65,8,Gray,RAL 7040,#8E98A3
38,80,121,64,8,Gray,RAL 7040,#8E98A3
38,80,122,63,8,Gray,RAL 7040,#8E98A3
38,80,123,62,8,Gray,RAL 7040,#8E98A3
38,80,124,61,8,Gray,RAL 7040,#8E98A3
38,80,125,60,8,Gray,RAL 7040,#8E98A3
38,80,126,59,8,Gray,RAL 7040,#8E98A3
38,80,127,58,8,Gray,RAL 7040,#8E98A3
38,80,128,57,8,Gray,RAL 7040,#8E98A3
38,80,129,56,8,Gray,RAL 7040,#8E98A3
38,80,130,55,8,Gray,RAL 7040,#8E98A3
38,80,131,54,8,Gray,RAL 7040,#8E98A3
38,80,132,53,6,Green,RAL 6018,#2CA36A
38,80,133,52,6,Green,RAL 6018,#2CA36A
38,80,134,51,6,Green,RAL 6018,#2CA36A
38,80,135,50,6,Green,RAL 6018,#2CA36A
38,80,136,49,6,Green,RAL 6018,#2CA36A
38,80,137,48,6,Green,RAL 6018,#2CA36A
38,80,138,47,6,Green,RAL 6018,#2CA36A
38,80,139,46,6,Green,RAL 6018,#2CA36A
38,80,140,45,6,Green,RAL 6018,#2CA36A
38,80,141,44,6,Green,RAL 6018,#2CA36A
38,80,142,43,6,Green,RAL 6018,#2CA36A
38,80,143,42,6,Green,RAL 6018,#2CA36A
38,80,144,41,6,Green,RAL 6018,#2CA36A
38,80,145,40,6,Green,RAL 6018,#2CA36A
38,80,146,39,6,Green,RAL 6018,#2CA36A
38,80,147,38,6,Green,RAL 6018,#2CA36A
38,80,148,37,6,Green,RAL 6018,#2CA36A
38,80,149,36,6,Green,RAL 6018,#2CA36A
38,80,150,35,6,Green,RAL 6018,#2CA36A
38,80,151,34,6,Green,RAL 6018,#2CA36A
38,80,152,33,6,Green,RAL 6018,#2CA36A
38,80,153,32,6,Green,RAL 6018,#2CA36A
38,80,154,31,8,Gray,RAL 7040,#8E98A3
38,80,155,30,8,Gray,RAL 7040,#8E98A3
38,80,156,29,8,Gray,RAL 7040,#8E98A3
38,80,157,28,8,Gray,RAL 7040,#8E98A3
38,80,158,27,8,Gray,RAL 7040,#8E98A3
38,80,159,26,8,Gray,RAL 7040,#8E98A3
38,80,160,25,8,Gray,RAL 7040,#8E98A3
38,80,161,24,8,Gray,RAL 7040,#8E98A3
38,80,162,23,8,Gray,RAL 7040,#8E98A3
38,80,163,22,8,Gray,RAL 7040,#8E98A3
38,80,164,21,8,Gray,RAL 7040,#8E98A3
38,80,165,20,8,Gray,RAL 7040,#8E98A3
38,80,166,19,8,Gray,RAL 7040,#8E98A3
38,80,167,18,8,Gray,RAL 7040,#8E98A3
38,80,168,17,8,Gray,RAL 7040,#8E98A3
38,80,169,16,8,Gray,RAL 7040,#8E98A3
38,80,170,15,8,Gray,RAL 7040,#8E98A3
38,80,171,14,8,Gray,RAL 7040,#8E98A3
38,80,172,13,8,Gray,RAL 7040,#8E98A3
38,80,173,12,8,Gray,RAL 7040,#8E98A3
38,80,174,11,8,Gray,RAL 7040,#8E98A3
38,80,175,10,8,Gray,RAL 7040,#8E98A3
38,80,176,9,8,Gray,RAL 7040,#8E98A3
38,80,177,8,8,Gray,RAL 7040,#8E98A3
38,80,178,7,8,Gray,RAL 7040,#8E98A3
38,80,179,6,8,Gray,RAL 7040,#8E98A3
38,80,180,5,8,Gray,RAL 7040,#8E98A3
38,80,181,4,8,Gray,RAL 7040,#8E98A3
38,80,182,3,8,Gray,RAL 7040,#8E98A3
38,80,183,2,8,Gray,RAL 7040,#8E98A3
38,80,184,1,8,Gray,RAL 7040,#8E98A3
39,79,1,184,2,Black,RAL 9005,#111111
39,79,2,183,2,Black,RAL 9005,#111111
39,79,3,182,2,Black,RAL 9005,#111111
39,79,4,181,2,Black,RAL 9005,#111111
39,79,5,180,2,Black,RAL 9005,#111111
39,79,6,179,2,Black,RAL 9005,#111111
39,79,7,178,2,Black,RAL 9005,#111111
39,79,8,177,2,Black,RAL 9005,#111111
39,79,9,176,2,Black,RAL 9005,#111111
39,79,10,175,2,Black,RAL 9005,#111111
39,79,11,174,2,Black,RAL 9005,#111111
39,79,12,173,2,Black,RAL 9005,#111111
39,79,13,172,2,Black,RAL 9005,#111111
39,79,14,171,2,Black,RAL 9005,#111111
39,79,15,170,2,Black,RAL 9005,#111111
39,79,16,169,2,Black,RAL 9005,#111111
39,79,17,168,2,Black,RAL 9005,#111111
39,79,18,167,2,Black,RAL 9005,#111111
39,79,19,166,2,Black,RAL 9005,#111111
39,79,20,165,2,Black,RAL 9005,#111111
39,79,21,164,2,Black,RAL 9005,#111111
39,79,22,163,2,Black,RAL 9005,#111111
39,79,23,162,2,Black,RAL 9005,#111111
39,79,24,161,2,Black,RAL 9005,#111111
39,79,25,160,2,Black,RAL 9005,#111111
39,79,26,159,2,Black,RAL 9005,#111111
39,79,27,158,2,Black,RAL 9005,#111111
39,79,28,157,2,Black,RAL 9005,#111111
39,79,29,156,2,Black,RAL 9005,#111111
39,79,30,155,2,Black,RAL 9005,#111111
39,79,31,154,2,Black,RAL 9005,#111111
39,79,32,153,2,Black,RAL 9005,#111111
39,79,33,152,2,Black,RAL 9005,#111111
39,79,34,151,2,Black,RAL 9005,#111111
39,79,35,150,2,Black,RAL 9005,#111111
39,79,36,149,2,Black,RAL 9005,#111111
39,79,37,148,2,Black,RAL 9005,#111111
39,79,38,147,2,Black,RAL 9005,#111111
39,79,39,146,2,Black,RAL 9005,#111111
39,79,40,145,2,Black,RAL 9005,#111111
39,79,41,144,2,Black,RAL 9005,#111111
39,79,42,143,2,Black,RAL 9005,#111111
39,79,43,142,2,Black,RAL 9005,#111111
39,79,44,141,2,Black,RAL 9005,#111111
39,79,45,140,2,Black,RAL 9005,#111111
39,79,46,139,2,Black,RAL 9005,#111111
39,79,47,138,2,Black,RAL 9005,#111111
39,79,48,137,2,Black,RAL 9005,#111111
39,79,49,136,2,Black,RAL 9005,#111111
39,79,50,135,2,Black,RAL 9005,#111111
39,79,51,134,2,Black,RAL 9005,#111111
39,79,52,133,2,Black,RAL 9005,#111111
39,79,53,132,2,Black,RAL 9005,#111111
39,79,54,131,2,Black,RAL 9005,#111111
39,79,55,130,2,Black,RAL 9005,#111111
39,79,56,129,2,Black,RAL 9005,#111111
39,79,57,128,2,Black,RAL 9005,#111111
39,79,58,127,2,Black,RAL 9005,#111111
39,79,59,126,2,Black,RAL 9005,#111111
39,79,60,125,2,Black,RAL 9005,#111111
39,79,61,124,2,Black,RAL 9005,#111111
39,79,62,123,2,Black,RAL 9005,#111111
39,79,63,122,2,Black,RAL 9005,#111111
39,79,64,121,2,Black,RAL 9005,#111111
39,79,65,120,2,Black,RAL 9005,#111111
39,79,66,119,2,Black,RAL 9005,#111111
39,79,67,118,2,Black,RAL 9005,#111111
39,79,68,117,2,Black,RAL 9005,#111111
39,79,69,116,2,Black,RAL 9005,#111111
39,79,70,115,2,Black,RAL 9005,#111111
39,79,71,114,2,Black,RAL 9005,#111111
39,79,72,113,2,Black,RAL 9005,#111111
39,79,73,112,2,Black,RAL 9005,#111111
39,79,74,111,2,Black,RAL 9005,#111111
39,79,75,110,2,Black,RAL 9005,#111111
39,79,76,109,2,Black,RAL 9005,#111111
39,79,77,108,2,Black,RAL 9005,#111111
39,79,78,107,2,Black,RAL 9005,#111111
39,79,79,106,2,Black,RAL 9005,#111111
39,79,80,105,2,Black,RAL 9005,#111111
39,79,81,104,2,Black,RAL 9005,#111111
39,79,82,103,2,Black,RAL 9005,#111111
39,79,83,102,2,Black,RAL 9005,#111111
39,79,84,101,2,Black,RAL 9005,#111111
39,79,85,100,2,Black,RAL 9005,#111111
39,79,86,99,2,Black,RAL 9005,#111111
39,79,87,98,2,Black,RAL 9005,#111111
39,79,88,97,2,Black,RAL 9005,#111111
39,79,89,96,2,Black,RAL 9005,#111111
39,79,90,95,2,Black,RAL 9005,#111111
39,79,91,94,2,Black,RAL 9005,#111111
39,79,92,93,2,Black,RAL 9005,#111111
39,79,93,92,2,Black,RAL 9005,#111111
39,79,94,91,2,Black,RAL 9005,#111111
39,79,95,90,2,Black,RAL 9005,#111111
39,79,96,89,2,Black,RAL 9005,#111111
39,79,97,88,2,Black,RAL 9005,#111111
39,79,98,87,2,Black,RAL 9005,#111111
39,79,99,86,8,Gray,RAL 7040,#8E98A3
39,79,100,85,8,Gray,RAL 7040,#8E98A3
39,79,101,84,8,Gray,RAL 7040,#8E98A3
39,79,102,83,8,Gray,RAL 7040,#8E98A3
39,79,103,82,8,Gray,RAL 7040,#8E98A3
39,79,104,81,8,Gray,RAL 7040,#8E98A3
39,79,105,80,8,Gray,RAL 7040,#8E98A3
39,79,106,79,8,Gray,RAL 7040,#8E98A3
39,79,107,78,8,Gray,RAL 7040,#8E98A3
39,79,108,77,8,Gray,RAL 7040,#8E98A3
39,79,109,76,8,Gray,RAL 7040,#8E98A3
39,79,110,75,8,Gray,RAL 7040,#8E98A3
39,79,111,74,8,Gray,RAL 7040,#8E98A3
39,79,112,73,8,Gray,RAL 7040,#8E98A3
39,79,113,72,8,Gray,RAL 7040,#8E98A3
39,79,114,71,8,Gray,RAL 7040,#8E98A3
39,79,115,70,8,Gray,RAL 7040,#8E98A3
39,79,116,69,8,Gray,RAL 7040,#8E98A3
39,79,117,68,8,Gray,RAL 7040,#8E98A3
39,79,118,67,8,Gray,RAL 7040,#8E98A3
39,79,119,66,8,Gray,RAL 7040,#8E98A3
39,79,120,65,8,Gray,RAL 7040,#8E98A3
39,79,121,64,8,Gray,RAL 7040,#8E98A3
39,79,122,63,8,Gray,RAL 7040,#8E98A3
39,79,123,62,8,Gray,RAL 7040,#8E98A3
39,79,124,61,8,Gray,RAL 7040,#8E98A3
39,79,125,60,8,Gray,RAL 7040,#8E98A3
39,79,126,59,8,Gray,RAL 7040,#8E98A3
39,79,127,58,8,Gray,RAL 7040,#8E98A3
39,79,128,57,8,Gray,RAL 7040,#8E98A3
39,79,129,56,8,Gray,RAL 7040,#8E98A3
39,79,130,55,8,Gray,RAL 7040,#8E98A3
39,79,131,54,6,Green,RAL 6018,#2CA36A
39,79,132,53,6,Green,RAL 6018,#2CA36A
39,79,133,52,6,Green,RAL 6018,#2CA36A
39,79,134,51,6,Green,RAL 6018,#2CA36A
39,79,135,50,6,Green,RAL 6018,#2CA36A
39,79,136,49,6,Green,RAL 6018,#2CA36A
39,79,137,48,6,Green,RAL 6018,#2CA36A
39,79,138,47,6,Green,RAL 6018,#2CA36A
39,79,139,46,6,Green,RAL 6018,#2CA36A
39,79,140,45,6,Green,RAL 6018,#2CA36A
39,79,141,44,6,Green,RAL 6018,#2CA36A
39,79,142,43,6,Green,RAL 6018,#2CA36A
39,79,143,42,6,Green,RAL 6018,#2CA36A
39,79,144,41,6,Green,RAL 6018,#2CA36A
39,79,145,40,6,Green,RAL 6018,#2CA36A
39,79,146,39,6,Green,RAL 6018,#2CA36A
39,79,147,38,6,Green,RAL 6018,#2CA36A
39,79,148,37,6,Green,RAL 6018,#2CA36A
39,79,149,36,6,Green,RAL 6018,#2CA36A
39,79,150,35,6,Green,RAL 6018,#2CA36A
39,79,151,34,6,Green,RAL 6018,#2CA36A
39,79,152,33,6,Green,RAL 6018,#2CA36A
39,79,153,32,6,Green,RAL 6018,#2CA36A
39,79,154,31,6,Green,RAL 6018,#2CA36A
39,79,155,30,8,Gray,RAL 7040,#8E98A3
39,79,156,29,8,Gray,RAL 7040,#8E98A3
39,79,157,28,8,Gray,RAL 7040,#8E98A3
39,79,158,27,8,Gray,RAL 7040,#8E98A3
39,79,159,26,8,Gray,RAL 7040,#8E98A3
39,79,160,25,8,Gray,RAL 7040,#8E98A3
39,79,161,24,8,Gray,RAL 7040,#8E98A3
39,79,162,23,8,Gray,RAL 7040,#8E98A3
39,79,163,22,8,Gray,RAL 7040,#8E98A3
39,79,164,21,8,Gray,RAL 7040,#8E98A3
39,79,165,20,8,Gray,RAL 7040,#8E98A3
39,79,166,19,8,Gray,RAL 7040,#8E98A3
39,79,167,18,8,Gray,RAL 7040,#8E98A3
39,79,168,17,8,Gray,RAL 7040,#8E98A3
39,79,169,16,8,Gray,RAL 7040,#8E98A3
39,79,170,15,8,Gray,RAL 7040,#8E98A3
39,79,171,14,8,Gray,RAL 7040,#8E98A3
39,79,172,13,8,Gray,RAL 7040,#8E98A3
39,79,173,12,8,Gray,RAL 7040,#8E98A3
39,79,174,11,8,Gray,RAL 7040,#8E98A3
39,79,175,10,8,Gray,RAL 7040,#8E98A3
39,79,176,9,8,Gray,RAL 7040,#8E98A3
39,79,177,8,8,Gray,RAL 7040,#8E98A3
39,79,178,7,8,Gray,RAL 7040,#8E98A3
39,79,179,6,8,Gray,RAL 7040,#8E98A3
39,79,180,5,8,Gray,RAL 7040,#8E98A3
39,79,181,4,8,Gray,RAL 7040,#8E98A3
39,79,182,3,8,Gray,RAL 7040,#8E98A3
39,79,183,2,8,Gray,RAL 7040,#8E98A3
39,79,184,1,8,Gray,RAL 7040,#8E98A3
40,78,1,184,2,Black,RAL 9005,#111111
40,78,2,183,2,Black,RAL 9005,#111111
40,78,3,182,2,Black,RAL 9005,#111111
40,78,4,181,2,Black,RAL 9005,#111111
40,78,5,180,2,Black,RAL 9005,#111111
40,78,6,179,2,Black,RAL 9005,#111111
40,78,7,178,2,Black,RAL 9005,#111111
40,78,8,177,2,Black,RAL 9005,#111111
40,78,9,176,2,Black,RAL 9005,#111111
40,78,10,175,2,Black,RAL 9005,#111111
40,78,11,174,2,Black,RAL 9005,#111111
40,78,12,173,2,Black,RAL 9005,#111111
40,78,13,172,2,Black,RAL 9005,#111111
40,78,14,171,2,Black,RAL 9005,#111111
40,78,15,170,2,Black,RAL 9005,#111111
40,78,16,169,2,Black,RAL 9005,#111111
40,78,17,168,2,Black,RAL 9005,#111111
40,78,18,167,2,Black,RAL 9005,#111111
40,78,19,166,2,Black,RAL 9005,#111111
40,78,20,165,2,Black,RAL 9005,#111111
40,78,21,164,2,Black,RAL 9005,#111111
40,78,22,163,2,Black,RAL 9005,#111111
40,78,23,162,2,Black,RAL 9005,#111111
40,78,24,161,2,Black,RAL 9005,#111111
40,78,25,160,2,Black,RAL 9005,#111111
40,78,26,159,2,Black,RAL 9005,#111111
40,78,27,158,2,Black,RAL 9005,#111111
40,78,28,157,2,Black,RAL 9005,#111111
40,78,29,156,2,Black,RAL 9005,#111111
40,78,30,155,2,Black,RAL 9005,#111111
40,78,31,154,2,Black,RAL 9005,#111111
40,78,32,153,2,Black,RAL 9005,#111111
40,78,33,152,2,Black,RAL 9005,#111111
40,78,34,151,2,Black,RAL 9005,#111111
40,78,35,150,2,Black,RAL 9005,#111111
40,78,36,149,2,Black,RAL 9005,#111111
40,78,37,148,2,Black,RAL 9005,#111111
40,78,38,147,2,Black,RAL 9005,#111111
40,78,39,146,2,Black,RAL 9005,#111111
40,78,40,145,2,Black,RAL 9005,#111111
40,78,41,144,2,Black,RAL 9005,#111111
40,78,42,143,2,Black,RAL 9005,#111111
40,78,43,142,2,Black,RAL 9005,#111111
40,78,44,141,2,Black,RAL 9005,#111111
40,78,45,140,2,Black,RAL 9005,#111111
40,78,46,139,2,Black,RAL 9005,#111111
40,78,47,138,2,Black,RAL 9005,#111111
40,78,48,137,2,Black,RAL 9005,#111111
40,78,49,136,2,Black,RAL 9005,#111111
40,78,50,135,2,Black,RAL 9005,#111111
40,78,51,134,2,Black,RAL 9005,#111111
40,78,52,133,2,Black,RAL 9005,#111111
40,78,53,132,2,Black,RAL 9005,#111111
40,78,54,131,2,Black,RAL 9005,#111111
40,78,55,130,2,Black,RAL 9005,#111111
40,78,56,129,2,Black,RAL 9005,#111111
40,78,57,128,2,Black,RAL 9005,#111111
40,78,58,127,2,Black,RAL 9005,#111111
40,78,59,126,2,Black,RAL 9005,#111111
40,78,60,125,2,Black,RAL 9005,#111111
40,78,61,124,2,Black,RAL 9005,#111111
40,78,62,123,2,Black,RAL 9005,#111111
40,78,63,122,2,Black,RAL 9005,#111111
40,78,64,121,2,Black,RAL 9005,#111111
40,78,65,120,2,Black,RAL 9005,#111111
40,78,66,119,2,Black,RAL 9005,#111111
40,78,67,118,2,Black,RAL 9005,#111111
40,78,68,117,2,Black,RAL 9005,#111111
40,78,69,116,2,Black,RAL 9005,#111111
40,78,70,115,2,Black,RAL 9005,#111111
40,78,71,114,2,Black,RAL 9005,#111111
40,78,72,113,2,Black,RAL 9005,#111111
40,78,73,112,2,Black,RAL 9005,#111111
40,78,74,111,2,Black,RAL 9005,#111111
40,78,75,110,2,Black,RAL 9005,#111111
40,78,76,109,2,Black,RAL 9005,#111111
40,78,77,108,2,Black,RAL 9005,#111111
40,78,78,107,2,Black,RAL 9005,#111111
40,78,79,106,2,Black,RAL 9005,#111111
40,78,80,105,2,Black,RAL 9005,#111111
40,78,81,104,2,Black,RAL 9005,#111111
40,78,82,103,2,Black,RAL 9005,#111111
40,78,83,102,2,Black,RAL 9005,#111111
40,78,84,101,2,Black,RAL 9005,#111111
40,78,85,100,2,Black,RAL 9005,#111111
40,78,86,99,2,Black,RAL 9005,#111111
40,78,87,98,2,Black,RAL 9005,#111111
40,78,88,97,2,Black,RAL 9005,#111111
40,78,89,96,2,Black,RAL 9005,#111111
40,78,90,95,2,Black,RAL 9005,#111111
40,78,91,94,2,Black,RAL 9005,#111111
40,78,92,93,2,Black,RAL 9005,#111111
40,78,93,92,2,Black,RAL 9005,#111111
40,78,94,91,2,Black,RAL 9005,#111111
40,78,95,90,2,Black,RAL 9005,#111111
40,78,96,89,2,Black,RAL 9005,#111111
40,78,97,88,2,Black,RAL 9005,#111111
40,78,98,87,2,Black,RAL 9005,#111111
40,78,99,86,8,Gray,RAL 7040,#8E98A3
40,78,100,85,8,Gray,RAL 7040,#8E98A3
40,78,101,84,8,Gray,RAL 7040,#8E98A3
40,78,102,83,8,Gray,RAL 7040,#8E98A3
40,78,103,82,8,Gray,RAL 7040,#8E98A3
40,78,104,81,8,Gray,RAL 7040,#8E98A3
40,78,105,80,8,Gray,RAL 7040,#8E98A3
40,78,106,79,8,Gray,RAL 7040,#8E98A3
40,78,107,78,8,Gray,RAL 7040,#8E98A3
40,78,108,77,8,Gray,RAL 7040,#8E98A3
40,78,109,76,8,Gray,RAL 7040,#8E98A3
40,78,110,75,8,Gray,RAL 7040,#8E98A3
40,78,111,74,8,Gray,RAL 7040,#8E98A3
40,78,112,73,8,Gray,RAL 7040,#8E98A3
40,78,113,72,8,Gray,RAL 7040,#8E98A3
40,78,114,71,8,Gray,RAL 7040,#8E98A3
40,78,115,70,8,Gray,RAL 7040,#8E98A3
40,78,116,69,8,Gray,RAL 7040,#8E98A3
40,78,117,68,8,Gray,RAL 7040,#8E98A3
40,78,118,67,8,Gray,RAL 7040,#8E98A3
40,78,119,66,8,Gray,RAL 7040,#8E98A3
40,78,120,65,8,Gray,RAL 7040,#8E98A3
40,78,121,64,8,Gray,RAL 7040,#8E98A3
40,78,122,63,8,Gray,RAL 7040,#8E98A3
40,78,123,62,8,Gray,RAL 7040,#8E98A3
40,78,124,61,8,Gray,RAL 7040,#8E98A3
40,78,125,60,8,Gray,RAL 7040,#8E98A3
40,78,126,59,8,Gray,RAL 7040,#8E98A3
40,78,127,58,8,Gray,RAL 7040,#8E98A3
40,78,128,57,8,Gray,RAL 7040,#8E98A3
40,78,129,56,8,Gray,RAL 7040,#8E98A3
40,78,130,55,6,Green,RAL 6018,#2CA36A
40,78,131,54,6,Green,RAL 6018,#2CA36A
40,78,132,53,6,Green,RAL 6018,#2CA36A
40,78,133,52,6,Green,RAL 6018,#2CA36A
40,78,134,51,6,Green,RAL 6018,#2CA36A
40,78,135,50,6,Green,RAL 6018,#2CA36A
40,78,136,49,6,Green,RAL 6018,#2CA36A
40,78,137,48,6,Green,RAL 6018,#2CA36A
40,78,138,47,6,Green,RAL 6018,#2CA36A
40,78,139,46,6,Green,RAL 6018,#2CA36A
40,78,140,45,6,Green,RAL 6018,#2CA36A
40,78,141,44,6,Green,RAL 6018,#2CA36A
40,78,142,43,6,Green,RAL 6018,#2CA36A
40,78,143,42,6,Green,RAL 6018,#2CA36A
40,78,144,41,6,Green,RAL 6018,#2CA36A
40,78,145,40,6,Green,RAL 6018,#2CA36A
40,78,146,39,6,Green,RAL 6018,#2CA36A
40,78,147,38,6,Green,RAL 6018,#2CA36A
40,78,148,37,6,Green,RAL 6018,#2CA36A
40,78,149,36,6,Green,RAL 6018,#2CA36A
40,78,150,35,6,Green,RAL 6018,#2CA36A
40,78,151,34,6,Green,RAL 6018,#2CA36A
40,78,152,33,6,Green,RAL 6018,#2CA36A
40,78,153,32,6,Green,RAL 6018,#2CA36A
40,78,154,31,6,Green,RAL 6018,#2CA36A
40,78,155,30,6,Green,RAL 6018,#2CA36A
40,78,156,29,8,Gray,RAL 7040,#8E98A3
40,78,157,28,8,Gray,RAL 7040,#8E98A3
40,78,158,27,8,Gray,RAL 7040,#8E98A3
40,78,159,26,8,Gray,RAL 7040,#8E98A3
40,78,160,25,8,Gray,RAL 7040,#8E98A3
40,78,161,24,8,Gray,RAL 7040,#8E98A3
40,78,162,23,8,Gray,RAL 7040,#8E98A3
40,78,163,22,8,Gray,RAL 7040,#8E98A3
40,78,164,21,8,Gray,RAL 7040,#8E98A3
40,78,165,20,8,Gray,RAL 7040,#8E98A3
40,78,166,19,8,Gray,RAL 7040,#8E98A3
40,78,167,18,8,Gray,RAL 7040,#8E98A3
40,78,168,17,8,Gray,RAL 7040,#8E98A3
40,78,169,16,8,Gray,RAL 7040,#8E98A3
40,78,170,15,8,Gray,RAL 7040,#8E98A3
40,78,171,14,8,Gray,RAL 7040,#8E98A3
40,78,172,13,8,Gray,RAL 7040,#8E98A3
40,78,173,12,8,Gray,RAL 7040,#8E98A3
40,78,174,11,8,Gray,RAL 7040,#8E98A3
40,78,175,10,8,Gray,RAL 7040,#8E98A3
40,78,176,9,8,Gray,RAL 7040,#8E98A3
40,78,177,8,8,Gray,RAL 7040,#8E98A3
40,78,178,7,8,Gray,RAL 7040,#8E98A3
40,78,179,6,8,Gray,RAL 7040,#8E98A3
40,78,180,5,8,Gray,RAL 7040,#8E98A3
40,78,181,4,8,Gray,RAL 7040,#8E98A3
40,78,182,3,8,Gray,RAL 7040,#8E98A3
40,78,183,2,8,Gray,RAL 7040,#8E98A3
40,78,184,1,8,Gray,RAL 7040,#8E98A3
41,77,1,184,2,Black,RAL 9005,#111111
41,77,2,183,2,Black,RAL 9005,#111111
41,77,3,182,2,Black,RAL 9005,#111111
41,77,4,181,2,Black,RAL 9005,#111111
41,77,5,180,2,Black,RAL 9005,#111111
41,77,6,179,2,Black,RAL 9005,#111111
41,77,7,178,2,Black,RAL 9005,#111111
41,77,8,177,2,Black,RAL 9005,#111111
41,77,9,176,2,Black,RAL 9005,#111111
41,77,10,175,2,Black,RAL 9005,#111111
41,77,11,174,2,Black,RAL 9005,#111111
41,77,12,173,2,Black,RAL 9005,#111111
41,77,13,172,2,Black,RAL 9005,#111111
41,77,14,171,2,Black,RAL 9005,#111111
41,77,15,170,2,Black,RAL 9005,#111111
41,77,16,169,2,Black,RAL 9005,#111111
41,77,17,168,2,Black,RAL 9005,#111111
41,77,18,167,2,Black,RAL 9005,#111111
41,77,19,166,2,Black,RAL 9005,#111111
41,77,20,165,2,Black,RAL 9005,#111111
41,77,21,164,2,Black,RAL 9005,#111111
41,77,22,163,2,Black,RAL 9005,#111111
41,77,23,162,2,Black,RAL 9005,#111111
41,77,24,161,2,Black,RAL 9005,#111111
41,77,25,160,2,Black,RAL 9005,#111111
41,77,26,159,2,Black,RAL 9005,#111111
41,77,27,158,2,Black,RAL 9005,#111111
41,77,28,157,2,Black,RAL 9005,#111111
41,77,29,156,2,Black,RAL 9005,#111111
41,77,30,155,2,Black,RAL 9005,#111111
41,77,31,154,2,Black,RAL 9005,#111111
41,77,32,153,2,Black,RAL 9005,#111111
41,77,33,152,2,Black,RAL 9005,#111111
41,77,34,151,2,Black,RAL 9005,#111111
41,77,35,150,2,Black,RAL 9005,#111111
41,77,36,149,2,Black,RAL 9005,#111111
41,77,37,148,2,Black,RAL 9005,#111111
41,77,38,147,2,Black,RAL 9005,#111111
41,77,39,146,2,Black,RAL 9005,#111111
41,77,40,145,2,Black,RAL 9005,#111111
41,77,41,144,2,Black,RAL 9005,#111111
41,77,42,143,2,Black,RAL 9005,#111111
41,77,43,142,2,Black,RAL 9005,#111111
41,77,44,141,2,Black,RAL 9005,#111111
41,77,45,140,2,Black,RAL 9005,#111111
41,77,46,139,2,Black,RAL 9005,#111111
41,77,47,138,2,Black,RAL 9005,#111111
41,77,48,137,2,Black,RAL 9005,#111111
41,77,49,136,2,Black,RAL 9005,#111111
41,77,50,135,2,Black,RAL 9005,#111111
41,77,51,134,2,Black,RAL 9005,#111111
41,77,52,133,2,Black,RAL 9005,#111111
41,77,53,132,2,Black,RAL 9005,#111111
41,77,54,131,2,Black,RAL 9005,#111111
41,77,55,130,2,Black,RAL 9005,#111111
41,77,56,129,2,Black,RAL 9005,#111111
41,77,57,128,2,Black,RAL 9005,#111111
41,77,58,127,2,Black,RAL 9005,#111111
41,77,59,126,2,Black,RAL 9005,#111111
41,77,60,125,2,Black,RAL 9005,#111111
41,77,61,124,2,Black,RAL 9005,#111111
41,77,62,123,2,Black,RAL 9005,#111111
41,77,63,122,2,Black,RAL 9005,#111111
41,77,64,121,2,Black,RAL 9005,#111111
41,77,65,120,2,Black,RAL 9005,#111111
41,77,66,119,2,Black,RAL 9005,#111111
41,77,67,118,2,Black,RAL 9005,#111111
41,77,68,117,2,Black,RAL 9005,#111111
41,77,69,116,2,Black,RAL 9005,#111111
41,77,70,115,2,Black,RAL 9005,#111111
41,77,71,114,2,Black,RAL 9005,#111111
41,77,72,113,2,Black,RAL 9005,#111111
41,77,73,112,2,Black,RAL 9005,#111111
41,77,74,111,2,Black,RAL 9005,#111111
41,77,75,110,2,Black,RAL 9005,#111111
41,77,76,109,2,Black,RAL 9005,#111111
41,77,77,108,2,Black,RAL 9005,#111111
41,77,78,107,2,Black,RAL 9005,#111111
41,77,79,106,2,Black,RAL 9005,#111111
41,77,80,105,2,Black,RAL 9005,#111111
41,77,81,104,2,Black,RAL 9005,#111111
41,77,82,103,2,Black,RAL 9005,#111111
41,77,83,102,2,Black,RAL 9005,#111111
41,77,84,101,2,Black,RAL 9005,#111111
41,77,85,100,2,Black,RAL 9005,#111111
41,77,86,99,2,Black,RAL 9005,#111111
41,77,87,98,2,Black,RAL 9005,#111111
41,77,88,97,2,Black,RAL 9005,#111111
41,77,89,96,2,Black,RAL 9005,#111111
41,77,90,95,2,Black,RAL 9005,#111111
41,77,91,94,2,Black,RAL 9005,#111111
41,77,92,93,2,Black,RAL 9005,#111111
41,77,93,92,2,Black,RAL 9005,#111111
41,77,94,91,2,Black,RAL 9005,#111111
41,77,95,90,2,Black,RAL 9005,#111111
41,77,96,89,2,Black,RAL 9005,#111111
41,77,97,88,2,Black,RAL 9005,#111111
41,77,98,87,2,Black,RAL 9005,#111111
41,77,99,86,8,Gray,RAL 7040,#8E98A3
41,77,100,85,8,Gray,RAL 7040,#8E98A3
41,77,101,84,8,Gray,RAL 7040,#8E98A3
41,77,102,83,8,Gray,RAL 7040,#8E98A3
41,77,103,82,8,Gray,RAL 7040,#8E98A3
41,77,104,81,8,Gray,RAL 7040,#8E98A3
41,77,105,80,8,Gray,RAL 7040,#8E98A3
41,77,106,79,8,Gray,RAL 7040,#8E98A3
41,77,107,78,8,Gray,RAL 7040,#8E98A3
41,77,108,77,8,Gray,RAL 7040,#8E98A3
41,77,109,76,8,Gray,RAL 7040,#8E98A3
41,77,110,75,8,Gray,RAL 7040,#8E98A3
41,77,111,74,8,Gray,RAL 7040,#8E98A3
41,77,112,73,8,Gray,RAL 7040,#8E98A3
41,77,113,72,8,Gray,RAL 7040,#8E98A3
41,77,114,71,8,Gray,RAL 7040,#8E98A3
41,77,115,70,8,Gray,RAL 7040,#8E98A3
41,77,116,69,8,Gray,RAL 7040,#8E98A3
41,77,117,68,8,Gray,RAL 7040,#8E98A3
41,77,118,67,8,Gray,RAL 7040,#8E98A3
41,77,119,66,8,Gray,RAL 7040,#8E98A3
41,77,120,65,8,Gray,RAL 7040,#8E98A3
41,77,121,64,8,Gray,RAL 7040,#8E98A3
41,77,122,63,8,Gray,RAL 7040,#8E98A3
41,77,123,62,8,Gray,RAL 7040,#8E98A3
41,77,124,61,8,Gray,RAL 7040,#8E98A3
41,77,125,60,8,Gray,RAL 7040,#8E98A3
41,77,126,59,8,Gray,RAL 7040,#8E98A3
41,77,127,58,8,Gray,RAL 7040,#8E98A3
41,77,128,57,8,Gray,RAL 7040,#8E98A3
41,77,129,56,6,Green,RAL 6018,#2CA36A
41,77,130,55,6,Green,RAL 6018,#2CA36A
41,77,131,54,6,Green,RAL 6018,#2CA36A
41,77,132,53,6,Green,RAL 6018,#2CA36A
41,77,133,52,6,Green,RAL 6018,#2CA36A
41,77,134,51,6,Green,RAL 6018,#2CA36A
41,77,135,50,6,Green,RAL 6018,#2CA36A
41,77,136,49,6,Green,RAL 6018,#2CA36A
41,77,137,48,6,Green,RAL 6018,#2CA36A
41,77,138,47,6,Green,RAL 6018,#2CA36A
41,77,139,46,6,Green,RAL 6018,#2CA36A
41,77,140,45,6,Green,RAL 6018,#2CA36A
41,77,141,44,6,Green,RAL 6018,#2CA36A
41,77,142,43,6,Green,RAL 6018,#2CA36A
41,77,143,42,6,Green,RAL 6018,#2CA36A
41,77,144,41,6,Green,RAL 6018,#2CA36A
41,77,145,40,6,Green,RAL 6018,#2CA36A
41,77,146,39,6,Green,RAL 6018,#2CA36A
41,77,147,38,6,Green,RAL 6018,#2CA36A
41,77,148,37,6,Green,RAL 6018,#2CA36A
41,77,149,36,6,Green,RAL 6018,#2CA36A
41,77,150,35,6,Green,RAL 6018,#2CA36A
41,77,151,34,6,Green,RAL 6018,#2CA36A
41,77,152,33,6,Green,RAL 6018,#2CA36A
41,77,153,32,6,Green,RAL 6018,#2CA36A
41,77,154,31,6,Green,RAL 6018,#2CA36A
41,77,155,30,6,Green,RAL 6018,#2CA36A
41,77,156,29,8,Gray,RAL 7040,#8E98A3
41,77,157,28,8,Gray,RAL 7040,#8E98A3
41,77,158,27,8,Gray,RAL 7040,#8E98A3
41,77,159,26,8,Gray,RAL 7040,#8E98A3
41,77,160,25,8,Gray,RAL 7040,#8E98A3
41,77,161,24,8,Gray,RAL 7040,#8E98A3
41,77,162,23,8,Gray,RAL 7040,#8E98A3
41,77,163,22,8,Gray,RAL 7040,#8E98A3
41,77,164,21,8,Gray,RAL 7040,#8E98A3
41,77,165,20,8,Gray,RAL 7040,#8E98A3
41,77,166,19,8,Gray,RAL 7040,#8E98A3
41,77,167,18,8,Gray,RAL 7040,#8E98A3
41,77,168,17,8,Gray,RAL 7040,#8E98A3
41,77,169,16,8,Gray,RAL 7040,#8E98A3
41,77,170,15,8,Gray,RAL 7040,#8E98A3
41,77,171,14,8,Gray,RAL 7040,#8E98A3
41,77,172,13,8,Gray,RAL 7040,#8E98A3
41,77,173,12,8,Gray,RAL 7040,#8E98A3
41,77,174,11,8,Gray,RAL 7040,#8E98A3
41,77,175,10,8,Gray,RAL 7040,#8E98A3
41,77,176,9,8,Gray,RAL 7040,#8E98A3
41,77,177,8,8,Gray,RAL 7040,#8E98A3
41,77,178,7,8,Gray,RAL 7040,#8E98A3
41,77,179,6,8,Gray,RAL 7040,#8E98A3
41,77,180,5,8,Gray,RAL 7040,#8E98A3
41,77,181,4,8,Gray,RAL 7040,#8E98A3
41,77,182,3,8,Gray,RAL 7040,#8E98A3
41,77,183,2,8,Gray,RAL 7040,#8E98A3
41,77,184,1,8,Gray,RAL 7040,#8E98A3
42,76,1,184,2,Black,RAL 9005,#111111
42,76,2,183,2,Black,RAL 9005,#111111
42,76,3,182,2,Black,RAL 9005,#111111
42,76,4,181,2,Black,RAL 9005,#111111
42,76,5,180,2,Black,RAL 9005,#111111
42,76,6,179,2,Black,RAL 9005,#111111
42,76,7,178,2,Black,RAL 9005,#111111
42,76,8,177,2,Black,RAL 9005,#111111
42,76,9,176,2,Black,RAL 9005,#111111
42,76,10,175,2,Black,RAL 9005,#111111
42,76,11,174,2,Black,RAL 9005,#111111
42,76,12,173,2,Black,RAL 9005,#111111
42,76,13,172,2,Black,RAL 9005,#111111
42,76,14,171,2,Black,RAL 9005,#111111
42,76,15,170,2,Black,RAL 9005,#111111
42,76,16,169,2,Black,RAL 9005,#111111
42,76,17,168,2,Black,RAL 9005,#111111
42,76,18,167,2,Black,RAL 9005,#111111
42,76,19,166,2,Black,RAL 9005,#111111
42,76,20,165,2,Black,RAL 9005,#111111
42,76,21,164,2,Black,RAL 9005,#111111
42,76,22,163,2,Black,RAL 9005,#111111
42,76,23,162,2,Black,RAL 9005,#111111
42,76,24,161,2,Black,RAL 9005,#111111
42,76,25,160,2,Black,RAL 9005,#111111
42,76,26,159,2,Black,RAL 9005,#111111
42,76,27,158,2,Black,RAL 9005,#111111
42,76,28,157,2,Black,RAL 9005,#111111
42,76,29,156,2,Black,RAL 9005,#111111
42,76,30,155,2,Black,RAL 9005,#111111
42,76,31,154,2,Black,RAL 9005,#111111
42,76,32,153,2,Black,RAL 9005,#111111
42,76,33,152,2,Black,RAL 9005,#111111
42,76,34,151,2,Black,RAL 9005,#111111
42,76,35,150,2,Black,RAL 9005,#111111
42,76,36,149,2,Black,RAL 9005,#111111
42,76,37,148,2,Black,RAL 9005,#111111
42,76,38,147,2,Black,RAL 9005,#111111
42,76,39,146,2,Black,RAL 9005,#111111
42,76,40,145,2,Black,RAL 9005,#111111
42,76,41,144,2,Black,RAL 9005,#111111
42,76,42,143,2,Black,RAL 9005,#111111
42,76,43,142,2,Black,RAL 9005,#111111
42,76,44,141,2,Black,RAL 9005,#111111
42,76,45,140,2,Black,RAL 9005,#111111
42,76,46,139,2,Black,RAL 9005,#111111
42,76,47,138,2,Black,RAL 9005,#111111
42,76,48,137,2,Black,RAL 9005,#111111
42,76,49,136,2,Black,RAL 9005,#111111
42,76,50,135,2,Black,RAL 9005,#111111
42,76,51,134,2,Black,RAL 9005,#111111
42,76,52,133,2,Black,RAL 9005,#111111
42,76,53,132,2,Black,RAL 9005,#111111
42,76,54,131,2,Black,RAL 9005,#111111
42,76,55,130,2,Black,RAL 9005,#111111
42,76,56,129,2,Black,RAL 9005,#111111
42,76,57,128,2,Black,RAL 9005,#111111
42,76,58,127,2,Black,RAL 9005,#111111
42,76,59,126,2,Black,RAL 9005,#111111
42,76,60,125,2,Black,RAL 9005,#111111
42,76,61,124,2,Black,RAL 9005,#111111
42,76,62,123,2,Black,RAL 9005,#111111
42,76,63,122,2,Black,RAL 9005,#111111
42,76,64,121,2,Black,RAL 9005,#111111
42,76,65,120,2,Black,RAL 9005,#111111
42,76,66,119,2,Black,RAL 9005,#111111
42,76,67,118,2,Black,RAL 9005,#111111
42,76,68,117,2,Black,RAL 9005,#111111
42,76,69,116,2,Black,RAL 9005,#111111
42,76,70,115,2,Black,RAL 9005,#111111
42,76,71,114,2,Black,RAL 9005,#111111
42,76,72,113,2,Black,RAL 9005,#111111
42,76,73,112,2,Black,RAL 9005,#111111
42,76,74,111,2,Black,RAL 9005,#111111
42,76,75,110,2,Black,RAL 9005,#111111
42,76,76,109,2,Black,RAL 9005,#111111
42,76,77,108,2,Black,RAL 9005,#111111
42,76,78,107,2,Black,RAL 9005,#111111
42,76,79,106,2,Black,RAL 9005,#111111
42,76,80,105,2,Black,RAL 9005,#111111
42,76,81,104,2,Black,RAL 9005,#111111
42,76,82,103,2,Black,RAL 9005,#111111
42,76,83,102,2,Black,RAL 9005,#111111
42,76,84,101,2,Black,RAL 9005,#111111
42,76,85,100,2,Black,RAL 9005,#111111
42,76,86,99,2,Black,RAL 9005,#111111
42,76,87,98,2,Black,RAL 9005,#111111
42,76,88,97,2,Black,RAL 9005,#111111
42,76,89,96,2,Black,RAL 9005,#111111
42,76,90,95,2,Black,RAL 9005,#111111
42,76,91,94,2,Black,RAL 9005,#111111
42,76,92,93,2,Black,RAL 9005,#111111
42,76,93,92,2,Black,RAL 9005,#111111
42,76,94,91,2,Black,RAL 9005,#111111
42,76,95,90,2,Black,RAL 9005,#111111
42,76,96,89,2,Black,RAL 9005,#111111
42,76,97,88,2,Black,RAL 9005,#111111
42,76,98,87,2,Black,RAL 9005,#111111
42,76,99,86,8,Gray,RAL 7040,#8E98A3
42,76,100,85,8,Gray,RAL 7040,#8E98A3
42,76,101,84,8,Gray,RAL 7040,#8E98A3
42,76,102,83,8,Gray,RAL 7040,#8E98A3
42,76,103,82,8,Gray,RAL 7040,#8E98A3
42,76,104,81,8,Gray,RAL 7040,#8E98A3
42,76,105,80,8,Gray,RAL 7040,#8E98A3
42,76,106,79,8,Gray,RAL 7040,#8E98A3
42,76,107,78,8,Gray,RAL 7040,#8E98A3
42,76,108,77,8,Gray,RAL 7040,#8E98A3
42,76,109,76,8,Gray,RAL 7040,#8E98A3
42,76,110,75,8,Gray,RAL 7040,#8E98A3
42,76,111,74,8,Gray,RAL 7040,#8E98A3
42,76,112,73,8,Gray,RAL 7040,#8E98A3
42,76,113,72,8,Gray,RAL 7040,#8E98A3
42,76,114,71,8,Gray,RAL 7040,#8E98A3
42,76,115,70,8,Gray,RAL 7040,#8E98A3
42,76,116,69,8,Gray,RAL 7040,#8E98A3
42,76,117,68,8,Gray,RAL 7040,#8E98A3
42,76,118,67,8,Gray,RAL 7040,#8E98A3
42,76,119,66,8,Gray,RAL 7040,#8E98A3
42,76,120,65,8,Gray,RAL 7040,#8E98A3
42,76,121,64,8,Gray,RAL 7040,#8E98A3
42,76,122,63,8,Gray,RAL 7040,#8E98A3
42,76,123,62,8,Gray,RAL 7040,#8E98A3
42,76,124,61,8,Gray,RAL 7040,#8E98A3
42,76,125,60,8,Gray,RAL 7040,#8E98A3
42,76,126,59,8,Gray,RAL 7040,#8E98A3
42,76,127,58,8,Gray,RAL 7040,#8E98A3
42,76,128,57,8,Gray,RAL 7040,#8E98A3
42,76,129,56,6,Green,RAL 6018,#2CA36A
42,76,130,55,6,Green,RAL 6018,#2CA36A
42,76,131,54,6,Green,RAL 6018,#2CA36A
42,76,132,53,6,Green,RAL 6018,#2CA36A
42,76,133,52,6,Green,RAL 6018,#2CA36A
42,76,134,51,6,Green,RAL 6018,#2CA36A
42,76,135,50,6,Green,RAL 6018,#2CA36A
42,76,136,49,6,Green,RAL 6018,#2CA36A
42,76,137,48,6,Green,RAL 6018,#2CA36A
42,76,138,47,6,Green,RAL 6018,#2CA36A
42,76,139,46,6,Green,RAL 6018,#2CA36A
42,76,140,45,6,Green,RAL 6018,#2CA36A
42,76,141,44,6,Green,RAL 6018,#2CA36A
42,76,142,43,6,Green,RAL 6018,#2CA36A
42,76,143,42,6,Green,RAL 6018,#2CA36A
42,76,144,41,6,Green,RAL 6018,#2CA36A
42,76,145,40,6,Green,RAL 6018,#2CA36A
42,76,146,39,6,Green,RAL 6018,#2CA36A
42,76,147,38,6,Green,RAL 6018,#2CA36A
42,76,148,37,6,Green,RAL 6018,#2CA36A
42,76,149,36,6,Green,RAL 6018,#2CA36A
42,76,150,35,6,Green,RAL 6018,#2CA36A
42,76,151,34,6,Green,RAL 6018,#2CA36A
42,76,152,33,6,Green,RAL 6018,#2CA36A
42,76,153,32,6,Green,RAL 6018,#2CA36A
42,76,154,31,6,Green,RAL 6018,#2CA36A
42,76,155,30,6,Green,RAL 6018,#2CA36A
42,76,156,29,6,Green,RAL 6018,#2CA36A
42,76,157,28,8,Gray,RAL 7040,#8E98A3
42,76,158,27,8,Gray,RAL 7040,#8E98A3
42,76,159,26,8,Gray,RAL 7040,#8E98A3
42,76,160,25,8,Gray,RAL 7040,#8E98A3
42,76,161,24,8,Gray,RAL 7040,#8E98A3
42,76,162,23,8,Gray,RAL 7040,#8E98A3
42,76,163,22,8,Gray,RAL 7040,#8E98A3
42,76,164,21,8,Gray,RAL 7040,#8E98A3
42,76,165,20,8,Gray,RAL 7040,#8E98A3
42,76,166,19,8,Gray,RAL 7040,#8E98A3
42,76,167,18,8,Gray,RAL 7040,#8E98A3
42,76,168,17,8,Gray,RAL 7040,#8E98A3
42,76,169,16,8,Gray,RAL 7040,#8E98A3
42,76,170,15,8,Gray,RAL 7040,#8E98A3
42,76,171,14,8,Gray,RAL 7040,#8E98A3
42,76,172,13,8,Gray,RAL 7040,#8E98A3
42,76,173,12,8,Gray,RAL 7040,#8E98A3
42,76,174,11,8,Gray,RAL 7040,#8E98A3
42,76,175,10,8,Gray,RAL 7040,#8E98A3
42,76,176,9,8,Gray,RAL 7040,#8E98A3
42,76,177,8,8,Gray,RAL 7040,#8E98A3
42,76,178,7,8,Gray,RAL 7040,#8E98A3
42,76,179,6,8,Gray,RAL 7040,#8E98A3
42,76,180,5,8,Gray,RAL 7040,#8E98A3
42,76,181,4,8,Gray,RAL 7040,#8E98A3
42,76,182,3,8,Gray,RAL 7040,#8E98A3
42,76,183,2,8,Gray,RAL 7040,#8E98A3
42,76,184,1,8,Gray,RAL 7040,#8E98A3
43,75,1,184,2,Black,RAL 9005,#111111
43,75,2,183,2,Black,RAL 9005,#111111
43,75,3,182,2,Black,RAL 9005,#111111
43,75,4,181,2,Black,RAL 9005,#111111
43,75,5,180,2,Black,RAL 9005,#111111
43,75,6,179,2,Black,RAL 9005,#111111
43,75,7,178,2,Black,RAL 9005,#111111
43,75,8,177,2,Black,RAL 9005,#111111
43,75,9,176,2,Black,RAL 9005,#111111
43,75,10,175,2,Black,RAL 9005,#111111
43,75,11,174,2,Black,RAL 9005,#111111
43,75,12,173,2,Black,RAL 9005,#111111
43,75,13,172,2,Black,RAL 9005,#111111
43,75,14,171,2,Black,RAL 9005,#111111
43,75,15,170,2,Black,RAL 9005,#111111
43,75,16,169,2,Black,RAL 9005,#111111
43,75,17,168,2,Black,RAL 9005,#111111
43,75,18,167,2,Black,RAL 9005,#111111
43,75,19,166,2,Black,RAL 9005,#111111
43,75,20,165,2,Black,RAL 9005,#111111
43,75,21,164,2,Black,RAL 9005,#111111
43,75,22,163,2,Black,RAL 9005,#111111
43,75,23,162,2,Black,RAL 9005,#111111
43,75,24,161,2,Black,RAL 9005,#111111
43,75,25,160,2,Black,RAL 9005,#111111
43,75,26,159,2,Black,RAL 9005,#111111
43,75,27,158,2,Black,RAL 9005,#111111
43,75,28,157,2,Black,RAL 9005,#111111
43,75,29,156,2,Black,RAL 9005,#111111
43,75,30,155,2,Black,RAL 9005,#111111
43,75,31,154,2,Black,RAL 9005,#111111
43,75,32,153,2,Black,RAL 9005,#111111
43,75,33,152,2,Black,RAL 9005,#111111
43,75,34,151,2,Black,RAL 9005,#111111
43,75,35,150,2,Black,RAL 9005,#111111
43,75,36,149,2,Black,RAL 9005,#111111
43,75,37,148,2,Black,RAL 9005,#111111
43,75,38,147,2,Black,RAL 9005,#111111
43,75,39,146,2,Black,RAL 9005,#111111
43,75,40,145,2,Black,RAL 9005,#111111
43,75,41,144,2,Black,RAL 9005,#111111
43,75,42,143,2,Black,RAL 9005,#111111
43,75,43,142,2,Black,RAL 9005,#111111
43,75,44,141,2,Black,RAL 9005,#111111
43,75,45,140,2,Black,RAL 9005,#111111
43,75,46,139,2,Black,RAL 9005,#111111
43,75,47,138,2,Black,RAL 9005,#111111
43,75,48,137,2,Black,RAL 9005,#111111
43,75,49,136,2,Black,RAL 9005,#111111
43,75,50,135,2,Black,RAL 9005,#111111
43,75,51,134,2,Black,RAL 9005,#111111
43,75,52,133,2,Black,RAL 9005,#111111
43,75,53,132,2,Black,RAL 9005,#111111
43,75,54,131,2,Black,RAL 9005,#111111
43,75,55,130,2,Black,RAL 9005,#111111
43,75,56,129,2,Black,RAL 9005,#111111
43,75,57,128,2,Black,RAL 9005,#111111
43,75,58,127,2,Black,RAL 9005,#111111
43,75,59,126,2,Black,RAL 9005,#111111
43,75,60,125,2,Black,RAL 9005,#111111
43,75,61,124,2,Black,RAL 9005,#111111
43,75,62,123,2,Black,RAL 9005,#111111
43,75,63,122,2,Black,RAL 9005,#111111
43,75,64,121,2,Black,RAL 9005,#111111
43,75,65,120,2,Black,RAL 9005,#111111
43,75,66,119,2,Black,RAL 9005,#111111
43,75,67,118,2,Black,RAL 9005,#111111
43,75,68,117,2,Black,RAL 9005,#111111
43,75,69,116,2,Black,RAL 9005,#111111
43,75,70,115,2,Black,RAL 9005,#111111
43,75,71,114,2,Black,RAL 9005,#111111
43,75,72,113,2,Black,RAL 9005,#111111
43,75,73,112,2,Black,RAL 9005,#111111
43,75,74,111,2,Black,RAL 9005,#111111
43,75,75,110,2,Black,RAL 9005,#111111
43,75,76,109,2,Black,RAL 9005,#111111
43,75,77,108,2,Black,RAL 9005,#111111
43,75,78,107,2,Black,RAL 9005,#111111
43,75,79,106,2,Black,RAL 9005,#111111
43,75,80,105,2,Black,RAL 9005,#111111
43,75,81,104,2,Black,RAL 9005,#111111
43,75,82,103,2,Black,RAL 9005,#111111
43,75,83,102,2,Black,RAL 9005,#111111
43,75,84,101,2,Black,RAL 9005,#111111
43,75,85,100,2,Black,RAL 9005,#111111
43,75,86,99,2,Black,RAL 9005,#111111
43,75,87,98,2,Black,RAL 9005,#111111
43,75,88,97,2,Black,RAL 9005,#111111
43,75,89,96,2,Black,RAL 9005,#111111
43,75,90,95,2,Black,RAL 9005,#111111
43,75,91,94,2,Black,RAL 9005,#111111
43,75,92,93,2,Black,RAL 9005,#111111
43,75,93,92,2,Black,RAL 9005,#111111
43,75,94,91,2,Black,RAL 9005,#111111
43,75,95,90,2,Black,RAL 9005,#111111
43,75,96,89,2,Black,RAL 9005,#111111
43,75,97,88,2,Black,RAL 9005,#111111
43,75,98,87,2,Black,RAL 9005,#111111
43,75,99,86,8,Gray,RAL 7040,#8E98A3
43,75,100,85,8,Gray,RAL 7040,#8E98A3
43,75,101,84,8,Gray,RAL 7040,#8E98A3
43,75,102,83,8,Gray,RAL 7040,#8E98A3
43,75,103,82,8,Gray,RAL 7040,#8E98A3
43,75,104,81,8,Gray,RAL 7040,#8E98A3
43,75,105,80,8,Gray,RAL 7040,#8E98A3
43,75,106,79,8,Gray,RAL 7040,#8E98A3
43,75,107,78,8,Gray,RAL 7040,#8E98A3
43,75,108,77,8,Gray,RAL 7040,#8E98A3
43,75,109,76,8,Gray,RAL 7040,#8E98A3
43,75,110,75,8,Gray,RAL 7040,#8E98A3
43,75,111,74,8,Gray,RAL 7040,#8E98A3
43,75,112,73,8,Gray,RAL 7040,#8E98A3
43,75,113,72,8,Gray,RAL 7040,#8E98A3
43,75,114,71,8,Gray,RAL 7040,#8E98A3
43,75,115,70,8,Gray,RAL 7040,#8E98A3
43,75,116,69,8,Gray,RAL 7040,#8E98A3
43,75,117,68,8,Gray,RAL 7040,#8E98A3
43,75,118,67,8,Gray,RAL 7040,#8E98A3
43,75,119,66,8,Gray,RAL 7040,#8E98A3
43,75,120,65,8,Gray,RAL 7040,#8E98A3
43,75,121,64,8,Gray,RAL 7040,#8E98A3
43,75,122,63,8,Gray,RAL 7040,#8E98A3
43,75,123,62,8,Gray,RAL 7040,#8E98A3
43,75,124,61,8,Gray,RAL 7040,#8E98A3
43,75,125,60,8,Gray,RAL 7040,#8E98A3
43,75,126,59,8,Gray,RAL 7040,#8E98A3
43,75,127,58,8,Gray,RAL 7040,#8E98A3
43,75,128,57,6,Green,RAL 6018,#2CA36A
43,75,129,56,6,Green,RAL 6018,#2CA36A
43,75,130,55,6,Green,RAL 6018,#2CA36A
43,75,131,54,6,Green,RAL 6018,#2CA36A
43,75,132,53,6,Green,RAL 6018,#2CA36A
43,75,133,52,6,Green,RAL 6018,#2CA36A
43,75,134,51,6,Green,RAL 6018,#2CA36A
43,75,135,50,6,Green,RAL 6018,#2CA36A
43,75,136,49,6,Green,RAL 6018,#2CA36A
43,75,137,48,6,Green,RAL 6018,#2CA36A
43,75,138,47,6,Green,RAL 6018,#2CA36A
43,75,139,46,6,Green,RAL 6018,#2CA36A
43,75,140,45,6,Green,RAL 6018,#2CA36A
43,75,141,44,6,Green,RAL 6018,#2CA36A
43,75,142,43,6,Green,RAL 6018,#2CA36A
43,75,143,42,6,Green,RAL 6018,#2CA36A
43,75,144,41,6,Green,RAL 6018,#2CA36A
43,75,145,40,6,Green,RAL 6018,#2CA36A
43,75,146,39,6,Green,RAL 6018,#2CA36A
43,75,147,38,6,Green,RAL 6018,#2CA36A
43,75,148,37,6,Green,RAL 6018,#2CA36A
43,75,149,36,6,Green,RAL 6018,#2CA36A
43,75,150,35,6,Green,RAL 6018,#2CA36A
43,75,151,34,6,Green,RAL 6018,#2CA36A
43,75,152,33,6,Green,RAL 6018,#2CA36A
43,75,153,32,6,Green,RAL 6018,#2CA36A
43,75,154,31,6,Green,RAL 6018,#2CA36A
43,75,155,30,6,Green,RAL 6018,#2CA36A
43,75,156,29,6,Green,RAL 6018,#2CA36A
43,75,157,28,8,Gray,RAL 7040,#8E98A3
43,75,158,27,8,Gray,RAL 7040,#8E98A3
43,75,159,26,8,Gray,RAL 7040,#8E98A3
43,75,160,25,8,Gray,RAL 7040,#8E98A3
43,75,161,24,8,Gray,RAL 7040,#8E98A3
43,75,162,23,8,Gray,RAL 7040,#8E98A3
43,75,163,22,8,Gray,RAL 7040,#8E98A3
43,75,164,21,8,Gray,RAL 7040,#8E98A3
43,75,165,20,8,Gray,RAL 7040,#8E98A3
43,75,166,19,8,Gray,RAL 7040,#8E98A3
43,75,167,18,8,Gray,RAL 7040,#8E98A3
43,75,168,17,8,Gray,RAL 7040,#8E98A3
43,75,169,16,8,Gray,RAL 7040,#8E98A3
43,75,170,15,8,Gray,RAL 7040,#8E98A3
43,75,171,14,8,Gray,RAL 7040,#8E98A3
43,75,172,13,8,Gray,RAL 7040,#8E98A3
43,75,173,12,8,Gray,RAL 7040,#8E98A3
43,75,174,11,8,Gray,RAL 7040,#8E98A3
43,75,175,10,8,Gray,RAL 7040,#8E98A3
43,75,176,9,8,Gray,RAL 7040,#8E98A3
43,75,177,8,8,Gray,RAL 7040,#8E98A3
43,75,178,7,8,Gray,RAL 7040,#8E98A3
43,75,179,6,8,Gray,RAL 7040,#8E98A3
43,75,180,5,8,Gray,RAL 7040,#8E98A3
43,75,181,4,8,Gray,RAL 7040,#8E98A3
43,75,182,3,8,Gray,RAL 7040,#8E98A3
43,75,183,2,8,Gray,RAL 7040,#8E98A3
43,75,184,1,8,Gray,RAL 7040,#8E98A3
44,74,1,184,2,Black,RAL 9005,#111111
44,74,2,183,2,Black,RAL 9005,#111111
44,74,3,182,2,Black,RAL 9005,#111111
44,74,4,181,2,Black,RAL 9005,#111111
44,74,5,180,2,Black,RAL 9005,#111111
44,74,6,179,8,Gray,RAL 7040,#8E98A3
44,74,7,178,8,Gray,RAL 7040,#8E98A3
44,74,8,177,8,Gray,RAL 7040,#8E98A3
44,74,9,176,8,Gray,RAL 7040,#8E98A3
44,74,10,175,2,Black,RAL 9005,#111111
44,74,11,174,2,Black,RAL 9005,#111111
44,74,12,173,2,Black,RAL 9005,#111111
44,74,13,172,2,Black,RAL 9005,#111111
44,74,14,171,2,Black,RAL 9005,#111111
44,74,15,170,2,Black,RAL 9005,#111111
44,74,16,169,8,Gray,RAL 7040,#8E98A3
44,74,17,168,8,Gray,RAL 7040,#8E98A3
44,74,18,167,8,Gray,RAL 7040,#8E98A3
44,74,19,166,8,Gray,RAL 7040,#8E98A3
44,74,20,165,2,Black,RAL 9005,#111111
44,74,21,164,2,Black,RAL 9005,#111111
44,74,22,163,2,Black,RAL 9005,#111111
44,74,23,162,2,Black,RAL 9005,#111111
44,74,24,161,2,Black,RAL 9005,#111111
44,74,25,160,2,Black,RAL 9005,#111111
44,74,26,159,8,Gray,RAL 7040,#8E98A3
44,74,27,158,8,Gray,RAL 7040,#8E98A3
44,74,28,157,8,Gray,RAL 7040,#8E98A3
44,74,29,156,8,Gray,RAL 7040,#8E98A3
44,74,30,155,2,Black,RAL 9005,#111111
44,74,31,154,2,Black,RAL 9005,#111111
44,74,32,153,2,Black,RAL 9005,#111111
44,74,33,152,2,Black,RAL 9005,#111111
44,74,34,151,2,Black,RAL 9005,#111111
44,74,35,150,8,Gray,RAL 7040,#8E98A3
44,74,36,149,8,Gray,RAL 7040,#8E98A3
44,74,37,148,8,Gray,RAL 7040,#8E98A3
44,74,38,147,8,Gray,RAL 7040,#8E98A3
44,74,39,146,8,Gray,RAL 7040,#8E98A3
44,74,40,145,8,Gray,RAL 7040,#8E98A3
44,74,41,144,8,Gray,RAL 7040,#8E98A3
44,74,42,143,8,Gray,RAL 7040,#8E98A3
44,74,43,142,8,Gray,RAL 7040,#8E98A3
44,74,44,141,2,Black,RAL 9005,#111111
44,74,45,140,2,Black,RAL 9005,#111111
44,74,46,139,2,Black,RAL 9005,#111111
44,74,47,138,2,Black,RAL 9005,#111111
44,74,48,137,2,Black,RAL 9005,#111111
44,74,49,136,8,Gray,RAL 7040,#8E98A3
44,74,50,135,8,Gray,RAL 7040,#8E98A3
44,74,51,134,8,Gray,RAL 7040,#8E98A3
44,74,52,133,8,Gray,RAL 7040,#8E98A3
44,74,53,132,2,Black,RAL 9005,#111111
44,74,54,131,2,Black,RAL 9005,#111111
44,74,55,130,2,Black,RAL 9005,#111111
44,74,56,129,2,Black,RAL 9005,#111111
44,74,57,128,2,Black,RAL 9005,#111111
44,74,58,127,8,Gray,RAL 7040,#8E98A3
44,74,59,126,8,Gray,RAL 7040,#8E98A3
44,74,60,125,8,Gray,RAL 7040,#8E98A3
44,74,61,124,2,Black,RAL 9005,#111111
44,74,62,123,2,Black,RAL 9005,#111111
44,74,63,122,2,Black,RAL 9005,#111111
44,74,64,121,8,Gray,RAL 7040,#8E98A3
44,74,65,120,8,Gray,RAL 7040,#8E98A3
44,74,66,119,8,Gray,RAL 7040,#8E98A3
44,74,67,118,2,Black,RAL 9005,#111111
44,74,68,117,2,Black,RAL 9005,#111111
44,74,69,116,2,Black,RAL 9005,#111111
44,74,70,115,8,Gray,RAL 7040,#8E98A3
44,74,71,114,8,Gray,RAL 7040,#8E98A3
44,74,72,113,8,Gray,RAL 7040,#8E98A3
44,74,73,112,8,Gray,RAL 7040,#8E98A3
44,74,74,111,2,Black,RAL 9005,#111111
44,74,75,110,2,Black,RAL 9005,#111111
44,74,76,109,2,Black,RAL 9005,#111111
44,74,77,108,2,Black,RAL 9005,#111111
44,74,78,107,8,Gray,RAL 7040,#8E98A3
44,74,79,106,8,Gray,RAL 7040,#8E98A3
44,74,80,105,8,Gray,RAL 7040,#8E98A3
44,74,81,104,8,Gray,RAL 7040,#8E98A3
44,74,82,103,2,Black,RAL 9005,#111111
44,74,83,102,2,Black,RAL 9005,#111111
44,74,84,101,2,Black,RAL 9005,#111111
44,74,85,100,2,Black,RAL 9005,#111111
44,74,86,99,2,Black,RAL 9005,#111111
44,74,87,98,2,Black,RAL 9005,#111111
44,74,88,97,2,Black,RAL 9005,#111111
44,74,89,96,2,Black,RAL 9005,#111111
44,74,90,95,2,Black,RAL 9005,#111111
44,74,91,94,2,Black,RAL 9005,#111111
44,74,92,93,2,Black,RAL 9005,#111111
44,74,93,92,2,Black,RAL 9005,#111111
44,74,94,91,2,Black,RAL 9005,#111111
44,74,95,90,2,Black,RAL 9005,#111111
44,74,96,89,2,Black,RAL 9005,#111111
44,74,97,88,2,Black,RAL 9005,#111111
44,74,98,87,8,Gray,RAL 7040,#8E98A3
44,74,99,86,8,Gray,RAL 7040,#8E98A3
44,74,100,85,8,Gray,RAL 7040,#8E98A3
44,74,101,84,8,Gray,RAL 7040,#8E98A3
44,74,102,83,8,Gray,RAL 7040,#8E98A3
44,74,103,82,8,Gray,RAL 7040,#8E98A3
44,74,104,81,8,Gray,RAL 7040,#8E98A3
44,74,105,80,8,Gray,RAL 7040,#8E98A3
44,74,106,79,8,Gray,RAL 7040,#8E98A3
44,74,107,78,8,Gray,RAL 7040,#8E98A3
44,74,108,77,8,Gray,RAL 7040,#8E98A3
44,74,109,76,8,Gray,RAL 7040,#8E98A3
44,74,110,75,8,Gray,RAL 7040,#8E98A3
44,74,111,74,8,Gray,RAL 7040,#8E98A3
44,74,112,73,8,Gray,RAL 7040,#8E98A3
44,74,113,72,8,Gray,RAL 7040,#8E98A3
44,74,114,71,8,Gray,RAL 7040,#8E98A3
44,74,115,70,8,Gray,RAL 7040,#8E98A3
44,74,116,69,8,Gray,RAL 7040,#8E98A3
44,74,117,68,8,Gray,RAL 7040,#8E98A3
44,74,118,67,8,Gray,RAL 7040,#8E98A3
44,74,119,66,8,Gray,RAL 7040,#8E98A3
44,74,120,65,8,Gray,RAL 7040,#8E98A3
44,74,121,64,8,Gray,RAL 7040,#8E98A3
44,74,122,63,8,Gray,RAL 7040,#8E98A3
44,74,123,62,8,Gray,RAL 7040,#8E98A3
44,74,124,61,8,Gray,RAL 7040,#8E98A3
44,74,125,60,8,Gray,RAL 7040,#8E98A3
44,74,126,59,8,Gray,RAL 7040,#8E98A3
44,74,127,58,8,Gray,RAL 7040,#8E98A3
44,74,128,57,6,Green,RAL 6018,#2CA36A
44,74,129,56,6,Green,RAL 6018,#2CA36A
44,74,130,55,6,Green,RAL 6018,#2CA36A
44,74,131,54,6,Green,RAL 6018,#2CA36A
44,74,132,53,6,Green,RAL 6018,#2CA36A
44,74,133,52,6,Green,RAL 6018,#2CA36A
44,74,134,51,6,Green,RAL 6018,#2CA36A
44,74,135,50,6,Green,RAL 6018,#2CA36A
44,74,136,49,6,Green,RAL 6018,#2CA36A
44,74,137,48,6,Green,RAL 6018,#2CA36A
44,74,138,47,6,Green,RAL 6018,#2CA36A
44,74,139,46,6,Green,RAL 6018,#2CA36A
44,74,140,45,6,Green,RAL 6018,#2CA36A
44,74,141,44,6,Green,RAL 6018,#2CA36A
44,74,142,43,6,Green,RAL 6018,#2CA36A
44,74,143,42,6,Green,RAL 6018,#2CA36A
44,74,144,41,6,Green,RAL 6018,#2CA36A
44,74,145,40,6,Green,RAL 6018,#2CA36A
44,74,146,39,6,Green,RAL 6018,#2CA36A
44,74,147,38,6,Green,RAL 6018,#2CA36A
44,74,148,37,6,Green,RAL 6018,#2CA36A
44,74,149,36,6,Green,RAL 6018,#2CA36A
44,74,150,35,6,Green,RAL 6018,#2CA36A
44,74,151,34,6,Green,RAL 6018,#2CA36A
44,74,152,33,6,Green,RAL 6018,#2CA36A
44,74,153,32,6,Green,RAL 6018,#2CA36A
44,74,154,31,6,Green,RAL 6018,#2CA36A
44,74,155,30,6,Green,RAL 6018,#2CA36A
44,74,156,29,6,Green,RAL 6018,#2CA36A
44,74,157,28,6,Green,RAL 6018,#2CA36A
44,74,158,27,8,Gray,RAL 7040,#8E98A3
44,74,159,26,8,Gray,RAL 7040,#8E98A3
44,74,160,25,8,Gray,RAL 7040,#8E98A3
44,74,161,24,8,Gray,RAL 7040,#8E98A3
44,74,162,23,8,Gray,RAL 7040,#8E98A3
44,74,163,22,8,Gray,RAL 7040,#8E98A3
44,74,164,21,8,Gray,RAL 7040,#8E98A3
44,74,165,20,8,Gray,RAL 7040,#8E98A3
44,74,166,19,8,Gray,RAL 7040,#8E98A3
44,74,167,18,8,Gray,RAL 7040,#8E98A3
44,74,168,17,8,Gray,RAL 7040,#8E98A3
44,74,169,16,8,Gray,RAL 7040,#8E98A3
44,74,170,15,8,Gray,RAL 7040,#8E98A3
44,74,171,14,8,Gray,RAL 7040,#8E98A3
44,74,172,13,8,Gray,RAL 7040,#8E98A3
44,74,173,12,8,Gray,RAL 7040,#8E98A3
44,74,174,11,8,Gray,RAL 7040,#8E98A3
44,74,175,10,8,Gray,RAL 7040,#8E98A3
44,74,176,9,8,Gray,RAL 7040,#8E98A3
44,74,177,8,8,Gray,RAL 7040,#8E98A3
44,74,178,7,8,Gray,RAL 7040,#8E98A3
44,74,179,6,8,Gray,RAL 7040,#8E98A3
44,74,180,5,8,Gray,RAL 7040,#8E98A3
44,74,181,4,8,Gray,RAL 7040,#8E98A3
44,74,182,3,8,Gray,RAL 7040,#8E98A3
44,74,183,2,8,Gray,RAL 7040,#8E98A3
44,74,184,1,8,Gray,RAL 7040,#8E98A3
45,73,1,184,2,Black,RAL 9005,#111111
45,73,2,183,2,Black,RAL 9005,#111111
45,73,3,182,2,Black,RAL 9005,#111111
45,73,4,181,2,Black,RAL 9005,#111111
45,73,5,180,2,Black,RAL 9005,#111111
45,73,6,179,1,White,RAL 9016,#F5F5F5
45,73,7,178,1,White,RAL 9016,#F5F5F5
45,73,8,177,1,White,RAL 9016,#F5F5F5
45,73,9,176,1,White,RAL 9016,#F5F5F5
45,73,10,175,8,Gray,RAL 7040,#8E98A3
45,73,11,174,2,Black,RAL 9005,#111111
45,73,12,173,2,Black,RAL 9005,#111111
45,73,13,172,2,Black,RAL 9005,#111111
45,73,14,171,2,Black,RAL 9005,#111111
45,73,15,170,8,Gray,RAL 7040,#8E98A3
45,73,16,169,1,White,RAL 9016,#F5F5F5
45,73,17,168,1,White,RAL 9016,#F5F5F5
45,73,18,167,1,White,RAL 9016,#F5F5F5
45,73,19,166,8,Gray,RAL 7040,#8E98A3
45,73,20,165,2,Black,RAL 9005,#111111
45,73,21,164,2,Black,RAL 9005,#111111
45,73,22,163,2,Black,RAL 9005,#111111
45,73,23,162,2,Black,RAL 9005,#111111
45,73,24,161,8,Gray,RAL 7040,#8E98A3
45,73,25,160,1,White,RAL 9016,#F5F5F5
45,73,26,159,1,White,RAL 9016,#F5F5F5
45,73,27,158,1,White,RAL 9016,#F5F5F5
45,73,28,157,1,White,RAL 9016,#F5F5F5
45,73,29,156,1,White,RAL 9016,#F5F5F5
45,73,30,155,1,White,RAL 9016,#F5F5F5
45,73,31,154,8,Gray,RAL 7040,#8E98A3
45,73,32,153,2,Black,RAL 9005,#111111
45,73,33,152,2,Black,RAL 9005,#111111
45,73,34,151,2,Black,RAL 9005,#111111
45,73,35,150,1,White,RAL 9016,#F5F5F5
45,73,36,149,1,White,RAL 9016,#F5F5F5
45,73,37,148,1,White,RAL 9016,#F5F5F5
45,73,38,147,1,White,RAL 9016,#F5F5F5
45,73,39,146,1,White,RAL 9016,#F5F5F5
45,73,40,145,1,White,RAL 9016,#F5F5F5
45,73,41,144,1,White,RAL 9016,#F5F5F5
45,73,42,143,1,White,RAL 9016,#F5F5F5
45,73,43,142,1,White,RAL 9016,#F5F5F5
45,73,44,141,8,Gray,RAL 7040,#8E98A3
45,73,45,140,2,Black,RAL 9005,#111111
45,73,46,139,2,Black,RAL 9005,#111111
45,73,47,138,2,Black,RAL 9005,#111111
45,73,48,137,2,Black,RAL 9005,#111111
45,73,49,136,1,White,RAL 9016,#F5F5F5
45,73,50,135,1,White,RAL 9016,#F5F5F5
45,73,51,134,1,White,RAL 9016,#F5F5F5
45,73,52,133,8,Gray,RAL 7040,#8E98A3
45,73,53,132,2,Black,RAL 9005,#111111
45,73,54,131,2,Black,RAL 9005,#111111
45,73,55,130,2,Black,RAL 9005,#111111
45,73,56,129,2,Black,RAL 9005,#111111
45,73,57,128,2,Black,RAL 9005,#111111
45,73,58,127,8,Gray,RAL 7040,#8E98A3
45,73,59,126,1,White,RAL 9016,#F5F5F5
45,73,60,125,1,White,RAL 9016,#F5F5F5
45,73,61,124,8,Gray,RAL 7040,#8E98A3
45,73,62,123,2,Black,RAL 9005,#111111
45,73,63,122,2,Black,RAL 9005,#111111
45,73,64,121,1,White,RAL 9016,#F5F5F5
45,73,65,120,1,White,RAL 9016,#F5F5F5
45,73,66,119,8,Gray,RAL 7040,#8E98A3
45,73,67,118,2,Black,RAL 9005,#111111
45,73,68,117,2,Black,RAL 9005,#111111
45,73,69,116,8,Gray,RAL 7040,#8E98A3
45,73,70,115,1,White,RAL 9016,#F5F5F5
45,73,71,114,1,White,RAL 9016,#F5F5F5
45,73,72,113,1,White,RAL 9016,#F5F5F5
45,73,73,112,8,Gray,RAL 7040,#8E98A3
45,73,74,111,2,Black,RAL 9005,#111111
45,73,75,110,2,Black,RAL 9005,#111111
45,73,76,109,2,Black,RAL 9005,#111111
45,73,77,108,2,Black,RAL 9005,#111111
45,73,78,107,1,White,RAL 9016,#F5F5F5
45,73,79,106,1,White,RAL 9016,#F5F5F5
45,73,80,105,1,White,RAL 9016,#F5F5F5
45,73,81,104,1,White,RAL 9016,#F5F5F5
45,73,82,103,2,Black,RAL 9005,#111111
45,73,83,102,2,Black,RAL 9005,#111111
45,73,84,101,2,Black,RAL 9005,#111111
45,73,85,100,2,Black,RAL 9005,#111111
45,73,86,99,2,Black,RAL 9005,#111111
45,73,87,98,2,Black,RAL 9005,#111111
45,73,88,97,2,Black,RAL 9005,#111111
45,73,89,96,2,Black,RAL 9005,#111111
45,73,90,95,2,Black,RAL 9005,#111111
45,73,91,94,2,Black,RAL 9005,#111111
45,73,92,93,2,Black,RAL 9005,#111111
45,73,93,92,2,Black,RAL 9005,#111111
45,73,94,91,2,Black,RAL 9005,#111111
45,73,95,90,2,Black,RAL 9005,#111111
45,73,96,89,2,Black,RAL 9005,#111111
45,73,97,88,2,Black,RAL 9005,#111111
45,73,98,87,8,Gray,RAL 7040,#8E98A3
45,73,99,86,8,Gray,RAL 7040,#8E98A3
45,73,100,85,8,Gray,RAL 7040,#8E98A3
45,73,101,84,8,Gray,RAL 7040,#8E98A3
45,73,102,83,8,Gray,RAL 7040,#8E98A3
45,73,103,82,8,Gray,RAL 7040,#8E98A3
45,73,104,81,8,Gray,RAL 7040,#8E98A3
45,73,105,80,8,Gray,RAL 7040,#8E98A3
45,73,106,79,8,Gray,RAL 7040,#8E98A3
45,73,107,78,8,Gray,RAL 7040,#8E98A3
45,73,108,77,8,Gray,RAL 7040,#8E98A3
45,73,109,76,8,Gray,RAL 7040,#8E98A3
45,73,110,75,8,Gray,RAL 7040,#8E98A3
45,73,111,74,8,Gray,RAL 7040,#8E98A3
45,73,112,73,8,Gray,RAL 7040,#8E98A3
45,73,113,72,8,Gray,RAL 7040,#8E98A3
45,73,114,71,8,Gray,RAL 7040,#8E98A3
45,73,115,70,8,Gray,RAL 7040,#8E98A3
45,73,116,69,8,Gray,RAL 7040,#8E98A3
45,73,117,68,8,Gray,RAL 7040,#8E98A3
45,73,118,67,8,Gray,RAL 7040,#8E98A3
45,73,119,66,8,Gray,RAL 7040,#8E98A3
45,73,120,65,8,Gray,RAL 7040,#8E98A3
45,73,121,64,8,Gray,RAL 7040,#8E98A3
45,73,122,63,8,Gray,RAL 7040,#8E98A3
45,73,123,62,8,Gray,RAL 7040,#8E98A3
45,73,124,61,8,Gray,RAL 7040,#8E98A3
45,73,125,60,8,Gray,RAL 7040,#8E98A3
45,73,126,59,8,Gray,RAL 7040,#8E98A3
45,73,127,58,6,Green,RAL 6018,#2CA36A
45,73,128,57,6,Green,RAL 6018,#2CA36A
45,73,129,56,6,Green,RAL 6018,#2CA36A
45,73,130,55,6,Green,RAL 6018,#2CA36A
45,73,131,54,6,Green,RAL 6018,#2CA36A
45,73,132,53,6,Green,RAL 6018,#2CA36A
45,73,133,52,6,Green,RAL 6018,#2CA36A
45,73,134,51,6,Green,RAL 6018,#2CA36A
45,73,135,50,6,Green,RAL 6018,#2CA36A
45,73,136,49,6,Green,RAL 6018,#2CA36A
45,73,137,48,6,Green,RAL 6018,#2CA36A
45,73,138,47,6,Green,RAL 6018,#2CA36A
45,73,139,46,6,Green,RAL 6018,#2CA36A
45,73,140,45,6,Green,RAL 6018,#2CA36A
45,73,141,44,6,Green,RAL 6018,#2CA36A
45,73,142,43,6,Green,RAL 6018,#2CA36A
45,73,143,42,6,Green,RAL 6018,#2CA36A
45,73,144,41,6,Green,RAL 6018,#2CA36A
45,73,145,40,6,Green,RAL 6018,#2CA36A
45,73,146,39,6,Green,RAL 6018,#2CA36A
45,73,147,38,6,Green,RAL 6018,#2CA36A
45,73,148,37,6,Green,RAL 6018,#2CA36A
45,73,149,36,6,Green,RAL 6018,#2CA36A
45,73,150,35,6,Green,RAL 6018,#2CA36A
45,73,151,34,6,Green,RAL 6018,#2CA36A
45,73,152,33,6,Green,RAL 6018,#2CA36A
45,73,153,32,6,Green,RAL 6018,#2CA36A
45,73,154,31,6,Green,RAL 6018,#2CA36A
45,73,155,30,6,Green,RAL 6018,#2CA36A
45,73,156,29,6,Green,RAL 6018,#2CA36A
45,73,157,28,6,Green,RAL 6018,#2CA36A
45,73,158,27,8,Gray,RAL 7040,#8E98A3
45,73,159,26,8,Gray,RAL 7040,#8E98A3
45,73,160,25,8,Gray,RAL 7040,#8E98A3
45,73,161,24,8,Gray,RAL 7040,#8E98A3
45,73,162,23,8,Gray,RAL 7040,#8E98A3
45,73,163,22,8,Gray,RAL 7040,#8E98A3
45,73,164,21,8,Gray,RAL 7040,#8E98A3
45,73,165,20,8,Gray,RAL 7040,#8E98A3
45,73,166,19,8,Gray,RAL 7040,#8E98A3
45,73,167,18,8,Gray,RAL 7040,#8E98A3
45,73,168,17,8,Gray,RAL 7040,#8E98A3
45,73,169,16,8,Gray,RAL 7040,#8E98A3
45,73,170,15,8,Gray,RAL 7040,#8E98A3
45,73,171,14,8,Gray,RAL 7040,#8E98A3
45,73,172,13,8,Gray,RAL 7040,#8E98A3
45,73,173,12,8,Gray,RAL 7040,#8E98A3
45,73,174,11,8,Gray,RAL 7040,#8E98A3
45,73,175,10,8,Gray,RAL 7040,#8E98A3
45,73,176,9,8,Gray,RAL 7040,#8E98A3
45,73,177,8,8,Gray,RAL 7040,#8E98A3
45,73,178,7,8,Gray,RAL 7040,#8E98A3
45,73,179,6,8,Gray,RAL 7040,#8E98A3
45,73,180,5,8,Gray,RAL 7040,#8E98A3
45,73,181,4,8,Gray,RAL 7040,#8E98A3
45,73,182,3,8,Gray,RAL 7040,#8E98A3
45,73,183,2,8,Gray,RAL 7040,#8E98A3
45,73,184,1,8,Gray,RAL 7040,#8E98A3
46,72,1,184,2,Black,RAL 9005,#111111
46,72,2,183,2,Black,RAL 9005,#111111
46,72,3,182,2,Black,RAL 9005,#111111
46,72,4,181,2,Black,RAL 9005,#111111
46,72,5,180,2,Black,RAL 9005,#111111
46,72,6,179,1,White,RAL 9016,#F5F5F5
46,72,7,178,1,White,RAL 9016,#F5F5F5
46,72,8,177,1,White,RAL 9016,#F5F5F5
46,72,9,176,1,White,RAL 9016,#F5F5F5
46,72,10,175,8,Gray,RAL 7040,#8E98A3
46,72,11,174,2,Black,RAL 9005,#111111
46,72,12,173,2,Black,RAL 9005,#111111
46,72,13,172,2,Black,RAL 9005,#111111
46,72,14,171,2,Black,RAL 9005,#111111
46,72,15,170,8,Gray,RAL 7040,#8E98A3
46,72,16,169,1,White,RAL 9016,#F5F5F5
46,72,17,168,1,White,RAL 9016,#F5F5F5
46,72,18,167,1,White,RAL 9016,#F5F5F5
46,72,19,166,8,Gray,RAL 7040,#8E98A3
46,72,20,165,2,Black,RAL 9005,#111111
46,72,21,164,2,Black,RAL 9005,#111111
46,72,22,163,2,Black,RAL 9005,#111111
46,72,23,162,8,Gray,RAL 7040,#8E98A3
46,72,24,161,1,White,RAL 9016,#F5F5F5
46,72,25,160,1,White,RAL 9016,#F5F5F5
46,72,26,159,1,White,RAL 9016,#F5F5F5
46,72,27,158,1,White,RAL 9016,#F5F5F5
46,72,28,157,1,White,RAL 9016,#F5F5F5
46,72,29,156,1,White,RAL 9016,#F5F5F5
46,72,30,155,1,White,RAL 9016,#F5F5F5
46,72,31,154,1,White,RAL 9016,#F5F5F5
46,72,32,153,8,Gray,RAL 7040,#8E98A3
46,72,33,152,2,Black,RAL 9005,#111111
46,72,34,151,2,Black,RAL 9005,#111111
46,72,35,150,1,White,RAL 9016,#F5F5F5
46,72,36,149,1,White,RAL 9016,#F5F5F5
46,72,37,148,1,White,RAL 9016,#F5F5F5
46,72,38,147,1,White,RAL 9016,#F5F5F5
46,72,39,146,1,White,RAL 9016,#F5F5F5
46,72,40,145,1,White,RAL 9016,#F5F5F5
46,72,41,144,1,White,RAL 9016,#F5F5F5
46,72,42,143,1,White,RAL 9016,#F5F5F5
46,72,43,142,1,White,RAL 9016,#F5F5F5
46,72,44,141,8,Gray,RAL 7040,#8E98A3
46,72,45,140,2,Black,RAL 9005,#111111
46,72,46,139,2,Black,RAL 9005,#111111
46,72,47,138,2,Black,RAL 9005,#111111
46,72,48,137,8,Gray,RAL 7040,#8E98A3
46,72,49,136,1,White,RAL 9016,#F5F5F5
46,72,50,135,1,White,RAL 9016,#F5F5F5
46,72,51,134,1,White,RAL 9016,#F5F5F5
46,72,52,133,1,White,RAL 9016,#F5F5F5
46,72,53,132,8,Gray,RAL 7040,#8E98A3
46,72,54,131,2,Black,RAL 9005,#111111
46,72,55,130,2,Black,RAL 9005,#111111
46,72,56,129,2,Black,RAL 9005,#111111
46,72,57,128,2,Black,RAL 9005,#111111
46,72,58,127,8,Gray,RAL 7040,#8E98A3
46,72,59,126,1,White,RAL 9016,#F5F5F5
46,72,60,125,1,White,RAL 9016,#F5F5F5
46,72,61,124,8,Gray,RAL 7040,#8E98A3
46,72,62,123,2,Black,RAL 9005,#111111
46,72,63,122,2,Black,RAL 9005,#111111
46,72,64,121,1,White,RAL 9016,#F5F5F5
46,72,65,120,1,White,RAL 9016,#F5F5F5
46,72,66,119,8,Gray,RAL 7040,#8E98A3
46,72,67,118,2,Black,RAL 9005,#111111
46,72,68,117,2,Black,RAL 9005,#111111
46,72,69,116,8,Gray,RAL 7040,#8E98A3
46,72,70,115,1,White,RAL 9016,#F5F5F5
46,72,71,114,1,White,RAL 9016,#F5F5F5
46,72,72,113,8,Gray,RAL 7040,#8E98A3
46,72,73,112,2,Black,RAL 9005,#111111
46,72,74,111,2,Black,RAL 9005,#111111
46,72,75,110,2,Black,RAL 9005,#111111
46,72,76,109,2,Black,RAL 9005,#111111
46,72,77,108,8,Gray,RAL 7040,#8E98A3
46,72,78,107,1,White,RAL 9016,#F5F5F5
46,72,79,106,1,White,RAL 9016,#F5F5F5
46,72,80,105,1,White,RAL 9016,#F5F5F5
46,72,81,104,1,White,RAL 9016,#F5F5F5
46,72,82,103,8,Gray,RAL 7040,#8E98A3
46,72,83,102,2,Black,RAL 9005,#111111
46,72,84,101,2,Black,RAL 9005,#111111
46,72,85,100,2,Black,RAL 9005,#111111
46,72,86,99,2,Black,RAL 9005,#111111
46,72,87,98,2,Black,RAL 9005,#111111
46,72,88,97,2,Black,RAL 9005,#111111
46,72,89,96,2,Black,RAL 9005,#111111
46,72,90,95,2,Black,RAL 9005,#111111
46,72,91,94,2,Black,RAL 9005,#111111
46,72,92,93,2,Black,RAL 9005,#111111
46,72,93,92,2,Black,RAL 9005,#111111
46,72,94,91,2,Black,RAL 9005,#111111
46,72,95,90,2,Black,RAL 9005,#111111
46,72,96,89,2,Black,RAL 9005,#111111
46,72,97,88,2,Black,RAL 9005,#111111
46,72,98,87,8,Gray,RAL 7040,#8E98A3
46,72,99,86,8,Gray,RAL 7040,#8E98A3
46,72,100,85,8,Gray,RAL 7040,#8E98A3
46,72,101,84,8,Gray,RAL 7040,#8E98A3
46,72,102,83,8,Gray,RAL 7040,#8E98A3
46,72,103,82,8,Gray,RAL 7040,#8E98A3
46,72,104,81,8,Gray,RAL 7040,#8E98A3
46,72,105,80,8,Gray,RAL 7040,#8E98A3
46,72,106,79,8,Gray,RAL 7040,#8E98A3
46,72,107,78,8,Gray,RAL 7040,#8E98A3
46,72,108,77,8,Gray,RAL 7040,#8E98A3
46,72,109,76,8,Gray,RAL 7040,#8E98A3
46,72,110,75,8,Gray,RAL 7040,#8E98A3
46,72,111,74,8,Gray,RAL 7040,#8E98A3
46,72,112,73,8,Gray,RAL 7040,#8E98A3
46,72,113,72,8,Gray,RAL 7040,#8E98A3
46,72,114,71,8,Gray,RAL 7040,#8E98A3
46,72,115,70,8,Gray,RAL 7040,#8E98A3
46,72,116,69,8,Gray,RAL 7040,#8E98A3
46,72,117,68,8,Gray,RAL 7040,#8E98A3
46,72,118,67,8,Gray,RAL 7040,#8E98A3
46,72,119,66,8,Gray,RAL 7040,#8E98A3
46,72,120,65,8,Gray,RAL 7040,#8E98A3
46,72,121,64,8,Gray,RAL 7040,#8E98A3
46,72,122,63,8,Gray,RAL 7040,#8E98A3
46,72,123,62,8,Gray,RAL 7040,#8E98A3
46,72,124,61,8,Gray,RAL 7040,#8E98A3
46,72,125,60,8,Gray,RAL 7040,#8E98A3
46,72,126,59,8,Gray,RAL 7040,#8E98A3
46,72,127,58,6,Green,RAL 6018,#2CA36A
46,72,128,57,6,Green,RAL 6018,#2CA36A
46,72,129,56,6,Green,RAL 6018,#2CA36A
46,72,130,55,6,Green,RAL 6018,#2CA36A
46,72,131,54,6,Green,RAL 6018,#2CA36A
46,72,132,53,6,Green,RAL 6018,#2CA36A
46,72,133,52,6,Green,RAL 6018,#2CA36A
46,72,134,51,6,Green,RAL 6018,#2CA36A
46,72,135,50,6,Green,RAL 6018,#2CA36A
46,72,136,49,6,Green,RAL 6018,#2CA36A
46,72,137,48,6,Green,RAL 6018,#2CA36A
46,72,138,47,6,Green,RAL 6018,#2CA36A
46,72,139,46,6,Green,RAL 6018,#2CA36A
46,72,140,45,6,Green,RAL 6018,#2CA36A
46,72,141,44,6,Green,RAL 6018,#2CA36A
46,72,142,43,6,Green,RAL 6018,#2CA36A
46,72,143,42,6,Green,RAL 6018,#2CA36A
46,72,144,41,6,Green,RAL 6018,#2CA36A
46,72,145,40,6,Green,RAL 6018,#2CA36A
46,72,146,39,6,Green,RAL 6018,#2CA36A
46,72,147,38,6,Green,RAL 6018,#2CA36A
46,72,148,37,6,Green,RAL 6018,#2CA36A
46,72,149,36,6,Green,RAL 6018,#2CA36A
46,72,150,35,6,Green,RAL 6018,#2CA36A
46,72,151,34,6,Green,RAL 6018,#2CA36A
46,72,152,33,6,Green,RAL 6018,#2CA36A
46,72,153,32,6,Green,RAL 6018,#2CA36A
46,72,154,31,6,Green,RAL 6018,#2CA36A
46,72,155,30,6,Green,RAL 6018,#2CA36A
46,72,156,29,6,Green,RAL 6018,#2CA36A
46,72,157,28,6,Green,RAL 6018,#2CA36A
46,72,158,27,8,Gray,RAL 7040,#8E98A3
46,72,159,26,8,Gray,RAL 7040,#8E98A3
46,72,160,25,8,Gray,RAL 7040,#8E98A3
46,72,161,24,8,Gray,RAL 7040,#8E98A3
46,72,162,23,8,Gray,RAL 7040,#8E98A3
46,72,163,22,8,Gray,RAL 7040,#8E98A3
46,72,164,21,8,Gray,RAL 7040,#8E98A3
46,72,165,20,8,Gray,RAL 7040,#8E98A3
46,72,166,19,8,Gray,RAL 7040,#8E98A3
46,72,167,18,8,Gray,RAL 7040,#8E98A3
46,72,168,17,8,Gray,RAL 7040,#8E98A3
46,72,169,16,8,Gray,RAL 7040,#8E98A3
46,72,170,15,8,Gray,RAL 7040,#8E98A3
46,72,171,14,8,Gray,RAL 7040,#8E98A3
46,72,172,13,8,Gray,RAL 7040,#8E98A3
46,72,173,12,8,Gray,RAL 7040,#8E98A3
46,72,174,11,8,Gray,RAL 7040,#8E98A3
46,72,175,10,8,Gray,RAL 7040,#8E98A3
46,72,176,9,8,Gray,RAL 7040,#8E98A3
46,72,177,8,8,Gray,RAL 7040,#8E98A3
46,72,178,7,8,Gray,RAL 7040,#8E98A3
46,72,179,6,8,Gray,RAL 7040,#8E98A3
46,72,180,5,8,Gray,RAL 7040,#8E98A3
46,72,181,4,8,Gray,RAL 7040,#8E98A3
46,72,182,3,8,Gray,RAL 7040,#8E98A3
46,72,183,2,8,Gray,RAL 7040,#8E98A3
46,72,184,1,8,Gray,RAL 7040,#8E98A3
47,71,1,184,2,Black,RAL 9005,#111111
47,71,2,183,2,Black,RAL 9005,#111111
47,71,3,182,2,Black,RAL 9005,#111111
47,71,4,181,2,Black,RAL 9005,#111111
47,71,5,180,2,Black,RAL 9005,#111111
47,71,6,179,1,White,RAL 9016,#F5F5F5
47,71,7,178,1,White,RAL 9016,#F5F5F5
47,71,8,177,1,White,RAL 9016,#F5F5F5
47,71,9,176,1,White,RAL 9016,#F5F5F5
47,71,10,175,1,White,RAL 9016,#F5F5F5
47,71,11,174,2,Black,RAL 9005,#111111
47,71,12,173,2,Black,RAL 9005,#111111
47,71,13,172,2,Black,RAL 9005,#111111
47,71,14,171,2,Black,RAL 9005,#111111
47,71,15,170,1,White,RAL 9016,#F5F5F5
47,71,16,169,1,White,RAL 9016,#F5F5F5
47,71,17,168,1,White,RAL 9016,#F5F5F5
47,71,18,167,1,White,RAL 9016,#F5F5F5
47,71,19,166,8,Gray,RAL 7040,#8E98A3
47,71,20,165,2,Black,RAL 9005,#111111
47,71,21,164,2,Black,RAL 9005,#111111
47,71,22,163,2,Black,RAL 9005,#111111
47,71,23,162,1,White,RAL 9016,#F5F5F5
47,71,24,161,1,White,RAL 9016,#F5F5F5
47,71,25,160,1,White,RAL 9016,#F5F5F5
47,71,26,159,8,Gray,RAL 7040,#8E98A3
47,71,27,158,2,Black,RAL 9005,#111111
47,71,28,157,2,Black,RAL 9005,#111111
47,71,29,156,8,Gray,RAL 7040,#8E98A3
47,71,30,155,1,White,RAL 9016,#F5F5F5
47,71,31,154,1,White,RAL 9016,#F5F5F5
47,71,32,153,1,White,RAL 9016,#F5F5F5
47,71,33,152,2,Black,RAL 9005,#111111
47,71,34,151,2,Black,RAL 9005,#111111
47,71,35,150,2,Black,RAL 9005,#111111
47,71,36,149,2,Black,RAL 9005,#111111
47,71,37,148,2,Black,RAL 9005,#111111
47,71,38,147,2,Black,RAL 9005,#111111
47,71,39,146,2,Black,RAL 9005,#111111
47,71,40,145,8,Gray,RAL 7040,#8E98A3
47,71,41,144,1,White,RAL 9016,#F5F5F5
47,71,42,143,1,White,RAL 9016,#F5F5F5
47,71,43,142,8,Gray,RAL 7040,#8E98A3
47,71,44,141,2,Black,RAL 9005,#111111
47,71,45,140,2,Black,RAL 9005,#111111
47,71,46,139,2,Black,RAL 9005,#111111
47,71,47,138,2,Black,RAL 9005,#111111
47,71,48,137,8,Gray,RAL 7040,#8E98A3
47,71,49,136,1,White,RAL 9016,#F5F5F5
47,71,50,135,1,White,RAL 9016,#F5F5F5
47,71,51,134,1,White,RAL 9016,#F5F5F5
47,71,52,133,1,White,RAL 9016,#F5F5F5
47,71,53,132,8,Gray,RAL 7040,#8E98A3
47,71,54,131,2,Black,RAL 9005,#111111
47,71,55,130,2,Black,RAL 9005,#111111
47,71,56,129,2,Black,RAL 9005,#111111
47,71,57,128,2,Black,RAL 9005,#111111
47,71,58,127,8,Gray,RAL 7040,#8E98A3
47,71,59,126,1,White,RAL 9016,#F5F5F5
47,71,60,125,1,White,RAL 9016,#F5F5F5
47,71,61,124,8,Gray,RAL 7040,#8E98A3
47,71,62,123,2,Black,RAL 9005,#111111
47,71,63,122,2,Black,RAL 9005,#111111
47,71,64,121,1,White,RAL 9016,#F5F5F5
47,71,65,120,1,White,RAL 9016,#F5F5F5
47,71,66,119,8,Gray,RAL 7040,#8E98A3
47,71,67,118,2,Black,RAL 9005,#111111
47,71,68,117,8,Gray,RAL 7040,#8E98A3
47,71,69,116,1,White,RAL 9016,#F5F5F5
47,71,70,115,1,White,RAL 9016,#F5F5F5
47,71,71,114,8,Gray,RAL 7040,#8E98A3
47,71,72,113,2,Black,RAL 9005,#111111
47,71,73,112,2,Black,RAL 9005,#111111
47,71,74,111,2,Black,RAL 9005,#111111
47,71,75,110,2,Black,RAL 9005,#111111
47,71,76,109,2,Black,RAL 9005,#111111
47,71,77,108,8,Gray,RAL 7040,#8E98A3
47,71,78,107,1,White,RAL 9016,#F5F5F5
47,71,79,106,1,White,RAL 9016,#F5F5F5
47,71,80,105,1,White,RAL 9016,#F5F5F5
47,71,81,104,1,White,RAL 9016,#F5F5F5
47,71,82,103,8,Gray,RAL 7040,#8E98A3
47,71,83,102,2,Black,RAL 9005,#111111
47,71,84,101,2,Black,RAL 9005,#111111
47,71,85,100,2,Black,RAL 9005,#111111
47,71,86,99,2,Black,RAL 9005,#111111
47,71,87,98,2,Black,RAL 9005,#111111
47,71,88,97,2,Black,RAL 9005,#111111
47,71,89,96,2,Black,RAL 9005,#111111
47,71,90,95,2,Black,RAL 9005,#111111
47,71,91,94,2,Black,RAL 9005,#111111
47,71,92,93,2,Black,RAL 9005,#111111
47,71,93,92,2,Black,RAL 9005,#111111
47,71,94,91,2,Black,RAL 9005,#111111
47,71,95,90,2,Black,RAL 9005,#111111
47,71,96,89,2,Black,RAL 9005,#111111
47,71,97,88,2,Black,RAL 9005,#111111
47,71,98,87,8,Gray,RAL 7040,#8E98A3
47,71,99,86,8,Gray,RAL 7040,#8E98A3
47,71,100,85,8,Gray,RAL 7040,#8E98A3
47,71,101,84,8,Gray,RAL 7040,#8E98A3
47,71,102,83,8,Gray,RAL 7040,#8E98A3
47,71,103,82,8,Gray,RAL 7040,#8E98A3
47,71,104,81,8,Gray,RAL 7040,#8E98A3
47,71,105,80,8,Gray,RAL 7040,#8E98A3
47,71,106,79,8,Gray,RAL 7040,#8E98A3
47,71,107,78,8,Gray,RAL 7040,#8E98A3
47,71,108,77,8,Gray,RAL 7040,#8E98A3
47,71,109,76,8,Gray,RAL 7040,#8E98A3
47,71,110,75,8,Gray,RAL 7040,#8E98A3
47,71,111,74,8,Gray,RAL 7040,#8E98A3
47,71,112,73,8,Gray,RAL 7040,#8E98A3
47,71,113,72,8,Gray,RAL 7040,#8E98A3
47,71,114,71,8,Gray,RAL 7040,#8E98A3
47,71,115,70,8,Gray,RAL 7040,#8E98A3
47,71,116,69,8,Gray,RAL 7040,#8E98A3
47,71,117,68,8,Gray,RAL 7040,#8E98A3
47,71,118,67,8,Gray,RAL 7040,#8E98A3
47,71,119,66,8,Gray,RAL 7040,#8E98A3
47,71,120,65,8,Gray,RAL 7040,#8E98A3
47,71,121,64,8,Gray,RAL 7040,#8E98A3
47,71,122,63,8,Gray,RAL 7040,#8E98A3
47,71,123,62,8,Gray,RAL 7040,#8E98A3
47,71,124,61,8,Gray,RAL 7040,#8E98A3
47,71,125,60,8,Gray,RAL 7040,#8E98A3
47,71,126,59,8,Gray,RAL 7040,#8E98A3
47,71,127,58,6,Green,RAL 6018,#2CA36A
47,71,128,57,6,Green,RAL 6018,#2CA36A
47,71,129,56,6,Green,RAL 6018,#2CA36A
47,71,130,55,6,Green,RAL 6018,#2CA36A
47,71,131,54,6,Green,RAL 6018,#2CA36A
47,71,132,53,6,Green,RAL 6018,#2CA36A
47,71,133,52,6,Green,RAL 6018,#2CA36A
47,71,134,51,6,Green,RAL 6018,#2CA36A
47,71,135,50,6,Green,RAL 6018,#2CA36A
47,71,136,49,6,Green,RAL 6018,#2CA36A
47,71,137,48,6,Green,RAL 6018,#2CA36A
47,71,138,47,6,Green,RAL 6018,#2CA36A
47,71,139,46,6,Green,RAL 6018,#2CA36A
47,71,140,45,6,Green,RAL 6018,#2CA36A
47,71,141,44,6,Green,RAL 6018,#2CA36A
47,71,142,43,6,Green,RAL 6018,#2CA36A
47,71,143,42,6,Green,RAL 6018,#2CA36A
47,71,144,41,6,Green,RAL 6018,#2CA36A
47,71,145,40,6,Green,RAL 6018,#2CA36A
47,71,146,39,6,Green,RAL 6018,#2CA36A
47,71,147,38,6,Green,RAL 6018,#2CA36A
47,71,148,37,6,Green,RAL 6018,#2CA36A
47,71,149,36,6,Green,RAL 6018,#2CA36A
47,71,150,35,6,Green,RAL 6018,#2CA36A
47,71,151,34,6,Green,RAL 6018,#2CA36A
47,71,152,33,6,Green,RAL 6018,#2CA36A
47,71,153,32,6,Green,RAL 6018,#2CA36A
47,71,154,31,6,Green,RAL 6018,#2CA36A
47,71,155,30,6,Green,RAL 6018,#2CA36A
47,71,156,29,6,Green,RAL 6018,#2CA36A
47,71,157,28,6,Green,RAL 6018,#2CA36A
47,71,158,27,8,Gray,RAL 7040,#8E98A3
47,71,159,26,8,Gray,RAL 7040,#8E98A3
47,71,160,25,8,Gray,RAL 7040,#8E98A3
47,71,161,24,8,Gray,RAL 7040,#8E98A3
47,71,162,23,8,Gray,RAL 7040,#8E98A3
47,71,163,22,8,Gray,RAL 7040,#8E98A3
47,71,164,21,8,Gray,RAL 7040,#8E98A3
47,71,165,20,8,Gray,RAL 7040,#8E98A3
47,71,166,19,8,Gray,RAL 7040,#8E98A3
47,71,167,18,8,Gray,RAL 7040,#8E98A3
47,71,168,17,8,Gray,RAL 7040,#8E98A3
47,71,169,16,8,Gray,RAL 7040,#8E98A3
47,71,170,15,8,Gray,RAL 7040,#8E98A3
47,71,171,14,8,Gray,RAL 7040,#8E98A3
47,71,172,13,8,Gray,RAL 7040,#8E98A3
47,71,173,12,8,Gray,RAL 7040,#8E98A3
47,71,174,11,8,Gray,RAL 7040,#8E98A3
47,71,175,10,8,Gray,RAL 7040,#8E98A3
47,71,176,9,8,Gray,RAL 7040,#8E98A3
47,71,177,8,8,Gray,RAL 7040,#8E98A3
47,71,178,7,8,Gray,RAL 7040,#8E98A3
47,71,179,6,8,Gray,RAL 7040,#8E98A3
47,71,180,5,8,Gray,RAL 7040,#8E98A3
47,71,181,4,8,Gray,RAL 7040,#8E98A3
47,71,182,3,8,Gray,RAL 7040,#8E98A3
47,71,183,2,8,Gray,RAL 7040,#8E98A3
47,71,184,1,8,Gray,RAL 7040,#8E98A3
48,70,1,184,2,Black,RAL 9005,#111111
48,70,2,183,2,Black,RAL 9005,#111111
48,70,3,182,2,Black,RAL 9005,#111111
48,70,4,181,2,Black,RAL 9005,#111111
48,70,5,180,2,Black,RAL 9005,#111111
48,70,6,179,1,White,RAL 9016,#F5F5F5
48,70,7,178,1,White,RAL 9016,#F5F5F5
48,70,8,177,8,Gray,RAL 7040,#8E98A3
48,70,9,176,1,White,RAL 9016,#F5F5F5
48,70,10,175,1,White,RAL 9016,#F5F5F5
48,70,11,174,8,Gray,RAL 7040,#8E98A3
48,70,12,173,2,Black,RAL 9005,#111111
48,70,13,172,2,Black,RAL 9005,#111111
48,70,14,171,8,Gray,RAL 7040,#8E98A3
48,70,15,170,1,White,RAL 9016,#F5F5F5
48,70,16,169,1,White,RAL 9016,#F5F5F5
48,70,17,168,1,White,RAL 9016,#F5F5F5
48,70,18,167,1,White,RAL 9016,#F5F5F5
48,70,19,166,8,Gray,RAL 7040,#8E98A3
48,70,20,165,2,Black,RAL 9005,#111111
48,70,21,164,2,Black,RAL 9005,#111111
48,70,22,163,8,Gray,RAL 7040,#8E98A3
48,70,23,162,1,White,RAL 9016,#F5F5F5
48,70,24,161,1,White,RAL 9016,#F5F5F5
48,70,25,160,8,Gray,RAL 7040,#8E98A3
48,70,26,159,2,Black,RAL 9005,#111111
48,70,27,158,2,Black,RAL 9005,#111111
48,70,28,157,2,Black,RAL 9005,#111111
48,70,29,156,2,Black,RAL 9005,#111111
48,70,30,155,8,Gray,RAL 7040,#8E98A3
48,70,31,154,1,White,RAL 9016,#F5F5F5
48,70,32,153,1,White,RAL 9016,#F5F5F5
48,70,33,152,8,Gray,RAL 7040,#8E98A3
48,70,34,151,2,Black,RAL 9005,#111111
48,70,35,150,2,Black,RAL 9005,#111111
48,70,36,149,2,Black,RAL 9005,#111111
48,70,37,148,2,Black,RAL 9005,#111111
48,70,38,147,2,Black,RAL 9005,#111111
48,70,39,146,8,Gray,RAL 7040,#8E98A3
48,70,40,145,1,White,RAL 9016,#F5F5F5
48,70,41,144,1,White,RAL 9016,#F5F5F5
48,70,42,143,1,White,RAL 9016,#F5F5F5
48,70,43,142,2,Black,RAL 9005,#111111
48,70,44,141,2,Black,RAL 9005,#111111
48,70,45,140,2,Black,RAL 9005,#111111
48,70,46,139,2,Black,RAL 9005,#111111
48,70,47,138,2,Black,RAL 9005,#111111
48,70,48,137,1,White,RAL 9016,#F5F5F5
48,70,49,136,1,White,RAL 9016,#F5F5F5
48,70,50,135,8,Gray,RAL 7040,#8E98A3
48,70,51,134,1,White,RAL 9016,#F5F5F5
48,70,52,133,1,White,RAL 9016,#F5F5F5
48,70,53,132,1,White,RAL 9016,#F5F5F5
48,70,54,131,2,Black,RAL 9005,#111111
48,70,55,130,2,Black,RAL 9005,#111111
48,70,56,129,2,Black,RAL 9005,#111111
48,70,57,128,2,Black,RAL 9005,#111111
48,70,58,127,8,Gray,RAL 7040,#8E98A3
48,70,59,126,1,White,RAL 9016,#F5F5F5
48,70,60,125,1,White,RAL 9016,#F5F5F5
48,70,61,124,8,Gray,RAL 7040,#8E98A3
48,70,62,123,2,Black,RAL 9005,#111111
48,70,63,122,2,Black,RAL 9005,#111111
48,70,64,121,1,White,RAL 9016,#F5F5F5
48,70,65,120,1,White,RAL 9016,#F5F5F5
48,70,66,119,8,Gray,RAL 7040,#8E98A3
48,70,67,118,8,Gray,RAL 7040,#8E98A3
48,70,68,117,1,White,RAL 9016,#F5F5F5
48,70,69,116,1,White,RAL 9016,#F5F5F5
48,70,70,115,1,White,RAL 9016,#F5F5F5
48,70,71,114,2,Black,RAL 9005,#111111
48,70,72,113,2,Black,RAL 9005,#111111
48,70,73,112,2,Black,RAL 9005,#111111
48,70,74,111,2,Black,RAL 9005,#111111
48,70,75,110,2,Black,RAL 9005,#111111
48,70,76,109,2,Black,RAL 9005,#111111
48,70,77,108,1,White,RAL 9016,#F5F5F5
48,70,78,107,1,White,RAL 9016,#F5F5F5
48,70,79,106,8,Gray,RAL 7040,#8E98A3
48,70,80,105,8,Gray,RAL 7040,#8E98A3
48,70,81,104,1,White,RAL 9016,#F5F5F5
48,70,82,103,1,White,RAL 9016,#F5F5F5
48,70,83,102,2,Black,RAL 9005,#111111
48,70,84,101,2,Black,RAL 9005,#111111
48,70,85,100,2,Black,RAL 9005,#111111
48,70,86,99,2,Black,RAL 9005,#111111
48,70,87,98,2,Black,RAL 9005,#111111
48,70,88,97,2,Black,RAL 9005,#111111
48,70,89,96,2,Black,RAL 9005,#111111
48,70,90,95,2,Black,RAL 9005,#111111
48,70,91,94,2,Black,RAL 9005,#111111
48,70,92,93,2,Black,RAL 9005,#111111
48,70,93,92,2,Black,RAL 9005,#111111
48,70,94,91,2,Black,RAL 9005,#111111
48,70,95,90,2,Black,RAL 9005,#111111
48,70,96,89,2,Black,RAL 9005,#111111
48,70,97,88,2,Black,RAL 9005,#111111
48,70,98,87,8,Gray,RAL 7040,#8E98A3
48,70,99,86,8,Gray,RAL 7040,#8E98A3
48,70,100,85,8,Gray,RAL 7040,#8E98A3
48,70,101,84,8,Gray,RAL 7040,#8E98A3
48,70,102,83,8,Gray,RAL 7040,#8E98A3
48,70,103,82,8,Gray,RAL 7040,#8E98A3
48,70,104,81,8,Gray,RAL 7040,#8E98A3
48,70,105,80,8,Gray,RAL 7040,#8E98A3
48,70,106,79,8,Gray,RAL 7040,#8E98A3
48,70,107,78,8,Gray,RAL 7040,#8E98A3
48,70,108,77,8,Gray,RAL 7040,#8E98A3
48,70,109,76,8,Gray,RAL 7040,#8E98A3
48,70,110,75,8,Gray,RAL 7040,#8E98A3
48,70,111,74,8,Gray,RAL 7040,#8E98A3
48,70,112,73,8,Gray,RAL 7040,#8E98A3
48,70,113,72,8,Gray,RAL 7040,#8E98A3
48,70,114,71,8,Gray,RAL 7040,#8E98A3
48,70,115,70,8,Gray,RAL 7040,#8E98A3
48,70,116,69,8,Gray,RAL 7040,#8E98A3
48,70,117,68,8,Gray,RAL 7040,#8E98A3
48,70,118,67,8,Gray,RAL 7040,#8E98A3
48,70,119,66,8,Gray,RAL 7040,#8E98A3
48,70,120,65,8,Gray,RAL 7040,#8E98A3
48,70,121,64,8,Gray,RAL 7040,#8E98A3
48,70,122,63,8,Gray,RAL 7040,#8E98A3
48,70,123,62,8,Gray,RAL 7040,#8E98A3
48,70,124,61,8,Gray,RAL 7040,#8E98A3
48,70,125,60,8,Gray,RAL 7040,#8E98A3
48,70,126,59,8,Gray,RAL 7040,#8E98A3
48,70,127,58,6,Green,RAL 6018,#2CA36A
48,70,128,57,6,Green,RAL 6018,#2CA36A
48,70,129,56,6,Green,RAL 6018,#2CA36A
48,70,130,55,6,Green,RAL 6018,#2CA36A
48,70,131,54,6,Green,RAL 6018,#2CA36A
48,70,132,53,6,Green,RAL 6018,#2CA36A
48,70,133,52,6,Green,RAL 6018,#2CA36A
48,70,134,51,6,Green,RAL 6018,#2CA36A
48,70,135,50,6,Green,RAL 6018,#2CA36A
48,70,136,49,6,Green,RAL 6018,#2CA36A
48,70,137,48,6,Green,RAL 6018,#2CA36A
48,70,138,47,6,Green,RAL 6018,#2CA36A
48,70,139,46,6,Green,RAL 6018,#2CA36A
48,70,140,45,6,Green,RAL 6018,#2CA36A
48,70,141,44,6,Green,RAL 6018,#2CA36A
48,70,142,43,6,Green,RAL 6018,#2CA36A
48,70,143,42,6,Green,RAL 6018,#2CA36A
48,70,144,41,6,Green,RAL 6018,#2CA36A
48,70,145,40,6,Green,RAL 6018,#2CA36A
48,70,146,39,6,Green,RAL 6018,#2CA36A
48,70,147,38,6,Green,RAL 6018,#2CA36A
48,70,148,37,6,Green,RAL 6018,#2CA36A
48,70,149,36,6,Green,RAL 6018,#2CA36A
48,70,150,35,6,Green,RAL 6018,#2CA36A
48,70,151,34,6,Green,RAL 6018,#2CA36A
48,70,152,33,6,Green,RAL 6018,#2CA36A
48,70,153,32,6,Green,RAL 6018,#2CA36A
48,70,154,31,6,Green,RAL 6018,#2CA36A
48,70,155,30,6,Green,RAL 6018,#2CA36A
48,70,156,29,6,Green,RAL 6018,#2CA36A
48,70,157,28,6,Green,RAL 6018,#2CA36A
48,70,158,27,8,Gray,RAL 7040,#8E98A3
48,70,159,26,8,Gray,RAL 7040,#8E98A3
48,70,160,25,8,Gray,RAL 7040,#8E98A3
48,70,161,24,8,Gray,RAL 7040,#8E98A3
48,70,162,23,8,Gray,RAL 7040,#8E98A3
48,70,163,22,8,Gray,RAL 7040,#8E98A3
48,70,164,21,8,Gray,RAL 7040,#8E98A3
48,70,165,20,8,Gray,RAL 7040,#8E98A3
48,70,166,19,8,Gray,RAL 7040,#8E98A3
48,70,167,18,8,Gray,RAL 7040,#8E98A3
48,70,168,17,8,Gray,RAL 7040,#8E98A3
48,70,169,16,8,Gray,RAL 7040,#8E98A3
48,70,170,15,8,Gray,RAL 7040,#8E98A3
48,70,171,14,8,Gray,RAL 7040,#8E98A3
48,70,172,13,8,Gray,RAL 7040,#8E98A3
48,70,173,12,8,Gray,RAL 7040,#8E98A3
48,70,174,11,8,Gray,RAL 7040,#8E98A3
48,70,175,10,8,Gray,RAL 7040,#8E98A3
48,70,176,9,8,Gray,RAL 7040,#8E98A3
48,70,177,8,8,Gray,RAL 7040,#8E98A3
48,70,178,7,8,Gray,RAL 7040,#8E98A3
48,70,179,6,8,Gray,RAL 7040,#8E98A3
48,70,180,5,8,Gray,RAL 7040,#8E98A3
48,70,181,4,8,Gray,RAL 7040,#8E98A3
48,70,182,3,8,Gray,RAL 7040,#8E98A3
48,70,183,2,8,Gray,RAL 7040,#8E98A3
48,70,184,1,8,Gray,RAL 7040,#8E98A3
49,69,1,184,2,Black,RAL 9005,#111111
49,69,2,183,2,Black,RAL 9005,#111111
49,69,3,182,2,Black,RAL 9005,#111111
49,69,4,181,2,Black,RAL 9005,#111111
49,69,5,180,2,Black,RAL 9005,#111111
49,69,6,179,1,White,RAL 9016,#F5F5F5
49,69,7,178,1,White,RAL 9016,#F5F5F5
49,69,8,177,8,Gray,RAL 7040,#8E98A3
49,69,9,176,8,Gray,RAL 7040,#8E98A3
49,69,10,175,1,White,RAL 9016,#F5F5F5
49,69,11,174,8,Gray,RAL 7040,#8E98A3
49,69,12,173,2,Black,RAL 9005,#111111
49,69,13,172,2,Black,RAL 9005,#111111
49,69,14,171,8,Gray,RAL 7040,#8E98A3
49,69,15,170,1,White,RAL 9016,#F5F5F5
49,69,16,169,8,Gray,RAL 7040,#8E98A3
49,69,17,168,1,White,RAL 9016,#F5F5F5
49,69,18,167,1,White,RAL 9016,#F5F5F5
49,69,19,166,8,Gray,RAL 7040,#8E98A3
49,69,20,165,2,Black,RAL 9005,#111111
49,69,21,164,2,Black,RAL 9005,#111111
49,69,22,163,8,Gray,RAL 7040,#8E98A3
49,69,23,162,1,White,RAL 9016,#F5F5F5
49,69,24,161,1,White,RAL 9016,#F5F5F5
49,69,25,160,2,Black,RAL 9005,#111111
49,69,26,159,2,Black,RAL 9005,#111111
49,69,27,158,2,Black,RAL 9005,#111111
49,69,28,157,2,Black,RAL 9005,#111111
49,69,29,156,2,Black,RAL 9005,#111111
49,69,30,155,8,Gray,RAL 7040,#8E98A3
49,69,31,154,1,White,RAL 9016,#F5F5F5
49,69,32,153,1,White,RAL 9016,#F5F5F5
49,69,33,152,8,Gray,RAL 7040,#8E98A3
49,69,34,151,2,Black,RAL 9005,#111111
49,69,35,150,2,Black,RAL 9005,#111111
49,69,36,149,2,Black,RAL 9005,#111111
49,69,37,148,2,Black,RAL 9005,#111111
49,69,38,147,8,Gray,RAL 7040,#8E98A3
49,69,39,146,1,White,RAL 9016,#F5F5F5
49,69,40,145,1,White,RAL 9016,#F5F5F5
49,69,41,144,1,White,RAL 9016,#F5F5F5
49,69,42,143,8,Gray,RAL 7040,#8E98A3
49,69,43,142,2,Black,RAL 9005,#111111
49,69,44,141,2,Black,RAL 9005,#111111
49,69,45,140,2,Black,RAL 9005,#111111
49,69,46,139,2,Black,RAL 9005,#111111
49,69,47,138,8,Gray,RAL 7040,#8E98A3
49,69,48,137,1,White,RAL 9016,#F5F5F5
49,69,49,136,1,White,RAL 9016,#F5F5F5
49,69,50,135,8,Gray,RAL 7040,#8E98A3
49,69,51,134,8,Gray,RAL 7040,#8E98A3
49,69,52,133,1,White,RAL 9016,#F5F5F5
49,69,53,132,1,White,RAL 9016,#F5F5F5
49,69,54,131,8,Gray,RAL 7040,#8E98A3
49,69,55,130,2,Black,RAL 9005,#111111
49,69,56,129,2,Black,RAL 9005,#111111
49,69,57,128,2,Black,RAL 9005,#111111
49,69,58,127,8,Gray,RAL 7040,#8E98A3
49,69,59,126,1,White,RAL 9016,#F5F5F5
49,69,60,125,1,White,RAL 9016,#F5F5F5
49,69,61,124,8,Gray,RAL 7040,#8E98A3
49,69,62,123,2,Black,RAL 9005,#111111
49,69,63,122,2,Black,RAL 9005,#111111
49,69,64,121,1,White,RAL 9016,#F5F5F5
49,69,65,120,1,White,RAL 9016,#F5F5F5
49,69,66,119,8,Gray,RAL 7040,#8E98A3
49,69,67,118,8,Gray,RAL 7040,#8E98A3
49,69,68,117,1,White,RAL 9016,#F5F5F5
49,69,69,116,1,White,RAL 9016,#F5F5F5
49,69,70,115,8,Gray,RAL 7040,#8E98A3
49,69,71,114,2,Black,RAL 9005,#111111
49,69,72,113,2,Black,RAL 9005,#111111
49,69,73,112,2,Black,RAL 9005,#111111
49,69,74,111,2,Black,RAL 9005,#111111
49,69,75,110,2,Black,RAL 9005,#111111
49,69,76,109,8,Gray,RAL 7040,#8E98A3
49,69,77,108,1,White,RAL 9016,#F5F5F5
49,69,78,107,1,White,RAL 9016,#F5F5F5
49,69,79,106,8,Gray,RAL 7040,#8E98A3
49,69,80,105,8,Gray,RAL 7040,#8E98A3
49,69,81,104,1,White,RAL 9016,#F5F5F5
49,69,82,103,1,White,RAL 9016,#F5F5F5
49,69,83,102,8,Gray,RAL 7040,#8E98A3
49,69,84,101,2,Black,RAL 9005,#111111
49,69,85,100,8,Gray,RAL 7040,#8E98A3
49,69,86,99,2,Black,RAL 9005,#111111
49,69,87,98,2,Black,RAL 9005,#111111
49,69,88,97,2,Black,RAL 9005,#111111
49,69,89,96,2,Black,RAL 9005,#111111
49,69,90,95,2,Black,RAL 9005,#111111
49,69,91,94,2,Black,RAL 9005,#111111
49,69,92,93,2,Black,RAL 9005,#111111
49,69,93,92,2,Black,RAL 9005,#111111
49,69,94,91,2,Black,RAL 9005,#111111
49,69,95,90,2,Black,RAL 9005,#111111
49,69,96,89,2,Black,RAL 9005,#111111
49,69,97,88,2,Black,RAL 9005,#111111
49,69,98,87,8,Gray,RAL 7040,#8E98A3
49,69,99,86,8,Gray,RAL 7040,#8E98A3
49,69,100,85,8,Gray,RAL 7040,#8E98A3
49,69,101,84,8,Gray,RAL 7040,#8E98A3
49,69,102,83,8,Gray,RAL 7040,#8E98A3
49,69,103,82,8,Gray,RAL 7040,#8E98A3
49,69,104,81,8,Gray,RAL 7040,#8E98A3
49,69,105,80,8,Gray,RAL 7040,#8E98A3
49,69,106,79,8,Gray,RAL 7040,#8E98A3
49,69,107,78,8,Gray,RAL 7040,#8E98A3
49,69,108,77,8,Gray,RAL 7040,#8E98A3
49,69,109,76,8,Gray,RAL 7040,#8E98A3
49,69,110,75,8,Gray,RAL 7040,#8E98A3
49,69,111,74,8,Gray,RAL 7040,#8E98A3
49,69,112,73,8,Gray,RAL 7040,#8E98A3
49,69,113,72,8,Gray,RAL 7040,#8E98A3
49,69,114,71,8,Gray,RAL 7040,#8E98A3
49,69,115,70,8,Gray,RAL 7040,#8E98A3
49,69,116,69,8,Gray,RAL 7040,#8E98A3
49,69,117,68,8,Gray,RAL 7040,#8E98A3
49,69,118,67,8,Gray,RAL 7040,#8E98A3
49,69,119,66,8,Gray,RAL 7040,#8E98A3
49,69,120,65,8,Gray,RAL 7040,#8E98A3
49,69,121,64,8,Gray,RAL 7040,#8E98A3
49,69,122,63,8,Gray,RAL 7040,#8E98A3
49,69,123,62,8,Gray,RAL 7040,#8E98A3
49,69,124,61,8,Gray,RAL 7040,#8E98A3
49,69,125,60,8,Gray,RAL 7040,#8E98A3
49,69,126,59,8,Gray,RAL 7040,#8E98A3
49,69,127,58,6,Green,RAL 6018,#2CA36A
49,69,128,57,6,Green,RAL 6018,#2CA36A
49,69,129,56,6,Green,RAL 6018,#2CA36A
49,69,130,55,6,Green,RAL 6018,#2CA36A
49,69,131,54,6,Green,RAL 6018,#2CA36A
49,69,132,53,6,Green,RAL 6018,#2CA36A
49,69,133,52,6,Green,RAL 6018,#2CA36A
49,69,134,51,6,Green,RAL 6018,#2CA36A
49,69,135,50,6,Green,RAL 6018,#2CA36A
49,69,136,49,6,Green,RAL 6018,#2CA36A
49,69,137,48,6,Green,RAL 6018,#2CA36A
49,69,138,47,6,Green,RAL 6018,#2CA36A
49,69,139,46,6,Green,RAL 6018,#2CA36A
49,69,140,45,6,Green,RAL 6018,#2CA36A
49,69,141,44,6,Green,RAL 6018,#2CA36A
49,69,142,43,6,Green,RAL 6018,#2CA36A
49,69,143,42,6,Green,RAL 6018,#2CA36A
49,69,144,41,6,Green,RAL 6018,#2CA36A
49,69,145,40,6,Green,RAL 6018,#2CA36A
49,69,146,39,6,Green,RAL 6018,#2CA36A
49,69,147,38,6,Green,RAL 6018,#2CA36A
49,69,148,37,6,Green,RAL 6018,#2CA36A
49,69,149,36,6,Green,RAL 6018,#2CA36A
49,69,150,35,6,Green,RAL 6018,#2CA36A
49,69,151,34,6,Green,RAL 6018,#2CA36A
49,69,152,33,6,Green,RAL 6018,#2CA36A
49,69,153,32,6,Green,RAL 6018,#2CA36A
49,69,154,31,6,Green,RAL 6018,#2CA36A
49,69,155,30,6,Green,RAL 6018,#2CA36A
49,69,156,29,6,Green,RAL 6018,#2CA36A
49,69,157,28,6,Green,RAL 6018,#2CA36A
49,69,158,27,6,Green,RAL 6018,#2CA36A
49,69,159,26,8,Gray,RAL 7040,#8E98A3
49,69,160,25,8,Gray,RAL 7040,#8E98A3
49,69,161,24,8,Gray,RAL 7040,#8E98A3
49,69,162,23,8,Gray,RAL 7040,#8E98A3
49,69,163,22,8,Gray,RAL 7040,#8E98A3
49,69,164,21,8,Gray,RAL 7040,#8E98A3
49,69,165,20,8,Gray,RAL 7040,#8E98A3
49,69,166,19,8,Gray,RAL 7040,#8E98A3
49,69,167,18,8,Gray,RAL 7040,#8E98A3
49,69,168,17,8,Gray,RAL 7040,#8E98A3
49,69,169,16,8,Gray,RAL 7040,#8E98A3
49,69,170,15,8,Gray,RAL 7040,#8E98A3
49,69,171,14,8,Gray,RAL 7040,#8E98A3
49,69,172,13,8,Gray,RAL 7040,#8E98A3
49,69,173,12,8,Gray,RAL 7040,#8E98A3
49,69,174,11,8,Gray,RAL 7040,#8E98A3
49,69,175,10,8,Gray,RAL 7040,#8E98A3
49,69,176,9,8,Gray,RAL 7040,#8E98A3
49,69,177,8,8,Gray,RAL 7040,#8E98A3
49,69,178,7,8,Gray,RAL 7040,#8E98A3
49,69,179,6,8,Gray,RAL 7040,#8E98A3
49,69,180,5,8,Gray,RAL 7040,#8E98A3
49,69,181,4,8,Gray,RAL 7040,#8E98A3
49,69,182,3,8,Gray,RAL 7040,#8E98A3
49,69,183,2,8,Gray,RAL 7040,#8E98A3
49,69,184,1,8,Gray,RAL 7040,#8E98A3
50,68,1,184,2,Black,RAL 9005,#111111
50,68,2,183,2,Black,RAL 9005,#111111
50,68,3,182,2,Black,RAL 9005,#111111
50,68,4,181,2,Black,RAL 9005,#111111
50,68,5,180,2,Black,RAL 9005,#111111
50,68,6,179,1,White,RAL 9016,#F5F5F5
50,68,7,178,1,White,RAL 9016,#F5F5F5
50,68,8,177,8,Gray,RAL 7040,#8E98A3
50,68,9,176,8,Gray,RAL 7040,#8E98A3
50,68,10,175,1,White,RAL 9016,#F5F5F5
50,68,11,174,1,White,RAL 9016,#F5F5F5
50,68,12,173,2,Black,RAL 9005,#111111
50,68,13,172,2,Black,RAL 9005,#111111
50,68,14,171,1,White,RAL 9016,#F5F5F5
50,68,15,170,1,White,RAL 9016,#F5F5F5
50,68,16,169,8,Gray,RAL 7040,#8E98A3
50,68,17,168,1,White,RAL 9016,#F5F5F5
50,68,18,167,1,White,RAL 9016,#F5F5F5
50,68,19,166,8,Gray,RAL 7040,#8E98A3
50,68,20,165,2,Black,RAL 9005,#111111
50,68,21,164,2,Black,RAL 9005,#111111
50,68,22,163,1,White,RAL 9016,#F5F5F5
50,68,23,162,1,White,RAL 9016,#F5F5F5
50,68,24,161,1,White,RAL 9016,#F5F5F5
50,68,25,160,2,Black,RAL 9005,#111111
50,68,26,159,2,Black,RAL 9005,#111111
50,68,27,158,2,Black,RAL 9005,#111111
50,68,28,157,2,Black,RAL 9005,#111111
50,68,29,156,2,Black,RAL 9005,#111111
50,68,30,155,8,Gray,RAL 7040,#8E98A3
50,68,31,154,1,White,RAL 9016,#F5F5F5
50,68,32,153,1,White,RAL 9016,#F5F5F5
50,68,33,152,8,Gray,RAL 7040,#8E98A3
50,68,34,151,2,Black,RAL 9005,#111111
50,68,35,150,2,Black,RAL 9005,#111111
50,68,36,149,2,Black,RAL 9005,#111111
50,68,37,148,2,Black,RAL 9005,#111111
50,68,38,147,1,White,RAL 9016,#F5F5F5
50,68,39,146,1,White,RAL 9016,#F5F5F5
50,68,40,145,1,White,RAL 9016,#F5F5F5
50,68,41,144,8,Gray,RAL 7040,#8E98A3
50,68,42,143,2,Black,RAL 9005,#111111
50,68,43,142,2,Black,RAL 9005,#111111
50,68,44,141,2,Black,RAL 9005,#111111
50,68,45,140,2,Black,RAL 9005,#111111
50,68,46,139,2,Black,RAL 9005,#111111
50,68,47,138,8,Gray,RAL 7040,#8E98A3
50,68,48,137,1,White,RAL 9016,#F5F5F5
50,68,49,136,1,White,RAL 9016,#F5F5F5
50,68,50,135,2,Black,RAL 9005,#111111
50,68,51,134,8,Gray,RAL 7040,#8E98A3
50,68,52,133,1,White,RAL 9016,#F5F5F5
50,68,53,132,1,White,RAL 9016,#F5F5F5
50,68,54,131,8,Gray,RAL 7040,#8E98A3
50,68,55,130,2,Black,RAL 9005,#111111
50,68,56,129,2,Black,RAL 9005,#111111
50,68,57,128,2,Black,RAL 9005,#111111
50,68,58,127,8,Gray,RAL 7040,#8E98A3
50,68,59,126,1,White,RAL 9016,#F5F5F5
50,68,60,125,1,White,RAL 9016,#F5F5F5
50,68,61,124,8,Gray,RAL 7040,#8E98A3
50,68,62,123,2,Black,RAL 9005,#111111
50,68,63,122,2,Black,RAL 9005,#111111
50,68,64,121,1,White,RAL 9016,#F5F5F5
50,68,65,120,1,White,RAL 9016,#F5F5F5
50,68,66,119,1,White,RAL 9016,#F5F5F5
50,68,67,118,1,White,RAL 9016,#F5F5F5
50,68,68,117,1,White,RAL 9016,#F5F5F5
50,68,69,116,8,Gray,RAL 7040,#8E98A3
50,68,70,115,2,Black,RAL 9005,#111111
50,68,71,114,2,Black,RAL 9005,#111111
50,68,72,113,2,Black,RAL 9005,#111111
50,68,73,112,2,Black,RAL 9005,#111111
50,68,74,111,2,Black,RAL 9005,#111111
50,68,75,110,2,Black,RAL 9005,#111111
50,68,76,109,8,Gray,RAL 7040,#8E98A3
50,68,77,108,1,White,RAL 9016,#F5F5F5
50,68,78,107,1,White,RAL 9016,#F5F5F5
50,68,79,106,2,Black,RAL 9005,#111111
50,68,80,105,8,Gray,RAL 7040,#8E98A3
50,68,81,104,1,White,RAL 9016,#F5F5F5
50,68,82,103,1,White,RAL 9016,#F5F5F5
50,68,83,102,14,E2E Color Updated 1771984248948,RAL DUP 1771984248948,#CCBBAA
50,68,84,101,8,Gray,RAL 7040,#8E98A3
50,68,85,100,8,Gray,RAL 7040,#8E98A3
50,68,86,99,8,Gray,RAL 7040,#8E98A3
50,68,87,98,8,Gray,RAL 7040,#8E98A3
50,68,88,97,8,Gray,RAL 7040,#8E98A3
50,68,89,96,8,Gray,RAL 7040,#8E98A3
50,68,90,95,2,Black,RAL 9005,#111111
50,68,91,94,2,Black,RAL 9005,#111111
50,68,92,93,2,Black,RAL 9005,#111111
50,68,93,92,2,Black,RAL 9005,#111111
50,68,94,91,2,Black,RAL 9005,#111111
50,68,95,90,2,Black,RAL 9005,#111111
50,68,96,89,2,Black,RAL 9005,#111111
50,68,97,88,2,Black,RAL 9005,#111111
50,68,98,87,2,Black,RAL 9005,#111111
50,68,99,86,8,Gray,RAL 7040,#8E98A3
50,68,100,85,8,Gray,RAL 7040,#8E98A3
50,68,101,84,8,Gray,RAL 7040,#8E98A3
50,68,102,83,8,Gray,RAL 7040,#8E98A3
50,68,103,82,8,Gray,RAL 7040,#8E98A3
50,68,104,81,8,Gray,RAL 7040,#8E98A3
50,68,105,80,8,Gray,RAL 7040,#8E98A3
50,68,106,79,8,Gray,RAL 7040,#8E98A3
50,68,107,78,8,Gray,RAL 7040,#8E98A3
50,68,108,77,8,Gray,RAL 7040,#8E98A3
50,68,109,76,8,Gray,RAL 7040,#8E98A3
50,68,110,75,8,Gray,RAL 7040,#8E98A3
50,68,111,74,8,Gray,RAL 7040,#8E98A3
50,68,112,73,8,Gray,RAL 7040,#8E98A3
50,68,113,72,8,Gray,RAL 7040,#8E98A3
50,68,114,71,8,Gray,RAL 7040,#8E98A3
50,68,115,70,8,Gray,RAL 7040,#8E98A3
50,68,116,69,8,Gray,RAL 7040,#8E98A3
50,68,117,68,8,Gray,RAL 7040,#8E98A3
50,68,118,67,8,Gray,RAL 7040,#8E98A3
50,68,119,66,8,Gray,RAL 7040,#8E98A3
50,68,120,65,8,Gray,RAL 7040,#8E98A3
50,68,121,64,8,Gray,RAL 7040,#8E98A3
50,68,122,63,8,Gray,RAL 7040,#8E98A3
50,68,123,62,8,Gray,RAL 7040,#8E98A3
50,68,124,61,8,Gray,RAL 7040,#8E98A3
50,68,125,60,8,Gray,RAL 7040,#8E98A3
50,68,126,59,8,Gray,RAL 7040,#8E98A3
50,68,127,58,6,Green,RAL 6018,#2CA36A
50,68,128,57,6,Green,RAL 6018,#2CA36A
50,68,129,56,6,Green,RAL 6018,#2CA36A
50,68,130,55,6,Green,RAL 6018,#2CA36A
50,68,131,54,6,Green,RAL 6018,#2CA36A
50,68,132,53,6,Green,RAL 6018,#2CA36A
50,68,133,52,6,Green,RAL 6018,#2CA36A
50,68,134,51,6,Green,RAL 6018,#2CA36A
50,68,135,50,6,Green,RAL 6018,#2CA36A
50,68,136,49,6,Green,RAL 6018,#2CA36A
50,68,137,48,6,Green,RAL 6018,#2CA36A
50,68,138,47,6,Green,RAL 6018,#2CA36A
50,68,139,46,6,Green,RAL 6018,#2CA36A
50,68,140,45,6,Green,RAL 6018,#2CA36A
50,68,141,44,6,Green,RAL 6018,#2CA36A
50,68,142,43,6,Green,RAL 6018,#2CA36A
50,68,143,42,6,Green,RAL 6018,#2CA36A
50,68,144,41,6,Green,RAL 6018,#2CA36A
50,68,145,40,6,Green,RAL 6018,#2CA36A
50,68,146,39,6,Green,RAL 6018,#2CA36A
50,68,147,38,6,Green,RAL 6018,#2CA36A
50,68,148,37,6,Green,RAL 6018,#2CA36A
50,68,149,36,6,Green,RAL 6018,#2CA36A
50,68,150,35,6,Green,RAL 6018,#2CA36A
50,68,151,34,6,Green,RAL 6018,#2CA36A
50,68,152,33,6,Green,RAL 6018,#2CA36A
50,68,153,32,6,Green,RAL 6018,#2CA36A
50,68,154,31,6,Green,RAL 6018,#2CA36A
50,68,155,30,6,Green,RAL 6018,#2CA36A
50,68,156,29,6,Green,RAL 6018,#2CA36A
50,68,157,28,6,Green,RAL 6018,#2CA36A
50,68,158,27,6,Green,RAL 6018,#2CA36A
50,68,159,26,8,Gray,RAL 7040,#8E98A3
50,68,160,25,8,Gray,RAL 7040,#8E98A3
50,68,161,24,8,Gray,RAL 7040,#8E98A3
50,68,162,23,8,Gray,RAL 7040,#8E98A3
50,68,163,22,8,Gray,RAL 7040,#8E98A3
50,68,164,21,8,Gray,RAL 7040,#8E98A3
50,68,165,20,8,Gray,RAL 7040,#8E98A3
50,68,166,19,8,Gray,RAL 7040,#8E98A3
50,68,167,18,8,Gray,RAL 7040,#8E98A3
50,68,168,17,8,Gray,RAL 7040,#8E98A3
50,68,169,16,8,Gray,RAL 7040,#8E98A3
50,68,170,15,8,Gray,RAL 7040,#8E98A3
50,68,171,14,8,Gray,RAL 7040,#8E98A3
50,68,172,13,8,Gray,RAL 7040,#8E98A3
50,68,173,12,8,Gray,RAL 7040,#8E98A3
50,68,174,11,8,Gray,RAL 7040,#8E98A3
50,68,175,10,8,Gray,RAL 7040,#8E98A3
50,68,176,9,8,Gray,RAL 7040,#8E98A3
50,68,177,8,8,Gray,RAL 7040,#8E98A3
50,68,178,7,8,Gray,RAL 7040,#8E98A3
50,68,179,6,8,Gray,RAL 7040,#8E98A3
50,68,180,5,8,Gray,RAL 7040,#8E98A3
50,68,181,4,8,Gray,RAL 7040,#8E98A3
50,68,182,3,8,Gray,RAL 7040,#8E98A3
50,68,183,2,8,Gray,RAL 7040,#8E98A3
50,68,184,1,8,Gray,RAL 7040,#8E98A3
51,67,1,184,2,Black,RAL 9005,#111111
51,67,2,183,2,Black,RAL 9005,#111111
51,67,3,182,2,Black,RAL 9005,#111111
51,67,4,181,2,Black,RAL 9005,#111111
51,67,5,180,2,Black,RAL 9005,#111111
51,67,6,179,1,White,RAL 9016,#F5F5F5
51,67,7,178,1,White,RAL 9016,#F5F5F5
51,67,8,177,8,Gray,RAL 7040,#8E98A3
51,67,9,176,2,Black,RAL 9005,#111111
51,67,10,175,1,White,RAL 9016,#F5F5F5
51,67,11,174,1,White,RAL 9016,#F5F5F5
51,67,12,173,8,Gray,RAL 7040,#8E98A3
51,67,13,172,8,Gray,RAL 7040,#8E98A3
51,67,14,171,1,White,RAL 9016,#F5F5F5
51,67,15,170,1,White,RAL 9016,#F5F5F5
51,67,16,169,2,Black,RAL 9005,#111111
51,67,17,168,1,White,RAL 9016,#F5F5F5
51,67,18,167,1,White,RAL 9016,#F5F5F5
51,67,19,166,8,Gray,RAL 7040,#8E98A3
51,67,20,165,2,Black,RAL 9005,#111111
51,67,21,164,2,Black,RAL 9005,#111111
51,67,22,163,14,E2E Color Updated 1771984248948,RAL DUP 1771984248948,#CCBBAA
51,67,23,162,1,White,RAL 9016,#F5F5F5
51,67,24,161,1,White,RAL 9016,#F5F5F5
51,67,25,160,2,Black,RAL 9005,#111111
51,67,26,159,2,Black,RAL 9005,#111111
51,67,27,158,2,Black,RAL 9005,#111111
51,67,28,157,2,Black,RAL 9005,#111111
51,67,29,156,2,Black,RAL 9005,#111111
51,67,30,155,8,Gray,RAL 7040,#8E98A3
51,67,31,154,1,White,RAL 9016,#F5F5F5
51,67,32,153,1,White,RAL 9016,#F5F5F5
51,67,33,152,8,Gray,RAL 7040,#8E98A3
51,67,34,151,2,Black,RAL 9005,#111111
51,67,35,150,2,Black,RAL 9005,#111111
51,67,36,149,2,Black,RAL 9005,#111111
51,67,37,148,8,Gray,RAL 7040,#8E98A3
51,67,38,147,1,White,RAL 9016,#F5F5F5
51,67,39,146,1,White,RAL 9016,#F5F5F5
51,67,40,145,8,Gray,RAL 7040,#8E98A3
51,67,41,144,2,Black,RAL 9005,#111111
51,67,42,143,2,Black,RAL 9005,#111111
51,67,43,142,2,Black,RAL 9005,#111111
51,67,44,141,2,Black,RAL 9005,#111111
51,67,45,140,2,Black,RAL 9005,#111111
51,67,46,139,8,Gray,RAL 7040,#8E98A3
51,67,47,138,1,White,RAL 9016,#F5F5F5
51,67,48,137,1,White,RAL 9016,#F5F5F5
51,67,49,136,8,Gray,RAL 7040,#8E98A3
51,67,50,135,2,Black,RAL 9005,#111111
51,67,51,134,2,Black,RAL 9005,#111111
51,67,52,133,1,White,RAL 9016,#F5F5F5
51,67,53,132,1,White,RAL 9016,#F5F5F5
51,67,54,131,1,White,RAL 9016,#F5F5F5
51,67,55,130,2,Black,RAL 9005,#111111
51,67,56,129,2,Black,RAL 9005,#111111
51,67,57,128,2,Black,RAL 9005,#111111
51,67,58,127,8,Gray,RAL 7040,#8E98A3
51,67,59,126,1,White,RAL 9016,#F5F5F5
51,67,60,125,1,White,RAL 9016,#F5F5F5
51,67,61,124,8,Gray,RAL 7040,#8E98A3
51,67,62,123,2,Black,RAL 9005,#111111
51,67,63,122,2,Black,RAL 9005,#111111
51,67,64,121,1,White,RAL 9016,#F5F5F5
51,67,65,120,1,White,RAL 9016,#F5F5F5
51,67,66,119,8,Gray,RAL 7040,#8E98A3
51,67,67,118,1,White,RAL 9016,#F5F5F5
51,67,68,117,1,White,RAL 9016,#F5F5F5
51,67,69,116,1,White,RAL 9016,#F5F5F5
51,67,70,115,8,Gray,RAL 7040,#8E98A3
51,67,71,114,2,Black,RAL 9005,#111111
51,67,72,113,2,Black,RAL 9005,#111111
51,67,73,112,2,Black,RAL 9005,#111111
51,67,74,111,2,Black,RAL 9005,#111111
51,67,75,110,2,Black,RAL 9005,#111111
51,67,76,109,1,White,RAL 9016,#F5F5F5
51,67,77,108,1,White,RAL 9016,#F5F5F5
51,67,78,107,8,Gray,RAL 7040,#8E98A3
51,67,79,106,2,Black,RAL 9005,#111111
51,67,80,105,8,Gray,RAL 7040,#8E98A3
51,67,81,104,14,E2E Color Updated 1771984248948,RAL DUP 1771984248948,#CCBBAA
51,67,82,103,1,White,RAL 9016,#F5F5F5
51,67,83,102,1,White,RAL 9016,#F5F5F5
51,67,84,101,8,Gray,RAL 7040,#8E98A3
51,67,85,100,8,Gray,RAL 7040,#8E98A3
51,67,86,99,8,Gray,RAL 7040,#8E98A3
51,67,87,98,8,Gray,RAL 7040,#8E98A3
51,67,88,97,8,Gray,RAL 7040,#8E98A3
51,67,89,96,8,Gray,RAL 7040,#8E98A3
51,67,90,95,8,Gray,RAL 7040,#8E98A3
51,67,91,94,8,Gray,RAL 7040,#8E98A3
51,67,92,93,2,Black,RAL 9005,#111111
51,67,93,92,2,Black,RAL 9005,#111111
51,67,94,91,2,Black,RAL 9005,#111111
51,67,95,90,2,Black,RAL 9005,#111111
51,67,96,89,2,Black,RAL 9005,#111111
51,67,97,88,2,Black,RAL 9005,#111111
51,67,98,87,2,Black,RAL 9005,#111111
51,67,99,86,8,Gray,RAL 7040,#8E98A3
51,67,100,85,8,Gray,RAL 7040,#8E98A3
51,67,101,84,8,Gray,RAL 7040,#8E98A3
51,67,102,83,8,Gray,RAL 7040,#8E98A3
51,67,103,82,8,Gray,RAL 7040,#8E98A3
51,67,104,81,8,Gray,RAL 7040,#8E98A3
51,67,105,80,8,Gray,RAL 7040,#8E98A3
51,67,106,79,8,Gray,RAL 7040,#8E98A3
51,67,107,78,8,Gray,RAL 7040,#8E98A3
51,67,108,77,8,Gray,RAL 7040,#8E98A3
51,67,109,76,8,Gray,RAL 7040,#8E98A3
51,67,110,75,8,Gray,RAL 7040,#8E98A3
51,67,111,74,8,Gray,RAL 7040,#8E98A3
51,67,112,73,8,Gray,RAL 7040,#8E98A3
51,67,113,72,8,Gray,RAL 7040,#8E98A3
51,67,114,71,8,Gray,RAL 7040,#8E98A3
51,67,115,70,8,Gray,RAL 7040,#8E98A3
51,67,116,69,8,Gray,RAL 7040,#8E98A3
51,67,117,68,8,Gray,RAL 7040,#8E98A3
51,67,118,67,8,Gray,RAL 7040,#8E98A3
51,67,119,66,8,Gray,RAL 7040,#8E98A3
51,67,120,65,8,Gray,RAL 7040,#8E98A3
51,67,121,64,8,Gray,RAL 7040,#8E98A3
51,67,122,63,8,Gray,RAL 7040,#8E98A3
51,67,123,62,8,Gray,RAL 7040,#8E98A3
51,67,124,61,8,Gray,RAL 7040,#8E98A3
51,67,125,60,8,Gray,RAL 7040,#8E98A3
51,67,126,59,8,Gray,RAL 7040,#8E98A3
51,67,127,58,6,Green,RAL 6018,#2CA36A
51,67,128,57,6,Green,RAL 6018,#2CA36A
51,67,129,56,6,Green,RAL 6018,#2CA36A
51,67,130,55,6,Green,RAL 6018,#2CA36A
51,67,131,54,6,Green,RAL 6018,#2CA36A
51,67,132,53,6,Green,RAL 6018,#2CA36A
51,67,133,52,6,Green,RAL 6018,#2CA36A
51,67,134,51,6,Green,RAL 6018,#2CA36A
51,67,135,50,6,Green,RAL 6018,#2CA36A
51,67,136,49,6,Green,RAL 6018,#2CA36A
51,67,137,48,6,Green,RAL 6018,#2CA36A
51,67,138,47,6,Green,RAL 6018,#2CA36A
51,67,139,46,6,Green,RAL 6018,#2CA36A
51,67,140,45,6,Green,RAL 6018,#2CA36A
51,67,141,44,6,Green,RAL 6018,#2CA36A
51,67,142,43,6,Green,RAL 6018,#2CA36A
51,67,143,42,6,Green,RAL 6018,#2CA36A
51,67,144,41,6,Green,RAL 6018,#2CA36A
51,67,145,40,6,Green,RAL 6018,#2CA36A
51,67,146,39,6,Green,RAL 6018,#2CA36A
51,67,147,38,6,Green,RAL 6018,#2CA36A
51,67,148,37,6,Green,RAL 6018,#2CA36A
51,67,149,36,6,Green,RAL 6018,#2CA36A
51,67,150,35,6,Green,RAL 6018,#2CA36A
51,67,151,34,6,Green,RAL 6018,#2CA36A
51,67,152,33,6,Green,RAL 6018,#2CA36A
51,67,153,32,6,Green,RAL 6018,#2CA36A
51,67,154,31,6,Green,RAL 6018,#2CA36A
51,67,155,30,6,Green,RAL 6018,#2CA36A
51,67,156,29,6,Green,RAL 6018,#2CA36A
51,67,157,28,6,Green,RAL 6018,#2CA36A
51,67,158,27,8,Gray,RAL 7040,#8E98A3
51,67,159,26,8,Gray,RAL 7040,#8E98A3
51,67,160,25,8,Gray,RAL 7040,#8E98A3
51,67,161,24,8,Gray,RAL 7040,#8E98A3
51,67,162,23,8,Gray,RAL 7040,#8E98A3
51,67,163,22,8,Gray,RAL 7040,#8E98A3
51,67,164,21,8,Gray,RAL 7040,#8E98A3
51,67,165,20,8,Gray,RAL 7040,#8E98A3
51,67,166,19,8,Gray,RAL 7040,#8E98A3
51,67,167,18,8,Gray,RAL 7040,#8E98A3
51,67,168,17,8,Gray,RAL 7040,#8E98A3
51,67,169,16,8,Gray,RAL 7040,#8E98A3
51,67,170,15,8,Gray,RAL 7040,#8E98A3
51,67,171,14,8,Gray,RAL 7040,#8E98A3
51,67,172,13,8,Gray,RAL 7040,#8E98A3
51,67,173,12,8,Gray,RAL 7040,#8E98A3
51,67,174,11,8,Gray,RAL 7040,#8E98A3
51,67,175,10,8,Gray,RAL 7040,#8E98A3
51,67,176,9,8,Gray,RAL 7040,#8E98A3
51,67,177,8,8,Gray,RAL 7040,#8E98A3
51,67,178,7,8,Gray,RAL 7040,#8E98A3
51,67,179,6,8,Gray,RAL 7040,#8E98A3
51,67,180,5,8,Gray,RAL 7040,#8E98A3
51,67,181,4,8,Gray,RAL 7040,#8E98A3
51,67,182,3,8,Gray,RAL 7040,#8E98A3
51,67,183,2,8,Gray,RAL 7040,#8E98A3
51,67,184,1,8,Gray,RAL 7040,#8E98A3
52,66,1,184,2,Black,RAL 9005,#111111
52,66,2,183,2,Black,RAL 9005,#111111
52,66,3,182,2,Black,RAL 9005,#111111
52,66,4,181,2,Black,RAL 9005,#111111
52,66,5,180,2,Black,RAL 9005,#111111
52,66,6,179,1,White,RAL 9016,#F5F5F5
52,66,7,178,1,White,RAL 9016,#F5F5F5
52,66,8,177,8,Gray,RAL 7040,#8E98A3
52,66,9,176,2,Black,RAL 9005,#111111
52,66,10,175,8,Gray,RAL 7040,#8E98A3
52,66,11,174,1,White,RAL 9016,#F5F5F5
52,66,12,173,8,Gray,RAL 7040,#8E98A3
52,66,13,172,8,Gray,RAL 7040,#8E98A3
52,66,14,171,1,White,RAL 9016,#F5F5F5
52,66,15,170,8,Gray,RAL 7040,#8E98A3
52,66,16,169,2,Black,RAL 9005,#111111
52,66,17,168,1,White,RAL 9016,#F5F5F5
52,66,18,167,1,White,RAL 9016,#F5F5F5
52,66,19,166,8,Gray,RAL 7040,#8E98A3
52,66,20,165,2,Black,RAL 9005,#111111
52,66,21,164,2,Black,RAL 9005,#111111
52,66,22,163,8,Gray,RAL 7040,#8E98A3
52,66,23,162,1,White,RAL 9016,#F5F5F5
52,66,24,161,1,White,RAL 9016,#F5F5F5
52,66,25,160,8,Gray,RAL 7040,#8E98A3
52,66,26,159,2,Black,RAL 9005,#111111
52,66,27,158,2,Black,RAL 9005,#111111
52,66,28,157,2,Black,RAL 9005,#111111
52,66,29,156,2,Black,RAL 9005,#111111
52,66,30,155,8,Gray,RAL 7040,#8E98A3
52,66,31,154,1,White,RAL 9016,#F5F5F5
52,66,32,153,1,White,RAL 9016,#F5F5F5
52,66,33,152,8,Gray,RAL 7040,#8E98A3
52,66,34,151,2,Black,RAL 9005,#111111
52,66,35,150,2,Black,RAL 9005,#111111
52,66,36,149,8,Gray,RAL 7040,#8E98A3
52,66,37,148,1,White,RAL 9016,#F5F5F5
52,66,38,147,1,White,RAL 9016,#F5F5F5
52,66,39,146,8,Gray,RAL 7040,#8E98A3
52,66,40,145,2,Black,RAL 9005,#111111
52,66,41,144,2,Black,RAL 9005,#111111
52,66,42,143,2,Black,RAL 9005,#111111
52,66,43,142,2,Black,RAL 9005,#111111
52,66,44,141,2,Black,RAL 9005,#111111
52,66,45,140,2,Black,RAL 9005,#111111
52,66,46,139,8,Gray,RAL 7040,#8E98A3
52,66,47,138,1,White,RAL 9016,#F5F5F5
52,66,48,137,1,White,RAL 9016,#F5F5F5
52,66,49,136,1,White,RAL 9016,#F5F5F5
52,66,50,135,1,White,RAL 9016,#F5F5F5
52,66,51,134,1,White,RAL 9016,#F5F5F5
52,66,52,133,1,White,RAL 9016,#F5F5F5
52,66,53,132,1,White,RAL 9016,#F5F5F5
52,66,54,131,1,White,RAL 9016,#F5F5F5
52,66,55,130,8,Gray,RAL 7040,#8E98A3
52,66,56,129,2,Black,RAL 9005,#111111
52,66,57,128,2,Black,RAL 9005,#111111
52,66,58,127,8,Gray,RAL 7040,#8E98A3
52,66,59,126,1,White,RAL 9016,#F5F5F5
52,66,60,125,1,White,RAL 9016,#F5F5F5
52,66,61,124,8,Gray,RAL 7040,#8E98A3
52,66,62,123,2,Black,RAL 9005,#111111
52,66,63,122,2,Black,RAL 9005,#111111
52,66,64,121,1,White,RAL 9016,#F5F5F5
52,66,65,120,1,White,RAL 9016,#F5F5F5
52,66,66,119,8,Gray,RAL 7040,#8E98A3
52,66,67,118,8,Gray,RAL 7040,#8E98A3
52,66,68,117,1,White,RAL 9016,#F5F5F5
52,66,69,116,1,White,RAL 9016,#F5F5F5
52,66,70,115,1,White,RAL 9016,#F5F5F5
52,66,71,114,2,Black,RAL 9005,#111111
52,66,72,113,2,Black,RAL 9005,#111111
52,66,73,112,2,Black,RAL 9005,#111111
52,66,74,111,2,Black,RAL 9005,#111111
52,66,75,110,8,Gray,RAL 7040,#8E98A3
52,66,76,109,1,White,RAL 9016,#F5F5F5
52,66,77,108,1,White,RAL 9016,#F5F5F5
52,66,78,107,1,White,RAL 9016,#F5F5F5
52,66,79,106,1,White,RAL 9016,#F5F5F5
52,66,80,105,1,White,RAL 9016,#F5F5F5
52,66,81,104,1,White,RAL 9016,#F5F5F5
52,66,82,103,1,White,RAL 9016,#F5F5F5
52,66,83,102,1,White,RAL 9016,#F5F5F5
52,66,84,101,8,Gray,RAL 7040,#8E98A3
52,66,85,100,8,Gray,RAL 7040,#8E98A3
52,66,86,99,8,Gray,RAL 7040,#8E98A3
52,66,87,98,8,Gray,RAL 7040,#8E98A3
52,66,88,97,8,Gray,RAL 7040,#8E98A3
52,66,89,96,8,Gray,RAL 7040,#8E98A3
52,66,90,95,8,Gray,RAL 7040,#8E98A3
52,66,91,94,8,Gray,RAL 7040,#8E98A3
52,66,92,93,8,Gray,RAL 7040,#8E98A3
52,66,93,92,2,Black,RAL 9005,#111111
52,66,94,91,2,Black,RAL 9005,#111111
52,66,95,90,2,Black,RAL 9005,#111111
52,66,96,89,2,Black,RAL 9005,#111111
52,66,97,88,2,Black,RAL 9005,#111111
52,66,98,87,2,Black,RAL 9005,#111111
52,66,99,86,2,Black,RAL 9005,#111111
52,66,100,85,8,Gray,RAL 7040,#8E98A3
52,66,101,84,8,Gray,RAL 7040,#8E98A3
52,66,102,83,8,Gray,RAL 7040,#8E98A3
52,66,103,82,8,Gray,RAL 7040,#8E98A3
52,66,104,81,8,Gray,RAL 7040,#8E98A3
52,66,105,80,8,Gray,RAL 7040,#8E98A3
52,66,106,79,8,Gray,RAL 7040,#8E98A3
52,66,107,78,8,Gray,RAL 7040,#8E98A3
52,66,108,77,8,Gray,RAL 7040,#8E98A3
52,66,109,76,8,Gray,RAL 7040,#8E98A3
52,66,110,75,8,Gray,RAL 7040,#8E98A3
52,66,111,74,8,Gray,RAL 7040,#8E98A3
52,66,112,73,8,Gray,RAL 7040,#8E98A3
52,66,113,72,8,Gray,RAL 7040,#8E98A3
52,66,114,71,3,Red,RAL 3020,#C1121F
52,66,115,70,3,Red,RAL 3020,#C1121F
52,66,116,69,3,Red,RAL 3020,#C1121F
52,66,117,68,3,Red,RAL 3020,#C1121F
52,66,118,67,3,Red,RAL 3020,#C1121F
52,66,119,66,3,Red,RAL 3020,#C1121F
52,66,120,65,3,Red,RAL 3020,#C1121F
52,66,121,64,3,Red,RAL 3020,#C1121F
52,66,122,63,3,Red,RAL 3020,#C1121F
52,66,123,62,8,Gray,RAL 7040,#8E98A3
52,66,124,61,8,Gray,RAL 7040,#8E98A3
52,66,125,60,8,Gray,RAL 7040,#8E98A3
52,66,126,59,8,Gray,RAL 7040,#8E98A3
52,66,127,58,6,Green,RAL 6018,#2CA36A
52,66,128,57,6,Green,RAL 6018,#2CA36A
52,66,129,56,6,Green,RAL 6018,#2CA36A
52,66,130,55,6,Green,RAL 6018,#2CA36A
52,66,131,54,6,Green,RAL 6018,#2CA36A
52,66,132,53,6,Green,RAL 6018,#2CA36A
52,66,133,52,6,Green,RAL 6018,#2CA36A
52,66,134,51,6,Green,RAL 6018,#2CA36A
52,66,135,50,6,Green,RAL 6018,#2CA36A
52,66,136,49,6,Green,RAL 6018,#2CA36A
52,66,137,48,6,Green,RAL 6018,#2CA36A
52,66,138,47,6,Green,RAL 6018,#2CA36A
52,66,139,46,6,Green,RAL 6018,#2CA36A
52,66,140,45,6,Green,RAL 6018,#2CA36A
52,66,141,44,6,Green,RAL 6018,#2CA36A
52,66,142,43,6,Green,RAL 6018,#2CA36A
52,66,143,42,6,Green,RAL 6018,#2CA36A
52,66,144,41,6,Green,RAL 6018,#2CA36A
52,66,145,40,6,Green,RAL 6018,#2CA36A
52,66,146,39,6,Green,RAL 6018,#2CA36A
52,66,147,38,6,Green,RAL 6018,#2CA36A
52,66,148,37,6,Green,RAL 6018,#2CA36A
52,66,149,36,6,Green,RAL 6018,#2CA36A
52,66,150,35,6,Green,RAL 6018,#2CA36A
52,66,151,34,6,Green,RAL 6018,#2CA36A
52,66,152,33,6,Green,RAL 6018,#2CA36A
52,66,153,32,6,Green,RAL 6018,#2CA36A
52,66,154,31,6,Green,RAL 6018,#2CA36A
52,66,155,30,6,Green,RAL 6018,#2CA36A
52,66,156,29,6,Green,RAL 6018,#2CA36A
52,66,157,28,6,Green,RAL 6018,#2CA36A
52,66,158,27,8,Gray,RAL 7040,#8E98A3
52,66,159,26,8,Gray,RAL 7040,#8E98A3
52,66,160,25,8,Gray,RAL 7040,#8E98A3
52,66,161,24,8,Gray,RAL 7040,#8E98A3
52,66,162,23,8,Gray,RAL 7040,#8E98A3
52,66,163,22,8,Gray,RAL 7040,#8E98A3
52,66,164,21,8,Gray,RAL 7040,#8E98A3
52,66,165,20,8,Gray,RAL 7040,#8E98A3
52,66,166,19,8,Gray,RAL 7040,#8E98A3
52,66,167,18,8,Gray,RAL 7040,#8E98A3
52,66,168,17,8,Gray,RAL 7040,#8E98A3
52,66,169,16,8,Gray,RAL 7040,#8E98A3
52,66,170,15,8,Gray,RAL 7040,#8E98A3
52,66,171,14,8,Gray,RAL 7040,#8E98A3
52,66,172,13,8,Gray,RAL 7040,#8E98A3
52,66,173,12,8,Gray,RAL 7040,#8E98A3
52,66,174,11,8,Gray,RAL 7040,#8E98A3
52,66,175,10,8,Gray,RAL 7040,#8E98A3
52,66,176,9,8,Gray,RAL 7040,#8E98A3
52,66,177,8,8,Gray,RAL 7040,#8E98A3
52,66,178,7,8,Gray,RAL 7040,#8E98A3
52,66,179,6,8,Gray,RAL 7040,#8E98A3
52,66,180,5,8,Gray,RAL 7040,#8E98A3
52,66,181,4,8,Gray,RAL 7040,#8E98A3
52,66,182,3,8,Gray,RAL 7040,#8E98A3
52,66,183,2,8,Gray,RAL 7040,#8E98A3
52,66,184,1,8,Gray,RAL 7040,#8E98A3
53,65,1,184,2,Black,RAL 9005,#111111
53,65,2,183,2,Black,RAL 9005,#111111
53,65,3,182,2,Black,RAL 9005,#111111
53,65,4,181,2,Black,RAL 9005,#111111
53,65,5,180,2,Black,RAL 9005,#111111
53,65,6,179,1,White,RAL 9016,#F5F5F5
53,65,7,178,1,White,RAL 9016,#F5F5F5
53,65,8,177,8,Gray,RAL 7040,#8E98A3
53,65,9,176,2,Black,RAL 9005,#111111
53,65,10,175,8,Gray,RAL 7040,#8E98A3
53,65,11,174,1,White,RAL 9016,#F5F5F5
53,65,12,173,1,White,RAL 9016,#F5F5F5
53,65,13,172,1,White,RAL 9016,#F5F5F5
53,65,14,171,1,White,RAL 9016,#F5F5F5
53,65,15,170,2,Black,RAL 9005,#111111
53,65,16,169,2,Black,RAL 9005,#111111
53,65,17,168,1,White,RAL 9016,#F5F5F5
53,65,18,167,1,White,RAL 9016,#F5F5F5
53,65,19,166,8,Gray,RAL 7040,#8E98A3
53,65,20,165,2,Black,RAL 9005,#111111
53,65,21,164,2,Black,RAL 9005,#111111
53,65,22,163,8,Gray,RAL 7040,#8E98A3
53,65,23,162,1,White,RAL 9016,#F5F5F5
53,65,24,161,1,White,RAL 9016,#F5F5F5
53,65,25,160,8,Gray,RAL 7040,#8E98A3
53,65,26,159,2,Black,RAL 9005,#111111
53,65,27,158,2,Black,RAL 9005,#111111
53,65,28,157,2,Black,RAL 9005,#111111
53,65,29,156,2,Black,RAL 9005,#111111
53,65,30,155,1,White,RAL 9016,#F5F5F5
53,65,31,154,1,White,RAL 9016,#F5F5F5
53,65,32,153,1,White,RAL 9016,#F5F5F5
53,65,33,152,8,Gray,RAL 7040,#8E98A3
53,65,34,151,2,Black,RAL 9005,#111111
53,65,35,150,8,Gray,RAL 7040,#8E98A3
53,65,36,149,1,White,RAL 9016,#F5F5F5
53,65,37,148,1,White,RAL 9016,#F5F5F5
53,65,38,147,1,White,RAL 9016,#F5F5F5
53,65,39,146,8,Gray,RAL 7040,#8E98A3
53,65,40,145,2,Black,RAL 9005,#111111
53,65,41,144,2,Black,RAL 9005,#111111
53,65,42,143,2,Black,RAL 9005,#111111
53,65,43,142,2,Black,RAL 9005,#111111
53,65,44,141,2,Black,RAL 9005,#111111
53,65,45,140,2,Black,RAL 9005,#111111
53,65,46,139,1,White,RAL 9016,#F5F5F5
53,65,47,138,1,White,RAL 9016,#F5F5F5
53,65,48,137,1,White,RAL 9016,#F5F5F5
53,65,49,136,1,White,RAL 9016,#F5F5F5
53,65,50,135,1,White,RAL 9016,#F5F5F5
53,65,51,134,1,White,RAL 9016,#F5F5F5
53,65,52,133,1,White,RAL 9016,#F5F5F5
53,65,53,132,1,White,RAL 9016,#F5F5F5
53,65,54,131,1,White,RAL 9016,#F5F5F5
53,65,55,130,8,Gray,RAL 7040,#8E98A3
53,65,56,129,2,Black,RAL 9005,#111111
53,65,57,128,2,Black,RAL 9005,#111111
53,65,58,127,8,Gray,RAL 7040,#8E98A3
53,65,59,126,1,White,RAL 9016,#F5F5F5
53,65,60,125,1,White,RAL 9016,#F5F5F5
53,65,61,124,8,Gray,RAL 7040,#8E98A3
53,65,62,123,2,Black,RAL 9005,#111111
53,65,63,122,2,Black,RAL 9005,#111111
53,65,64,121,1,White,RAL 9016,#F5F5F5
53,65,65,120,1,White,RAL 9016,#F5F5F5
53,65,66,119,8,Gray,RAL 7040,#8E98A3
53,65,67,118,2,Black,RAL 9005,#111111
53,65,68,117,8,Gray,RAL 7040,#8E98A3
53,65,69,116,1,White,RAL 9016,#F5F5F5
53,65,70,115,1,White,RAL 9016,#F5F5F5
53,65,71,114,8,Gray,RAL 7040,#8E98A3
53,65,72,113,2,Black,RAL 9005,#111111
53,65,73,112,2,Black,RAL 9005,#111111
53,65,74,111,2,Black,RAL 9005,#111111
53,65,75,110,8,Gray,RAL 7040,#8E98A3
53,65,76,109,1,White,RAL 9016,#F5F5F5
53,65,77,108,1,White,RAL 9016,#F5F5F5
53,65,78,107,1,White,RAL 9016,#F5F5F5
53,65,79,106,1,White,RAL 9016,#F5F5F5
53,65,80,105,1,White,RAL 9016,#F5F5F5
53,65,81,104,1,White,RAL 9016,#F5F5F5
53,65,82,103,1,White,RAL 9016,#F5F5F5
53,65,83,102,1,White,RAL 9016,#F5F5F5
53,65,84,101,14,E2E Color Updated 1771984248948,RAL DUP 1771984248948,#CCBBAA
53,65,85,100,8,Gray,RAL 7040,#8E98A3
53,65,86,99,8,Gray,RAL 7040,#8E98A3
53,65,87,98,8,Gray,RAL 7040,#8E98A3
53,65,88,97,8,Gray,RAL 7040,#8E98A3
53,65,89,96,8,Gray,RAL 7040,#8E98A3
53,65,90,95,8,Gray,RAL 7040,#8E98A3
53,65,91,94,8,Gray,RAL 7040,#8E98A3
53,65,92,93,8,Gray,RAL 7040,#8E98A3
53,65,93,92,8,Gray,RAL 7040,#8E98A3
53,65,94,91,2,Black,RAL 9005,#111111
53,65,95,90,2,Black,RAL 9005,#111111
53,65,96,89,2,Black,RAL 9005,#111111
53,65,97,88,2,Black,RAL 9005,#111111
53,65,98,87,2,Black,RAL 9005,#111111
53,65,99,86,2,Black,RAL 9005,#111111
53,65,100,85,2,Black,RAL 9005,#111111
53,65,101,84,8,Gray,RAL 7040,#8E98A3
53,65,102,83,8,Gray,RAL 7040,#8E98A3
53,65,103,82,8,Gray,RAL 7040,#8E98A3
53,65,104,81,8,Gray,RAL 7040,#8E98A3
53,65,105,80,8,Gray,RAL 7040,#8E98A3
53,65,106,79,8,Gray,RAL 7040,#8E98A3
53,65,107,78,8,Gray,RAL 7040,#8E98A3
53,65,108,77,8,Gray,RAL 7040,#8E98A3
53,65,109,76,8,Gray,RAL 7040,#8E98A3
53,65,110,75,8,Gray,RAL 7040,#8E98A3
53,65,111,74,3,Red,RAL 3020,#C1121F
53,65,112,73,3,Red,RAL 3020,#C1121F
53,65,113,72,3,Red,RAL 3020,#C1121F
53,65,114,71,3,Red,RAL 3020,#C1121F
53,65,115,70,3,Red,RAL 3020,#C1121F
53,65,116,69,3,Red,RAL 3020,#C1121F
53,65,117,68,3,Red,RAL 3020,#C1121F
53,65,118,67,3,Red,RAL 3020,#C1121F
53,65,119,66,3,Red,RAL 3020,#C1121F
53,65,120,65,3,Red,RAL 3020,#C1121F
53,65,121,64,3,Red,RAL 3020,#C1121F
53,65,122,63,3,Red,RAL 3020,#C1121F
53,65,123,62,3,Red,RAL 3020,#C1121F
53,65,124,61,3,Red,RAL 3020,#C1121F
53,65,125,60,8,Gray,RAL 7040,#8E98A3
53,65,126,59,8,Gray,RAL 7040,#8E98A3
53,65,127,58,6,Green,RAL 6018,#2CA36A
53,65,128,57,6,Green,RAL 6018,#2CA36A
53,65,129,56,6,Green,RAL 6018,#2CA36A
53,65,130,55,6,Green,RAL 6018,#2CA36A
53,65,131,54,6,Green,RAL 6018,#2CA36A
53,65,132,53,6,Green,RAL 6018,#2CA36A
53,65,133,52,6,Green,RAL 6018,#2CA36A
53,65,134,51,6,Green,RAL 6018,#2CA36A
53,65,135,50,6,Green,RAL 6018,#2CA36A
53,65,136,49,6,Green,RAL 6018,#2CA36A
53,65,137,48,6,Green,RAL 6018,#2CA36A
53,65,138,47,6,Green,RAL 6018,#2CA36A
53,65,139,46,6,Green,RAL 6018,#2CA36A
53,65,140,45,6,Green,RAL 6018,#2CA36A
53,65,141,44,6,Green,RAL 6018,#2CA36A
53,65,142,43,6,Green,RAL 6018,#2CA36A
53,65,143,42,6,Green,RAL 6018,#2CA36A
53,65,144,41,6,Green,RAL 6018,#2CA36A
53,65,145,40,6,Green,RAL 6018,#2CA36A
53,65,146,39,6,Green,RAL 6018,#2CA36A
53,65,147,38,6,Green,RAL 6018,#2CA36A
53,65,148,37,6,Green,RAL 6018,#2CA36A
53,65,149,36,6,Green,RAL 6018,#2CA36A
53,65,150,35,6,Green,RAL 6018,#2CA36A
53,65,151,34,6,Green,RAL 6018,#2CA36A
53,65,152,33,6,Green,RAL 6018,#2CA36A
53,65,153,32,6,Green,RAL 6018,#2CA36A
53,65,154,31,6,Green,RAL 6018,#2CA36A
53,65,155,30,6,Green,RAL 6018,#2CA36A
53,65,156,29,6,Green,RAL 6018,#2CA36A
53,65,157,28,6,Green,RAL 6018,#2CA36A
53,65,158,27,8,Gray,RAL 7040,#8E98A3
53,65,159,26,8,Gray,RAL 7040,#8E98A3
53,65,160,25,8,Gray,RAL 7040,#8E98A3
53,65,161,24,8,Gray,RAL 7040,#8E98A3
53,65,162,23,8,Gray,RAL 7040,#8E98A3
53,65,163,22,8,Gray,RAL 7040,#8E98A3
53,65,164,21,8,Gray,RAL 7040,#8E98A3
53,65,165,20,8,Gray,RAL 7040,#8E98A3
53,65,166,19,8,Gray,RAL 7040,#8E98A3
53,65,167,18,8,Gray,RAL 7040,#8E98A3
53,65,168,17,8,Gray,RAL 7040,#8E98A3
53,65,169,16,8,Gray,RAL 7040,#8E98A3
53,65,170,15,8,Gray,RAL 7040,#8E98A3
53,65,171,14,8,Gray,RAL 7040,#8E98A3
53,65,172,13,8,Gray,RAL 7040,#8E98A3
53,65,173,12,8,Gray,RAL 7040,#8E98A3
53,65,174,11,8,Gray,RAL 7040,#8E98A3
53,65,175,10,8,Gray,RAL 7040,#8E98A3
53,65,176,9,8,Gray,RAL 7040,#8E98A3
53,65,177,8,8,Gray,RAL 7040,#8E98A3
53,65,178,7,8,Gray,RAL 7040,#8E98A3
53,65,179,6,8,Gray,RAL 7040,#8E98A3
53,65,180,5,8,Gray,RAL 7040,#8E98A3
53,65,181,4,8,Gray,RAL 7040,#8E98A3
53,65,182,3,8,Gray,RAL 7040,#8E98A3
53,65,183,2,8,Gray,RAL 7040,#8E98A3
53,65,184,1,8,Gray,RAL 7040,#8E98A3
54,64,1,184,2,Black,RAL 9005,#111111
54,64,2,183,2,Black,RAL 9005,#111111
54,64,3,182,2,Black,RAL 9005,#111111
54,64,4,181,2,Black,RAL 9005,#111111
54,64,5,180,2,Black,RAL 9005,#111111
54,64,6,179,1,White,RAL 9016,#F5F5F5
54,64,7,178,1,White,RAL 9016,#F5F5F5
54,64,8,177,8,Gray,RAL 7040,#8E98A3
54,64,9,176,2,Black,RAL 9005,#111111
54,64,10,175,2,Black,RAL 9005,#111111
54,64,11,174,1,White,RAL 9016,#F5F5F5
54,64,12,173,1,White,RAL 9016,#F5F5F5
54,64,13,172,1,White,RAL 9016,#F5F5F5
54,64,14,171,8,Gray,RAL 7040,#8E98A3
54,64,15,170,2,Black,RAL 9005,#111111
54,64,16,169,2,Black,RAL 9005,#111111
54,64,17,168,1,White,RAL 9016,#F5F5F5
54,64,18,167,1,White,RAL 9016,#F5F5F5
54,64,19,166,8,Gray,RAL 7040,#8E98A3
54,64,20,165,2,Black,RAL 9005,#111111
54,64,21,164,2,Black,RAL 9005,#111111
54,64,22,163,2,Black,RAL 9005,#111111
54,64,23,162,1,White,RAL 9016,#F5F5F5
54,64,24,161,1,White,RAL 9016,#F5F5F5
54,64,25,160,1,White,RAL 9016,#F5F5F5
54,64,26,159,14,E2E Color Updated 1771984248948,RAL DUP 1771984248948,#CCBBAA
54,64,27,158,8,Gray,RAL 7040,#8E98A3
54,64,28,157,8,Gray,RAL 7040,#8E98A3
54,64,29,156,1,White,RAL 9016,#F5F5F5
54,64,30,155,1,White,RAL 9016,#F5F5F5
54,64,31,154,1,White,RAL 9016,#F5F5F5
54,64,32,153,8,Gray,RAL 7040,#8E98A3
54,64,33,152,2,Black,RAL 9005,#111111
54,64,34,151,2,Black,RAL 9005,#111111
54,64,35,150,8,Gray,RAL 7040,#8E98A3
54,64,36,149,1,White,RAL 9016,#F5F5F5
54,64,37,148,1,White,RAL 9016,#F5F5F5
54,64,38,147,8,Gray,RAL 7040,#8E98A3
54,64,39,146,8,Gray,RAL 7040,#8E98A3
54,64,40,145,8,Gray,RAL 7040,#8E98A3
54,64,41,144,8,Gray,RAL 7040,#8E98A3
54,64,42,143,8,Gray,RAL 7040,#8E98A3
54,64,43,142,8,Gray,RAL 7040,#8E98A3
54,64,44,141,8,Gray,RAL 7040,#8E98A3
54,64,45,140,8,Gray,RAL 7040,#8E98A3
54,64,46,139,1,White,RAL 9016,#F5F5F5
54,64,47,138,1,White,RAL 9016,#F5F5F5
54,64,48,137,8,Gray,RAL 7040,#8E98A3
54,64,49,136,8,Gray,RAL 7040,#8E98A3
54,64,50,135,8,Gray,RAL 7040,#8E98A3
54,64,51,134,8,Gray,RAL 7040,#8E98A3
54,64,52,133,8,Gray,RAL 7040,#8E98A3
54,64,53,132,1,White,RAL 9016,#F5F5F5
54,64,54,131,1,White,RAL 9016,#F5F5F5
54,64,55,130,1,White,RAL 9016,#F5F5F5
54,64,56,129,2,Black,RAL 9005,#111111
54,64,57,128,2,Black,RAL 9005,#111111
54,64,58,127,8,Gray,RAL 7040,#8E98A3
54,64,59,126,1,White,RAL 9016,#F5F5F5
54,64,60,125,1,White,RAL 9016,#F5F5F5
54,64,61,124,8,Gray,RAL 7040,#8E98A3
54,64,62,123,2,Black,RAL 9005,#111111
54,64,63,122,2,Black,RAL 9005,#111111
54,64,64,121,1,White,RAL 9016,#F5F5F5
54,64,65,120,1,White,RAL 9016,#F5F5F5
54,64,66,119,8,Gray,RAL 7040,#8E98A3
54,64,67,118,2,Black,RAL 9005,#111111
54,64,68,117,2,Black,RAL 9005,#111111
54,64,69,116,1,White,RAL 9016,#F5F5F5
54,64,70,115,1,White,RAL 9016,#F5F5F5
54,64,71,114,1,White,RAL 9016,#F5F5F5
54,64,72,113,8,Gray,RAL 7040,#8E98A3
54,64,73,112,2,Black,RAL 9005,#111111
54,64,74,111,8,Gray,RAL 7040,#8E98A3
54,64,75,110,1,White,RAL 9016,#F5F5F5
54,64,76,109,1,White,RAL 9016,#F5F5F5
54,64,77,108,14,E2E Color Updated 1771984248948,RAL DUP 1771984248948,#CCBBAA
54,64,78,107,8,Gray,RAL 7040,#8E98A3
54,64,79,106,8,Gray,RAL 7040,#8E98A3
54,64,80,105,8,Gray,RAL 7040,#8E98A3
54,64,81,104,8,Gray,RAL 7040,#8E98A3
54,64,82,103,1,White,RAL 9016,#F5F5F5
54,64,83,102,1,White,RAL 9016,#F5F5F5
54,64,84,101,1,White,RAL 9016,#F5F5F5
54,64,85,100,8,Gray,RAL 7040,#8E98A3
54,64,86,99,8,Gray,RAL 7040,#8E98A3
54,64,87,98,8,Gray,RAL 7040,#8E98A3
54,64,88,97,8,Gray,RAL 7040,#8E98A3
54,64,89,96,8,Gray,RAL 7040,#8E98A3
54,64,90,95,8,Gray,RAL 7040,#8E98A3
54,64,91,94,8,Gray,RAL 7040,#8E98A3
54,64,92,93,8,Gray,RAL 7040,#8E98A3
54,64,93,92,8,Gray,RAL 7040,#8E98A3
54,64,94,91,8,Gray,RAL 7040,#8E98A3
54,64,95,90,2,Black,RAL 9005,#111111
54,64,96,89,2,Black,RAL 9005,#111111
54,64,97,88,2,Black,RAL 9005,#111111
54,64,98,87,2,Black,RAL 9005,#111111
54,64,99,86,2,Black,RAL 9005,#111111
54,64,100,85,2,Black,RAL 9005,#111111
54,64,101,84,2,Black,RAL 9005,#111111
54,64,102,83,2,Black,RAL 9005,#111111
54,64,103,82,8,Gray,RAL 7040,#8E98A3
54,64,104,81,8,Gray,RAL 7040,#8E98A3
54,64,105,80,8,Gray,RAL 7040,#8E98A3
54,64,106,79,8,Gray,RAL 7040,#8E98A3
54,64,107,78,8,Gray,RAL 7040,#8E98A3
54,64,108,77,8,Gray,RAL 7040,#8E98A3
54,64,109,76,8,Gray,RAL 7040,#8E98A3
54,64,110,75,3,Red,RAL 3020,#C1121F
54,64,111,74,3,Red,RAL 3020,#C1121F
54,64,112,73,3,Red,RAL 3020,#C1121F
54,64,113,72,3,Red,RAL 3020,#C1121F
54,64,114,71,3,Red,RAL 3020,#C1121F
54,64,115,70,3,Red,RAL 3020,#C1121F
54,64,116,69,3,Red,RAL 3020,#C1121F
54,64,117,68,3,Red,RAL 3020,#C1121F
54,64,118,67,3,Red,RAL 3020,#C1121F
54,64,119,66,3,Red,RAL 3020,#C1121F
54,64,120,65,3,Red,RAL 3020,#C1121F
54,64,121,64,3,Red,RAL 3020,#C1121F
54,64,122,63,3,Red,RAL 3020,#C1121F
54,64,123,62,3,Red,RAL 3020,#C1121F
54,64,124,61,3,Red,RAL 3020,#C1121F
54,64,125,60,3,Red,RAL 3020,#C1121F
54,64,126,59,3,Red,RAL 3020,#C1121F
54,64,127,58,8,Gray,RAL 7040,#8E98A3
54,64,128,57,6,Green,RAL 6018,#2CA36A
54,64,129,56,6,Green,RAL 6018,#2CA36A
54,64,130,55,6,Green,RAL 6018,#2CA36A
54,64,131,54,6,Green,RAL 6018,#2CA36A
54,64,132,53,6,Green,RAL 6018,#2CA36A
54,64,133,52,6,Green,RAL 6018,#2CA36A
54,64,134,51,6,Green,RAL 6018,#2CA36A
54,64,135,50,6,Green,RAL 6018,#2CA36A
54,64,136,49,6,Green,RAL 6018,#2CA36A
54,64,137,48,6,Green,RAL 6018,#2CA36A
54,64,138,47,6,Green,RAL 6018,#2CA36A
54,64,139,46,6,Green,RAL 6018,#2CA36A
54,64,140,45,6,Green,RAL 6018,#2CA36A
54,64,141,44,6,Green,RAL 6018,#2CA36A
54,64,142,43,6,Green,RAL 6018,#2CA36A
54,64,143,42,6,Green,RAL 6018,#2CA36A
54,64,144,41,6,Green,RAL 6018,#2CA36A
54,64,145,40,6,Green,RAL 6018,#2CA36A
54,64,146,39,6,Green,RAL 6018,#2CA36A
54,64,147,38,6,Green,RAL 6018,#2CA36A
54,64,148,37,6,Green,RAL 6018,#2CA36A
54,64,149,36,6,Green,RAL 6018,#2CA36A
54,64,150,35,6,Green,RAL 6018,#2CA36A
54,64,151,34,6,Green,RAL 6018,#2CA36A
54,64,152,33,6,Green,RAL 6018,#2CA36A
54,64,153,32,6,Green,RAL 6018,#2CA36A
54,64,154,31,6,Green,RAL 6018,#2CA36A
54,64,155,30,6,Green,RAL 6018,#2CA36A
54,64,156,29,6,Green,RAL 6018,#2CA36A
54,64,157,28,6,Green,RAL 6018,#2CA36A
54,64,158,27,8,Gray,RAL 7040,#8E98A3
54,64,159,26,8,Gray,RAL 7040,#8E98A3
54,64,160,25,8,Gray,RAL 7040,#8E98A3
54,64,161,24,8,Gray,RAL 7040,#8E98A3
54,64,162,23,8,Gray,RAL 7040,#8E98A3
54,64,163,22,8,Gray,RAL 7040,#8E98A3
54,64,164,21,8,Gray,RAL 7040,#8E98A3
54,64,165,20,8,Gray,RAL 7040,#8E98A3
54,64,166,19,8,Gray,RAL 7040,#8E98A3
54,64,167,18,8,Gray,RAL 7040,#8E98A3
54,64,168,17,8,Gray,RAL 7040,#8E98A3
54,64,169,16,8,Gray,RAL 7040,#8E98A3
54,64,170,15,8,Gray,RAL 7040,#8E98A3
54,64,171,14,8,Gray,RAL 7040,#8E98A3
54,64,172,13,8,Gray,RAL 7040,#8E98A3
54,64,173,12,8,Gray,RAL 7040,#8E98A3
54,64,174,11,8,Gray,RAL 7040,#8E98A3
54,64,175,10,8,Gray,RAL 7040,#8E98A3
54,64,176,9,8,Gray,RAL 7040,#8E98A3
54,64,177,8,8,Gray,RAL 7040,#8E98A3
54,64,178,7,8,Gray,RAL 7040,#8E98A3
54,64,179,6,8,Gray,RAL 7040,#8E98A3
54,64,180,5,8,Gray,RAL 7040,#8E98A3
54,64,181,4,8,Gray,RAL 7040,#8E98A3
54,64,182,3,8,Gray,RAL 7040,#8E98A3
54,64,183,2,8,Gray,RAL 7040,#8E98A3
54,64,184,1,8,Gray,RAL 7040,#8E98A3
55,63,1,184,2,Black,RAL 9005,#111111
55,63,2,183,2,Black,RAL 9005,#111111
55,63,3,182,2,Black,RAL 9005,#111111
55,63,4,181,2,Black,RAL 9005,#111111
55,63,5,180,2,Black,RAL 9005,#111111
55,63,6,179,1,White,RAL 9016,#F5F5F5
55,63,7,178,1,White,RAL 9016,#F5F5F5
55,63,8,177,8,Gray,RAL 7040,#8E98A3
55,63,9,176,2,Black,RAL 9005,#111111
55,63,10,175,2,Black,RAL 9005,#111111
55,63,11,174,8,Gray,RAL 7040,#8E98A3
55,63,12,173,1,White,RAL 9016,#F5F5F5
55,63,13,172,1,White,RAL 9016,#F5F5F5
55,63,14,171,8,Gray,RAL 7040,#8E98A3
55,63,15,170,2,Black,RAL 9005,#111111
55,63,16,169,2,Black,RAL 9005,#111111
55,63,17,168,1,White,RAL 9016,#F5F5F5
55,63,18,167,1,White,RAL 9016,#F5F5F5
55,63,19,166,8,Gray,RAL 7040,#8E98A3
55,63,20,165,2,Black,RAL 9005,#111111
55,63,21,164,2,Black,RAL 9005,#111111
55,63,22,163,2,Black,RAL 9005,#111111
55,63,23,162,8,Gray,RAL 7040,#8E98A3
55,63,24,161,1,White,RAL 9016,#F5F5F5
55,63,25,160,1,White,RAL 9016,#F5F5F5
55,63,26,159,1,White,RAL 9016,#F5F5F5
55,63,27,158,1,White,RAL 9016,#F5F5F5
55,63,28,157,1,White,RAL 9016,#F5F5F5
55,63,29,156,1,White,RAL 9016,#F5F5F5
55,63,30,155,1,White,RAL 9016,#F5F5F5
55,63,31,154,8,Gray,RAL 7040,#8E98A3
55,63,32,153,2,Black,RAL 9005,#111111
55,63,33,152,2,Black,RAL 9005,#111111
55,63,34,151,8,Gray,RAL 7040,#8E98A3
55,63,35,150,1,White,RAL 9016,#F5F5F5
55,63,36,149,1,White,RAL 9016,#F5F5F5
55,63,37,148,1,White,RAL 9016,#F5F5F5
55,63,38,147,1,White,RAL 9016,#F5F5F5
55,63,39,146,1,White,RAL 9016,#F5F5F5
55,63,40,145,1,White,RAL 9016,#F5F5F5
55,63,41,144,1,White,RAL 9016,#F5F5F5
55,63,42,143,1,White,RAL 9016,#F5F5F5
55,63,43,142,1,White,RAL 9016,#F5F5F5
55,63,44,141,8,Gray,RAL 7040,#8E98A3
55,63,45,140,8,Gray,RAL 7040,#8E98A3
55,63,46,139,1,White,RAL 9016,#F5F5F5
55,63,47,138,1,White,RAL 9016,#F5F5F5
55,63,48,137,8,Gray,RAL 7040,#8E98A3
55,63,49,136,2,Black,RAL 9005,#111111
55,63,50,135,2,Black,RAL 9005,#111111
55,63,51,134,2,Black,RAL 9005,#111111
55,63,52,133,2,Black,RAL 9005,#111111
55,63,53,132,8,Gray,RAL 7040,#8E98A3
55,63,54,131,1,White,RAL 9016,#F5F5F5
55,63,55,130,1,White,RAL 9016,#F5F5F5
55,63,56,129,8,Gray,RAL 7040,#8E98A3
55,63,57,128,2,Black,RAL 9005,#111111
55,63,58,127,8,Gray,RAL 7040,#8E98A3
55,63,59,126,1,White,RAL 9016,#F5F5F5
55,63,60,125,1,White,RAL 9016,#F5F5F5
55,63,61,124,8,Gray,RAL 7040,#8E98A3
55,63,62,123,2,Black,RAL 9005,#111111
55,63,63,122,2,Black,RAL 9005,#111111
55,63,64,121,1,White,RAL 9016,#F5F5F5
55,63,65,120,1,White,RAL 9016,#F5F5F5
55,63,66,119,8,Gray,RAL 7040,#8E98A3
55,63,67,118,2,Black,RAL 9005,#111111
55,63,68,117,2,Black,RAL 9005,#111111
55,63,69,116,8,Gray,RAL 7040,#8E98A3
55,63,70,115,1,White,RAL 9016,#F5F5F5
55,63,71,114,1,White,RAL 9016,#F5F5F5
55,63,72,113,1,White,RAL 9016,#F5F5F5
55,63,73,112,8,Gray,RAL 7040,#8E98A3
55,63,74,111,8,Gray,RAL 7040,#8E98A3
55,63,75,110,1,White,RAL 9016,#F5F5F5
55,63,76,109,1,White,RAL 9016,#F5F5F5
55,63,77,108,8,Gray,RAL 7040,#8E98A3
55,63,78,107,8,Gray,RAL 7040,#8E98A3
55,63,79,106,8,Gray,RAL 7040,#8E98A3
55,63,80,105,8,Gray,RAL 7040,#8E98A3
55,63,81,104,8,Gray,RAL 7040,#8E98A3
55,63,82,103,8,Gray,RAL 7040,#8E98A3
55,63,83,102,1,White,RAL 9016,#F5F5F5
55,63,84,101,1,White,RAL 9016,#F5F5F5
55,63,85,100,8,Gray,RAL 7040,#8E98A3
55,63,86,99,8,Gray,RAL 7040,#8E98A3
55,63,87,98,8,Gray,RAL 7040,#8E98A3
55,63,88,97,8,Gray,RAL 7040,#8E98A3
55,63,89,96,8,Gray,RAL 7040,#8E98A3
55,63,90,95,8,Gray,RAL 7040,#8E98A3
55,63,91,94,8,Gray,RAL 7040,#8E98A3
55,63,92,93,8,Gray,RAL 7040,#8E98A3
55,63,93,92,8,Gray,RAL 7040,#8E98A3
55,63,94,91,8,Gray,RAL 7040,#8E98A3
55,63,95,90,2,Black,RAL 9005,#111111
55,63,96,89,2,Black,RAL 9005,#111111
55,63,97,88,2,Black,RAL 9005,#111111
55,63,98,87,2,Black,RAL 9005,#111111
55,63,99,86,2,Black,RAL 9005,#111111
55,63,100,85,2,Black,RAL 9005,#111111
55,63,101,84,2,Black,RAL 9005,#111111
55,63,102,83,2,Black,RAL 9005,#111111
55,63,103,82,8,Gray,RAL 7040,#8E98A3
55,63,104,81,8,Gray,RAL 7040,#8E98A3
55,63,105,80,8,Gray,RAL 7040,#8E98A3
55,63,106,79,8,Gray,RAL 7040,#8E98A3
55,63,107,78,8,Gray,RAL 7040,#8E98A3
55,63,108,77,8,Gray,RAL 7040,#8E98A3
55,63,109,76,3,Red,RAL 3020,#C1121F
55,63,110,75,3,Red,RAL 3020,#C1121F
55,63,111,74,3,Red,RAL 3020,#C1121F
55,63,112,73,3,Red,RAL 3020,#C1121F
55,63,113,72,3,Red,RAL 3020,#C1121F
55,63,114,71,3,Red,RAL 3020,#C1121F
55,63,115,70,3,Red,RAL 3020,#C1121F
55,63,116,69,3,Red,RAL 3020,#C1121F
55,63,117,68,3,Red,RAL 3020,#C1121F
55,63,118,67,3,Red,RAL 3020,#C1121F
55,63,119,66,3,Red,RAL 3020,#C1121F
55,63,120,65,3,Red,RAL 3020,#C1121F
55,63,121,64,3,Red,RAL 3020,#C1121F
55,63,122,63,3,Red,RAL 3020,#C1121F
55,63,123,62,3,Red,RAL 3020,#C1121F
55,63,124,61,3,Red,RAL 3020,#C1121F
55,63,125,60,3,Red,RAL 3020,#C1121F
55,63,126,59,3,Red,RAL 3020,#C1121F
55,63,127,58,8,Gray,RAL 7040,#8E98A3
55,63,128,57,8,Gray,RAL 7040,#8E98A3
55,63,129,56,6,Green,RAL 6018,#2CA36A
55,63,130,55,6,Green,RAL 6018,#2CA36A
55,63,131,54,6,Green,RAL 6018,#2CA36A
55,63,132,53,6,Green,RAL 6018,#2CA36A
55,63,133,52,6,Green,RAL 6018,#2CA36A
55,63,134,51,6,Green,RAL 6018,#2CA36A
55,63,135,50,6,Green,RAL 6018,#2CA36A
55,63,136,49,6,Green,RAL 6018,#2CA36A
55,63,137,48,6,Green,RAL 6018,#2CA36A
55,63,138,47,6,Green,RAL 6018,#2CA36A
55,63,139,46,6,Green,RAL 6018,#2CA36A
55,63,140,45,6,Green,RAL 6018,#2CA36A
55,63,141,44,6,Green,RAL 6018,#2CA36A
55,63,142,43,6,Green,RAL 6018,#2CA36A
55,63,143,42,6,Green,RAL 6018,#2CA36A
55,63,144,41,6,Green,RAL 6018,#2CA36A
55,63,145,40,6,Green,RAL 6018,#2CA36A
55,63,146,39,6,Green,RAL 6018,#2CA36A
55,63,147,38,6,Green,RAL 6018,#2CA36A
55,63,148,37,6,Green,RAL 6018,#2CA36A
55,63,149,36,6,Green,RAL 6018,#2CA36A
55,63,150,35,6,Green,RAL 6018,#2CA36A
55,63,151,34,6,Green,RAL 6018,#2CA36A
55,63,152,33,6,Green,RAL 6018,#2CA36A
55,63,153,32,6,Green,RAL 6018,#2CA36A
55,63,154,31,6,Green,RAL 6018,#2CA36A
55,63,155,30,6,Green,RAL 6018,#2CA36A
55,63,156,29,6,Green,RAL 6018,#2CA36A
55,63,157,28,8,Gray,RAL 7040,#8E98A3
55,63,158,27,8,Gray,RAL 7040,#8E98A3
55,63,159,26,8,Gray,RAL 7040,#8E98A3
55,63,160,25,8,Gray,RAL 7040,#8E98A3
55,63,161,24,8,Gray,RAL 7040,#8E98A3
55,63,162,23,8,Gray,RAL 7040,#8E98A3
55,63,163,22,8,Gray,RAL 7040,#8E98A3
55,63,164,21,8,Gray,RAL 7040,#8E98A3
55,63,165,20,8,Gray,RAL 7040,#8E98A3
55,63,166,19,8,Gray,RAL 7040,#8E98A3
55,63,167,18,8,Gray,RAL 7040,#8E98A3
55,63,168,17,8,Gray,RAL 7040,#8E98A3
55,63,169,16,8,Gray,RAL 7040,#8E98A3
55,63,170,15,8,Gray,RAL 7040,#8E98A3
55,63,171,14,8,Gray,RAL 7040,#8E98A3
55,63,172,13,8,Gray,RAL 7040,#8E98A3
55,63,173,12,8,Gray,RAL 7040,#8E98A3
55,63,174,11,8,Gray,RAL 7040,#8E98A3
55,63,175,10,8,Gray,RAL 7040,#8E98A3
55,63,176,9,8,Gray,RAL 7040,#8E98A3
55,63,177,8,8,Gray,RAL 7040,#8E98A3
55,63,178,7,8,Gray,RAL 7040,#8E98A3
55,63,179,6,8,Gray,RAL 7040,#8E98A3
55,63,180,5,8,Gray,RAL 7040,#8E98A3
55,63,181,4,8,Gray,RAL 7040,#8E98A3
55,63,182,3,8,Gray,RAL 7040,#8E98A3
55,63,183,2,8,Gray,RAL 7040,#8E98A3
55,63,184,1,8,Gray,RAL 7040,#8E98A3
56,62,1,184,2,Black,RAL 9005,#111111
56,62,2,183,2,Black,RAL 9005,#111111
56,62,3,182,2,Black,RAL 9005,#111111
56,62,4,181,2,Black,RAL 9005,#111111
56,62,5,180,2,Black,RAL 9005,#111111
56,62,6,179,8,Gray,RAL 7040,#8E98A3
56,62,7,178,8,Gray,RAL 7040,#8E98A3
56,62,8,177,8,Gray,RAL 7040,#8E98A3
56,62,9,176,2,Black,RAL 9005,#111111
56,62,10,175,2,Black,RAL 9005,#111111
56,62,11,174,8,Gray,RAL 7040,#8E98A3
56,62,12,173,8,Gray,RAL 7040,#8E98A3
56,62,13,172,8,Gray,RAL 7040,#8E98A3
56,62,14,171,2,Black,RAL 9005,#111111
56,62,15,170,2,Black,RAL 9005,#111111
56,62,16,169,2,Black,RAL 9005,#111111
56,62,17,168,8,Gray,RAL 7040,#8E98A3
56,62,18,167,8,Gray,RAL 7040,#8E98A3
56,62,19,166,8,Gray,RAL 7040,#8E98A3
56,62,20,165,2,Black,RAL 9005,#111111
56,62,21,164,2,Black,RAL 9005,#111111
56,62,22,163,2,Black,RAL 9005,#111111
56,62,23,162,2,Black,RAL 9005,#111111
56,62,24,161,2,Black,RAL 9005,#111111
56,62,25,160,8,Gray,RAL 7040,#8E98A3
56,62,26,159,8,Gray,RAL 7040,#8E98A3
56,62,27,158,1,White,RAL 9016,#F5F5F5
56,62,28,157,1,White,RAL 9016,#F5F5F5
56,62,29,156,8,Gray,RAL 7040,#8E98A3
56,62,30,155,8,Gray,RAL 7040,#8E98A3
56,62,31,154,2,Black,RAL 9005,#111111
56,62,32,153,2,Black,RAL 9005,#111111
56,62,33,152,2,Black,RAL 9005,#111111
56,62,34,151,8,Gray,RAL 7040,#8E98A3
56,62,35,150,8,Gray,RAL 7040,#8E98A3
56,62,36,149,8,Gray,RAL 7040,#8E98A3
56,62,37,148,8,Gray,RAL 7040,#8E98A3
56,62,38,147,8,Gray,RAL 7040,#8E98A3
56,62,39,146,8,Gray,RAL 7040,#8E98A3
56,62,40,145,8,Gray,RAL 7040,#8E98A3
56,62,41,144,8,Gray,RAL 7040,#8E98A3
56,62,42,143,8,Gray,RAL 7040,#8E98A3
56,62,43,142,8,Gray,RAL 7040,#8E98A3
56,62,44,141,8,Gray,RAL 7040,#8E98A3
56,62,45,140,8,Gray,RAL 7040,#8E98A3
56,62,46,139,8,Gray,RAL 7040,#8E98A3
56,62,47,138,8,Gray,RAL 7040,#8E98A3
56,62,48,137,2,Black,RAL 9005,#111111
56,62,49,136,2,Black,RAL 9005,#111111
56,62,50,135,2,Black,RAL 9005,#111111
56,62,51,134,2,Black,RAL 9005,#111111
56,62,52,133,2,Black,RAL 9005,#111111
56,62,53,132,8,Gray,RAL 7040,#8E98A3
56,62,54,131,8,Gray,RAL 7040,#8E98A3
56,62,55,130,8,Gray,RAL 7040,#8E98A3
56,62,56,129,8,Gray,RAL 7040,#8E98A3
56,62,57,128,2,Black,RAL 9005,#111111
56,62,58,127,8,Gray,RAL 7040,#8E98A3
56,62,59,126,8,Gray,RAL 7040,#8E98A3
56,62,60,125,8,Gray,RAL 7040,#8E98A3
56,62,61,124,8,Gray,RAL 7040,#8E98A3
56,62,62,123,2,Black,RAL 9005,#111111
56,62,63,122,2,Black,RAL 9005,#111111
56,62,64,121,8,Gray,RAL 7040,#8E98A3
56,62,65,120,8,Gray,RAL 7040,#8E98A3
56,62,66,119,8,Gray,RAL 7040,#8E98A3
56,62,67,118,2,Black,RAL 9005,#111111
56,62,68,117,2,Black,RAL 9005,#111111
56,62,69,116,2,Black,RAL 9005,#111111
56,62,70,115,8,Gray,RAL 7040,#8E98A3
56,62,71,114,8,Gray,RAL 7040,#8E98A3
56,62,72,113,8,Gray,RAL 7040,#8E98A3
56,62,73,112,8,Gray,RAL 7040,#8E98A3
56,62,74,111,8,Gray,RAL 7040,#8E98A3
56,62,75,110,8,Gray,RAL 7040,#8E98A3
56,62,76,109,14,E2E Color Updated 1771984248948,RAL DUP 1771984248948,#CCBBAA
56,62,77,108,8,Gray,RAL 7040,#8E98A3
56,62,78,107,8,Gray,RAL 7040,#8E98A3
56,62,79,106,8,Gray,RAL 7040,#8E98A3
56,62,80,105,8,Gray,RAL 7040,#8E98A3
56,62,81,104,8,Gray,RAL 7040,#8E98A3
56,62,82,103,8,Gray,RAL 7040,#8E98A3
56,62,83,102,14,E2E Color Updated 1771984248948,RAL DUP 1771984248948,#CCBBAA
56,62,84,101,14,E2E Color Updated 1771984248948,RAL DUP 1771984248948,#CCBBAA
56,62,85,100,8,Gray,RAL 7040,#8E98A3
56,62,86,99,8,Gray,RAL 7040,#8E98A3
56,62,87,98,8,Gray,RAL 7040,#8E98A3
56,62,88,97,8,Gray,RAL 7040,#8E98A3
56,62,89,96,8,Gray,RAL 7040,#8E98A3
56,62,90,95,8,Gray,RAL 7040,#8E98A3
56,62,91,94,8,Gray,RAL 7040,#8E98A3
56,62,92,93,8,Gray,RAL 7040,#8E98A3
56,62,93,92,8,Gray,RAL 7040,#8E98A3
56,62,94,91,8,Gray,RAL 7040,#8E98A3
56,62,95,90,8,Gray,RAL 7040,#8E98A3
56,62,96,89,2,Black,RAL 9005,#111111
56,62,97,88,2,Black,RAL 9005,#111111
56,62,98,87,2,Black,RAL 9005,#111111
56,62,99,86,2,Black,RAL 9005,#111111
56,62,100,85,2,Black,RAL 9005,#111111
56,62,101,84,2,Black,RAL 9005,#111111
56,62,102,83,2,Black,RAL 9005,#111111
56,62,103,82,2,Black,RAL 9005,#111111
56,62,104,81,2,Black,RAL 9005,#111111
56,62,105,80,8,Gray,RAL 7040,#8E98A3
56,62,106,79,8,Gray,RAL 7040,#8E98A3
56,62,107,78,3,Red,RAL 3020,#C1121F
56,62,108,77,3,Red,RAL 3020,#C1121F
56,62,109,76,3,Red,RAL 3020,#C1121F
56,62,110,75,3,Red,RAL 3020,#C1121F
56,62,111,74,3,Red,RAL 3020,#C1121F
56,62,112,73,3,Red,RAL 3020,#C1121F
56,62,113,72,3,Red,RAL 3020,#C1121F
56,62,114,71,3,Red,RAL 3020,#C1121F
56,62,115,70,3,Red,RAL 3020,#C1121F
56,62,116,69,3,Red,RAL 3020,#C1121F
56,62,117,68,3,Red,RAL 3020,#C1121F
56,62,118,67,3,Red,RAL 3020,#C1121F
56,62,119,66,3,Red,RAL 3020,#C1121F
56,62,120,65,3,Red,RAL 3020,#C1121F
56,62,121,64,3,Red,RAL 3020,#C1121F
56,62,122,63,3,Red,RAL 3020,#C1121F
56,62,123,62,3,Red,RAL 3020,#C1121F
56,62,124,61,3,Red,RAL 3020,#C1121F
56,62,125,60,3,Red,RAL 3020,#C1121F
56,62,126,59,3,Red,RAL 3020,#C1121F
56,62,127,58,8,Gray,RAL 7040,#8E98A3
56,62,128,57,8,Gray,RAL 7040,#8E98A3
56,62,129,56,6,Green,RAL 6018,#2CA36A
56,62,130,55,6,Green,RAL 6018,#2CA36A
56,62,131,54,6,Green,RAL 6018,#2CA36A
56,62,132,53,6,Green,RAL 6018,#2CA36A
56,62,133,52,6,Green,RAL 6018,#2CA36A
56,62,134,51,6,Green,RAL 6018,#2CA36A
56,62,135,50,6,Green,RAL 6018,#2CA36A
56,62,136,49,6,Green,RAL 6018,#2CA36A
56,62,137,48,6,Green,RAL 6018,#2CA36A
56,62,138,47,6,Green,RAL 6018,#2CA36A
56,62,139,46,6,Green,RAL 6018,#2CA36A
56,62,140,45,6,Green,RAL 6018,#2CA36A
56,62,141,44,6,Green,RAL 6018,#2CA36A
56,62,142,43,6,Green,RAL 6018,#2CA36A
56,62,143,42,6,Green,RAL 6018,#2CA36A
56,62,144,41,6,Green,RAL 6018,#2CA36A
56,62,145,40,6,Green,RAL 6018,#2CA36A
56,62,146,39,6,Green,RAL 6018,#2CA36A
56,62,147,38,6,Green,RAL 6018,#2CA36A
56,62,148,37,6,Green,RAL 6018,#2CA36A
56,62,149,36,6,Green,RAL 6018,#2CA36A
56,62,150,35,6,Green,RAL 6018,#2CA36A
56,62,151,34,6,Green,RAL 6018,#2CA36A
56,62,152,33,6,Green,RAL 6018,#2CA36A
56,62,153,32,6,Green,RAL 6018,#2CA36A
56,62,154,31,6,Green,RAL 6018,#2CA36A
56,62,155,30,6,Green,RAL 6018,#2CA36A
56,62,156,29,6,Green,RAL 6018,#2CA36A
56,62,157,28,8,Gray,RAL 7040,#8E98A3
56,62,158,27,8,Gray,RAL 7040,#8E98A3
56,62,159,26,8,Gray,RAL 7040,#8E98A3
56,62,160,25,8,Gray,RAL 7040,#8E98A3
56,62,161,24,8,Gray,RAL 7040,#8E98A3
56,62,162,23,8,Gray,RAL 7040,#8E98A3
56,62,163,22,8,Gray,RAL 7040,#8E98A3
56,62,164,21,8,Gray,RAL 7040,#8E98A3
56,62,165,20,8,Gray,RAL 7040,#8E98A3
56,62,166,19,8,Gray,RAL 7040,#8E98A3
56,62,167,18,8,Gray,RAL 7040,#8E98A3
56,62,168,17,8,Gray,RAL 7040,#8E98A3
56,62,169,16,8,Gray,RAL 7040,#8E98A3
56,62,170,15,8,Gray,RAL 7040,#8E98A3
56,62,171,14,8,Gray,RAL 7040,#8E98A3
56,62,172,13,8,Gray,RAL 7040,#8E98A3
56,62,173,12,8,Gray,RAL 7040,#8E98A3
56,62,174,11,8,Gray,RAL 7040,#8E98A3
56,62,175,10,8,Gray,RAL 7040,#8E98A3
56,62,176,9,8,Gray,RAL 7040,#8E98A3
56,62,177,8,8,Gray,RAL 7040,#8E98A3
56,62,178,7,8,Gray,RAL 7040,#8E98A3
56,62,179,6,8,Gray,RAL 7040,#8E98A3
56,62,180,5,8,Gray,RAL 7040,#8E98A3
56,62,181,4,8,Gray,RAL 7040,#8E98A3
56,62,182,3,8,Gray,RAL 7040,#8E98A3
56,62,183,2,8,Gray,RAL 7040,#8E98A3
56,62,184,1,8,Gray,RAL 7040,#8E98A3
57,61,1,184,2,Black,RAL 9005,#111111
57,61,2,183,2,Black,RAL 9005,#111111
57,61,3,182,2,Black,RAL 9005,#111111
57,61,4,181,2,Black,RAL 9005,#111111
57,61,5,180,2,Black,RAL 9005,#111111
57,61,6,179,2,Black,RAL 9005,#111111
57,61,7,178,2,Black,RAL 9005,#111111
57,61,8,177,2,Black,RAL 9005,#111111
57,61,9,176,2,Black,RAL 9005,#111111
57,61,10,175,2,Black,RAL 9005,#111111
57,61,11,174,2,Black,RAL 9005,#111111
57,61,12,173,2,Black,RAL 9005,#111111
57,61,13,172,2,Black,RAL 9005,#111111
57,61,14,171,2,Black,RAL 9005,#111111
57,61,15,170,2,Black,RAL 9005,#111111
57,61,16,169,2,Black,RAL 9005,#111111
57,61,17,168,2,Black,RAL 9005,#111111
57,61,18,167,2,Black,RAL 9005,#111111
57,61,19,166,2,Black,RAL 9005,#111111
57,61,20,165,2,Black,RAL 9005,#111111
57,61,21,164,2,Black,RAL 9005,#111111
57,61,22,163,2,Black,RAL 9005,#111111
57,61,23,162,2,Black,RAL 9005,#111111
57,61,24,161,2,Black,RAL 9005,#111111
57,61,25,160,2,Black,RAL 9005,#111111
57,61,26,159,2,Black,RAL 9005,#111111
57,61,27,158,2,Black,RAL 9005,#111111
57,61,28,157,2,Black,RAL 9005,#111111
57,61,29,156,2,Black,RAL 9005,#111111
57,61,30,155,2,Black,RAL 9005,#111111
57,61,31,154,2,Black,RAL 9005,#111111
57,61,32,153,2,Black,RAL 9005,#111111
57,61,33,152,2,Black,RAL 9005,#111111
57,61,34,151,2,Black,RAL 9005,#111111
57,61,35,150,2,Black,RAL 9005,#111111
57,61,36,149,2,Black,RAL 9005,#111111
57,61,37,148,2,Black,RAL 9005,#111111
57,61,38,147,2,Black,RAL 9005,#111111
57,61,39,146,2,Black,RAL 9005,#111111
57,61,40,145,2,Black,RAL 9005,#111111
57,61,41,144,2,Black,RAL 9005,#111111
57,61,42,143,2,Black,RAL 9005,#111111
57,61,43,142,2,Black,RAL 9005,#111111
57,61,44,141,2,Black,RAL 9005,#111111
57,61,45,140,2,Black,RAL 9005,#111111
57,61,46,139,2,Black,RAL 9005,#111111
57,61,47,138,2,Black,RAL 9005,#111111
57,61,48,137,2,Black,RAL 9005,#111111
57,61,49,136,2,Black,RAL 9005,#111111
57,61,50,135,2,Black,RAL 9005,#111111
57,61,51,134,2,Black,RAL 9005,#111111
57,61,52,133,2,Black,RAL 9005,#111111
57,61,53,132,2,Black,RAL 9005,#111111
57,61,54,131,2,Black,RAL 9005,#111111
57,61,55,130,2,Black,RAL 9005,#111111
57,61,56,129,2,Black,RAL 9005,#111111
57,61,57,128,2,Black,RAL 9005,#111111
57,61,58,127,2,Black,RAL 9005,#111111
57,61,59,126,2,Black,RAL 9005,#111111
57,61,60,125,2,Black,RAL 9005,#111111
57,61,61,124,2,Black,RAL 9005,#111111
57,61,62,123,2,Black,RAL 9005,#111111
57,61,63,122,2,Black,RAL 9005,#111111
57,61,64,121,2,Black,RAL 9005,#111111
57,61,65,120,2,Black,RAL 9005,#111111
57,61,66,119,2,Black,RAL 9005,#111111
57,61,67,118,2,Black,RAL 9005,#111111
57,61,68,117,2,Black,RAL 9005,#111111
57,61,69,116,2,Black,RAL 9005,#111111
57,61,70,115,2,Black,RAL 9005,#111111
57,61,71,114,2,Black,RAL 9005,#111111
57,61,72,113,2,Black,RAL 9005,#111111
57,61,73,112,2,Black,RAL 9005,#111111
57,61,74,111,2,Black,RAL 9005,#111111
57,61,75,110,2,Black,RAL 9005,#111111
57,61,76,109,8,Gray,RAL 7040,#8E98A3
57,61,77,108,8,Gray,RAL 7040,#8E98A3
57,61,78,107,8,Gray,RAL 7040,#8E98A3
57,61,79,106,8,Gray,RAL 7040,#8E98A3
57,61,80,105,8,Gray,RAL 7040,#8E98A3
57,61,81,104,8,Gray,RAL 7040,#8E98A3
57,61,82,103,8,Gray,RAL 7040,#8E98A3
57,61,83,102,8,Gray,RAL 7040,#8E98A3
57,61,84,101,8,Gray,RAL 7040,#8E98A3
57,61,85,100,8,Gray,RAL 7040,#8E98A3
57,61,86,99,8,Gray,RAL 7040,#8E98A3
57,61,87,98,8,Gray,RAL 7040,#8E98A3
57,61,88,97,8,Gray,RAL 7040,#8E98A3
57,61,89,96,8,Gray,RAL 7040,#8E98A3
57,61,90,95,8,Gray,RAL 7040,#8E98A3
57,61,91,94,8,Gray,RAL 7040,#8E98A3
57,61,92,93,8,Gray,RAL 7040,#8E98A3
57,61,93,92,8,Gray,RAL 7040,#8E98A3
57,61,94,91,8,Gray,RAL 7040,#8E98A3
57,61,95,90,8,Gray,RAL 7040,#8E98A3
57,61,96,89,2,Black,RAL 9005,#111111
57,61,97,88,2,Black,RAL 9005,#111111
57,61,98,87,2,Black,RAL 9005,#111111
57,61,99,86,2,Black,RAL 9005,#111111
57,61,100,85,2,Black,RAL 9005,#111111
57,61,101,84,2,Black,RAL 9005,#111111
57,61,102,83,2,Black,RAL 9005,#111111
57,61,103,82,2,Black,RAL 9005,#111111
57,61,104,81,2,Black,RAL 9005,#111111
57,61,105,80,2,Black,RAL 9005,#111111
57,61,106,79,8,Gray,RAL 7040,#8E98A3
57,61,107,78,3,Red,RAL 3020,#C1121F
57,61,108,77,3,Red,RAL 3020,#C1121F
57,61,109,76,3,Red,RAL 3020,#C1121F
57,61,110,75,3,Red,RAL 3020,#C1121F
57,61,111,74,3,Red,RAL 3020,#C1121F
57,61,112,73,3,Red,RAL 3020,#C1121F
57,61,113,72,3,Red,RAL 3020,#C1121F
57,61,114,71,3,Red,RAL 3020,#C1121F
57,61,115,70,3,Red,RAL 3020,#C1121F
57,61,116,69,3,Red,RAL 3020,#C1121F
57,61,117,68,3,Red,RAL 3020,#C1121F
57,61,118,67,3,Red,RAL 3020,#C1121F
57,61,119,66,3,Red,RAL 3020,#C1121F
57,61,120,65,3,Red,RAL 3020,#C1121F
57,61,121,64,3,Red,RAL 3020,#C1121F
57,61,122,63,3,Red,RAL 3020,#C1121F
57,61,123,62,3,Red,RAL 3020,#C1121F
57,61,124,61,3,Red,RAL 3020,#C1121F
57,61,125,60,3,Red,RAL 3020,#C1121F
57,61,126,59,3,Red,RAL 3020,#C1121F
57,61,127,58,8,Gray,RAL 7040,#8E98A3
57,61,128,57,8,Gray,RAL 7040,#8E98A3
57,61,129,56,8,Gray,RAL 7040,#8E98A3
57,61,130,55,6,Green,RAL 6018,#2CA36A
57,61,131,54,6,Green,RAL 6018,#2CA36A
57,61,132,53,6,Green,RAL 6018,#2CA36A
57,61,133,52,6,Green,RAL 6018,#2CA36A
57,61,134,51,6,Green,RAL 6018,#2CA36A
57,61,135,50,6,Green,RAL 6018,#2CA36A
57,61,136,49,6,Green,RAL 6018,#2CA36A
57,61,137,48,6,Green,RAL 6018,#2CA36A
57,61,138,47,6,Green,RAL 6018,#2CA36A
57,61,139,46,6,Green,RAL 6018,#2CA36A
57,61,140,45,6,Green,RAL 6018,#2CA36A
57,61,141,44,6,Green,RAL 6018,#2CA36A
57,61,142,43,6,Green,RAL 6018,#2CA36A
57,61,143,42,6,Green,RAL 6018,#2CA36A
57,61,144,41,6,Green,RAL 6018,#2CA36A
57,61,145,40,6,Green,RAL 6018,#2CA36A
57,61,146,39,6,Green,RAL 6018,#2CA36A
57,61,147,38,6,Green,RAL 6018,#2CA36A
57,61,148,37,6,Green,RAL 6018,#2CA36A
57,61,149,36,6,Green,RAL 6018,#2CA36A
57,61,150,35,6,Green,RAL 6018,#2CA36A
57,61,151,34,6,Green,RAL 6018,#2CA36A
57,61,152,33,6,Green,RAL 6018,#2CA36A
57,61,153,32,6,Green,RAL 6018,#2CA36A
57,61,154,31,6,Green,RAL 6018,#2CA36A
57,61,155,30,6,Green,RAL 6018,#2CA36A
57,61,156,29,8,Gray,RAL 7040,#8E98A3
57,61,157,28,8,Gray,RAL 7040,#8E98A3
57,61,158,27,8,Gray,RAL 7040,#8E98A3
57,61,159,26,8,Gray,RAL 7040,#8E98A3
57,61,160,25,8,Gray,RAL 7040,#8E98A3
57,61,161,24,8,Gray,RAL 7040,#8E98A3
57,61,162,23,8,Gray,RAL 7040,#8E98A3
57,61,163,22,8,Gray,RAL 7040,#8E98A3
57,61,164,21,8,Gray,RAL 7040,#8E98A3
57,61,165,20,8,Gray,RAL 7040,#8E98A3
57,61,166,19,8,Gray,RAL 7040,#8E98A3
57,61,167,18,8,Gray,RAL 7040,#8E98A3
57,61,168,17,8,Gray,RAL 7040,#8E98A3
57,61,169,16,8,Gray,RAL 7040,#8E98A3
57,61,170,15,8,Gray,RAL 7040,#8E98A3
57,61,171,14,8,Gray,RAL 7040,#8E98A3
57,61,172,13,8,Gray,RAL 7040,#8E98A3
57,61,173,12,8,Gray,RAL 7040,#8E98A3
57,61,174,11,8,Gray,RAL 7040,#8E98A3
57,61,175,10,8,Gray,RAL 7040,#8E98A3
57,61,176,9,8,Gray,RAL 7040,#8E98A3
57,61,177,8,8,Gray,RAL 7040,#8E98A3
57,61,178,7,8,Gray,RAL 7040,#8E98A3
57,61,179,6,8,Gray,RAL 7040,#8E98A3
57,61,180,5,8,Gray,RAL 7040,#8E98A3
57,61,181,4,8,Gray,RAL 7040,#8E98A3
57,61,182,3,8,Gray,RAL 7040,#8E98A3
57,61,183,2,8,Gray,RAL 7040,#8E98A3
57,61,184,1,8,Gray,RAL 7040,#8E98A3
58,60,1,184,2,Black,RAL 9005,#111111
58,60,2,183,2,Black,RAL 9005,#111111
58,60,3,182,2,Black,RAL 9005,#111111
58,60,4,181,2,Black,RAL 9005,#111111
58,60,5,180,2,Black,RAL 9005,#111111
58,60,6,179,2,Black,RAL 9005,#111111
58,60,7,178,2,Black,RAL 9005,#111111
58,60,8,177,2,Black,RAL 9005,#111111
58,60,9,176,2,Black,RAL 9005,#111111
58,60,10,175,2,Black,RAL 9005,#111111
58,60,11,174,2,Black,RAL 9005,#111111
58,60,12,173,2,Black,RAL 9005,#111111
58,60,13,172,2,Black,RAL 9005,#111111
58,60,14,171,2,Black,RAL 9005,#111111
58,60,15,170,2,Black,RAL 9005,#111111
58,60,16,169,2,Black,RAL 9005,#111111
58,60,17,168,2,Black,RAL 9005,#111111
58,60,18,167,2,Black,RAL 9005,#111111
58,60,19,166,2,Black,RAL 9005,#111111
58,60,20,165,2,Black,RAL 9005,#111111
58,60,21,164,2,Black,RAL 9005,#111111
58,60,22,163,2,Black,RAL 9005,#111111
58,60,23,162,2,Black,RAL 9005,#111111
58,60,24,161,2,Black,RAL 9005,#111111
58,60,25,160,2,Black,RAL 9005,#111111
58,60,26,159,2,Black,RAL 9005,#111111
58,60,27,158,2,Black,RAL 9005,#111111
58,60,28,157,2,Black,RAL 9005,#111111
58,60,29,156,2,Black,RAL 9005,#111111
58,60,30,155,2,Black,RAL 9005,#111111
58,60,31,154,2,Black,RAL 9005,#111111
58,60,32,153,2,Black,RAL 9005,#111111
58,60,33,152,2,Black,RAL 9005,#111111
58,60,34,151,2,Black,RAL 9005,#111111
58,60,35,150,2,Black,RAL 9005,#111111
58,60,36,149,2,Black,RAL 9005,#111111
58,60,37,148,2,Black,RAL 9005,#111111
58,60,38,147,2,Black,RAL 9005,#111111
58,60,39,146,2,Black,RAL 9005,#111111
58,60,40,145,2,Black,RAL 9005,#111111
58,60,41,144,2,Black,RAL 9005,#111111
58,60,42,143,2,Black,RAL 9005,#111111
58,60,43,142,2,Black,RAL 9005,#111111
58,60,44,141,2,Black,RAL 9005,#111111
58,60,45,140,2,Black,RAL 9005,#111111
58,60,46,139,2,Black,RAL 9005,#111111
58,60,47,138,2,Black,RAL 9005,#111111
58,60,48,137,2,Black,RAL 9005,#111111
58,60,49,136,2,Black,RAL 9005,#111111
58,60,50,135,2,Black,RAL 9005,#111111
58,60,51,134,2,Black,RAL 9005,#111111
58,60,52,133,2,Black,RAL 9005,#111111
58,60,53,132,2,Black,RAL 9005,#111111
58,60,54,131,2,Black,RAL 9005,#111111
58,60,55,130,2,Black,RAL 9005,#111111
58,60,56,129,2,Black,RAL 9005,#111111
58,60,57,128,2,Black,RAL 9005,#111111
58,60,58,127,2,Black,RAL 9005,#111111
58,60,59,126,2,Black,RAL 9005,#111111
58,60,60,125,2,Black,RAL 9005,#111111
58,60,61,124,2,Black,RAL 9005,#111111
58,60,62,123,2,Black,RAL 9005,#111111
58,60,63,122,2,Black,RAL 9005,#111111
58,60,64,121,2,Black,RAL 9005,#111111
58,60,65,120,2,Black,RAL 9005,#111111
58,60,66,119,2,Black,RAL 9005,#111111
58,60,67,118,2,Black,RAL 9005,#111111
58,60,68,117,2,Black,RAL 9005,#111111
58,60,69,116,2,Black,RAL 9005,#111111
58,60,70,115,2,Black,RAL 9005,#111111
58,60,71,114,2,Black,RAL 9005,#111111
58,60,72,113,2,Black,RAL 9005,#111111
58,60,73,112,2,Black,RAL 9005,#111111
58,60,74,111,2,Black,RAL 9005,#111111
58,60,75,110,2,Black,RAL 9005,#111111
58,60,76,109,8,Gray,RAL 7040,#8E98A3
58,60,77,108,8,Gray,RAL 7040,#8E98A3
58,60,78,107,8,Gray,RAL 7040,#8E98A3
58,60,79,106,8,Gray,RAL 7040,#8E98A3
58,60,80,105,8,Gray,RAL 7040,#8E98A3
58,60,81,104,8,Gray,RAL 7040,#8E98A3
58,60,82,103,8,Gray,RAL 7040,#8E98A3
58,60,83,102,8,Gray,RAL 7040,#8E98A3
58,60,84,101,8,Gray,RAL 7040,#8E98A3
58,60,85,100,8,Gray,RAL 7040,#8E98A3
58,60,86,99,8,Gray,RAL 7040,#8E98A3
58,60,87,98,8,Gray,RAL 7040,#8E98A3
58,60,88,97,8,Gray,RAL 7040,#8E98A3
58,60,89,96,8,Gray,RAL 7040,#8E98A3
58,60,90,95,8,Gray,RAL 7040,#8E98A3
58,60,91,94,8,Gray,RAL 7040,#8E98A3
58,60,92,93,8,Gray,RAL 7040,#8E98A3
58,60,93,92,8,Gray,RAL 7040,#8E98A3
58,60,94,91,8,Gray,RAL 7040,#8E98A3
58,60,95,90,8,Gray,RAL 7040,#8E98A3
58,60,96,89,2,Black,RAL 9005,#111111
58,60,97,88,2,Black,RAL 9005,#111111
58,60,98,87,2,Black,RAL 9005,#111111
58,60,99,86,2,Black,RAL 9005,#111111
58,60,100,85,2,Black,RAL 9005,#111111
58,60,101,84,2,Black,RAL 9005,#111111
58,60,102,83,2,Black,RAL 9005,#111111
58,60,103,82,2,Black,RAL 9005,#111111
58,60,104,81,2,Black,RAL 9005,#111111
58,60,105,80,8,Gray,RAL 7040,#8E98A3
58,60,106,79,8,Gray,RAL 7040,#8E98A3
58,60,107,78,3,Red,RAL 3020,#C1121F
58,60,108,77,3,Red,RAL 3020,#C1121F
58,60,109,76,3,Red,RAL 3020,#C1121F
58,60,110,75,3,Red,RAL 3020,#C1121F
58,60,111,74,3,Red,RAL 3020,#C1121F
58,60,112,73,3,Red,RAL 3020,#C1121F
58,60,113,72,3,Red,RAL 3020,#C1121F
58,60,114,71,3,Red,RAL 3020,#C1121F
58,60,115,70,3,Red,RAL 3020,#C1121F
58,60,116,69,3,Red,RAL 3020,#C1121F
58,60,117,68,3,Red,RAL 3020,#C1121F
58,60,118,67,3,Red,RAL 3020,#C1121F
58,60,119,66,3,Red,RAL 3020,#C1121F
58,60,120,65,3,Red,RAL 3020,#C1121F
58,60,121,64,3,Red,RAL 3020,#C1121F
58,60,122,63,3,Red,RAL 3020,#C1121F
58,60,123,62,3,Red,RAL 3020,#C1121F
58,60,124,61,3,Red,RAL 3020,#C1121F
58,60,125,60,8,Gray,RAL 7040,#8E98A3
58,60,126,59,8,Gray,RAL 7040,#8E98A3
58,60,127,58,8,Gray,RAL 7040,#8E98A3
58,60,128,57,8,Gray,RAL 7040,#8E98A3
58,60,129,56,8,Gray,RAL 7040,#8E98A3
58,60,130,55,8,Gray,RAL 7040,#8E98A3
58,60,131,54,6,Green,RAL 6018,#2CA36A
58,60,132,53,6,Green,RAL 6018,#2CA36A
58,60,133,52,6,Green,RAL 6018,#2CA36A
58,60,134,51,6,Green,RAL 6018,#2CA36A
58,60,135,50,6,Green,RAL 6018,#2CA36A
58,60,136,49,6,Green,RAL 6018,#2CA36A
58,60,137,48,6,Green,RAL 6018,#2CA36A
58,60,138,47,6,Green,RAL 6018,#2CA36A
58,60,139,46,6,Green,RAL 6018,#2CA36A
58,60,140,45,6,Green,RAL 6018,#2CA36A
58,60,141,44,6,Green,RAL 6018,#2CA36A
58,60,142,43,6,Green,RAL 6018,#2CA36A
58,60,143,42,6,Green,RAL 6018,#2CA36A
58,60,144,41,6,Green,RAL 6018,#2CA36A
58,60,145,40,6,Green,RAL 6018,#2CA36A
58,60,146,39,6,Green,RAL 6018,#2CA36A
58,60,147,38,6,Green,RAL 6018,#2CA36A
58,60,148,37,6,Green,RAL 6018,#2CA36A
58,60,149,36,6,Green,RAL 6018,#2CA36A
58,60,150,35,6,Green,RAL 6018,#2CA36A
58,60,151,34,6,Green,RAL 6018,#2CA36A
58,60,152,33,6,Green,RAL 6018,#2CA36A
58,60,153,32,6,Green,RAL 6018,#2CA36A
58,60,154,31,6,Green,RAL 6018,#2CA36A
58,60,155,30,6,Green,RAL 6018,#2CA36A
58,60,156,29,8,Gray,RAL 7040,#8E98A3
58,60,157,28,8,Gray,RAL 7040,#8E98A3
58,60,158,27,8,Gray,RAL 7040,#8E98A3
58,60,159,26,8,Gray,RAL 7040,#8E98A3
58,60,160,25,8,Gray,RAL 7040,#8E98A3
58,60,161,24,8,Gray,RAL 7040,#8E98A3
58,60,162,23,8,Gray,RAL 7040,#8E98A3
58,60,163,22,8,Gray,RAL 7040,#8E98A3
58,60,164,21,8,Gray,RAL 7040,#8E98A3
58,60,165,20,8,Gray,RAL 7040,#8E98A3
58,60,166,19,8,Gray,RAL 7040,#8E98A3
58,60,167,18,8,Gray,RAL 7040,#8E98A3
58,60,168,17,8,Gray,RAL 7040,#8E98A3
58,60,169,16,8,Gray,RAL 7040,#8E98A3
58,60,170,15,8,Gray,RAL 7040,#8E98A3
58,60,171,14,8,Gray,RAL 7040,#8E98A3
58,60,172,13,8,Gray,RAL 7040,#8E98A3
58,60,173,12,8,Gray,RAL 7040,#8E98A3
58,60,174,11,8,Gray,RAL 7040,#8E98A3
58,60,175,10,8,Gray,RAL 7040,#8E98A3
58,60,176,9,8,Gray,RAL 7040,#8E98A3
58,60,177,8,8,Gray,RAL 7040,#8E98A3
58,60,178,7,8,Gray,RAL 7040,#8E98A3
58,60,179,6,8,Gray,RAL 7040,#8E98A3
58,60,180,5,8,Gray,RAL 7040,#8E98A3
58,60,181,4,8,Gray,RAL 7040,#8E98A3
58,60,182,3,8,Gray,RAL 7040,#8E98A3
58,60,183,2,8,Gray,RAL 7040,#8E98A3
58,60,184,1,8,Gray,RAL 7040,#8E98A3
59,59,1,184,2,Black,RAL 9005,#111111
59,59,2,183,2,Black,RAL 9005,#111111
59,59,3,182,2,Black,RAL 9005,#111111
59,59,4,181,2,Black,RAL 9005,#111111
59,59,5,180,2,Black,RAL 9005,#111111
59,59,6,179,2,Black,RAL 9005,#111111
59,59,7,178,2,Black,RAL 9005,#111111
59,59,8,177,8,Gray,RAL 7040,#8E98A3
59,59,9,176,2,Black,RAL 9005,#111111
59,59,10,175,2,Black,RAL 9005,#111111
59,59,11,174,2,Black,RAL 9005,#111111
59,59,12,173,2,Black,RAL 9005,#111111
59,59,13,172,2,Black,RAL 9005,#111111
59,59,14,171,2,Black,RAL 9005,#111111
59,59,15,170,2,Black,RAL 9005,#111111
59,59,16,169,2,Black,RAL 9005,#111111
59,59,17,168,8,Gray,RAL 7040,#8E98A3
59,59,18,167,2,Black,RAL 9005,#111111
59,59,19,166,2,Black,RAL 9005,#111111
59,59,20,165,2,Black,RAL 9005,#111111
59,59,21,164,2,Black,RAL 9005,#111111
59,59,22,163,2,Black,RAL 9005,#111111
59,59,23,162,2,Black,RAL 9005,#111111
59,59,24,161,2,Black,RAL 9005,#111111
59,59,25,160,2,Black,RAL 9005,#111111
59,59,26,159,2,Black,RAL 9005,#111111
59,59,27,158,2,Black,RAL 9005,#111111
59,59,28,157,2,Black,RAL 9005,#111111
59,59,29,156,2,Black,RAL 9005,#111111
59,59,30,155,2,Black,RAL 9005,#111111
59,59,31,154,2,Black,RAL 9005,#111111
59,59,32,153,2,Black,RAL 9005,#111111
59,59,33,152,2,Black,RAL 9005,#111111
59,59,34,151,2,Black,RAL 9005,#111111
59,59,35,150,2,Black,RAL 9005,#111111
59,59,36,149,2,Black,RAL 9005,#111111
59,59,37,148,2,Black,RAL 9005,#111111
59,59,38,147,2,Black,RAL 9005,#111111
59,59,39,146,2,Black,RAL 9005,#111111
59,59,40,145,2,Black,RAL 9005,#111111
59,59,41,144,2,Black,RAL 9005,#111111
59,59,42,143,2,Black,RAL 9005,#111111
59,59,43,142,8,Gray,RAL 7040,#8E98A3
59,59,44,141,2,Black,RAL 9005,#111111
59,59,45,140,2,Black,RAL 9005,#111111
59,59,46,139,2,Black,RAL 9005,#111111
59,59,47,138,2,Black,RAL 9005,#111111
59,59,48,137,2,Black,RAL 9005,#111111
59,59,49,136,2,Black,RAL 9005,#111111
59,59,50,135,2,Black,RAL 9005,#111111
59,59,51,134,2,Black,RAL 9005,#111111
59,59,52,133,2,Black,RAL 9005,#111111
59,59,53,132,2,Black,RAL 9005,#111111
59,59,54,131,2,Black,RAL 9005,#111111
59,59,55,130,2,Black,RAL 9005,#111111
59,59,56,129,2,Black,RAL 9005,#111111
59,59,57,128,2,Black,RAL 9005,#111111
59,59,58,127,2,Black,RAL 9005,#111111
59,59,59,126,2,Black,RAL 9005,#111111
59,59,60,125,2,Black,RAL 9005,#111111
59,59,61,124,2,Black,RAL 9005,#111111
59,59,62,123,2,Black,RAL 9005,#111111
59,59,63,122,2,Black,RAL 9005,#111111
59,59,64,121,2,Black,RAL 9005,#111111
59,59,65,120,2,Black,RAL 9005,#111111
59,59,66,119,2,Black,RAL 9005,#111111
59,59,67,118,2,Black,RAL 9005,#111111
59,59,68,117,2,Black,RAL 9005,#111111
59,59,69,116,2,Black,RAL 9005,#111111
59,59,70,115,8,Gray,RAL 7040,#8E98A3
59,59,71,114,8,Gray,RAL 7040,#8E98A3
59,59,72,113,8,Gray,RAL 7040,#8E98A3
59,59,73,112,8,Gray,RAL 7040,#8E98A3
59,59,74,111,8,Gray,RAL 7040,#8E98A3
59,59,75,110,8,Gray,RAL 7040,#8E98A3
59,59,76,109,8,Gray,RAL 7040,#8E98A3
59,59,77,108,8,Gray,RAL 7040,#8E98A3
59,59,78,107,8,Gray,RAL 7040,#8E98A3
59,59,79,106,8,Gray,RAL 7040,#8E98A3
59,59,80,105,8,Gray,RAL 7040,#8E98A3
59,59,81,104,8,Gray,RAL 7040,#8E98A3
59,59,82,103,8,Gray,RAL 7040,#8E98A3
59,59,83,102,8,Gray,RAL 7040,#8E98A3
59,59,84,101,8,Gray,RAL 7040,#8E98A3
59,59,85,100,8,Gray,RAL 7040,#8E98A3
59,59,86,99,8,Gray,RAL 7040,#8E98A3
59,59,87,98,8,Gray,RAL 7040,#8E98A3
59,59,88,97,8,Gray,RAL 7040,#8E98A3
59,59,89,96,8,Gray,RAL 7040,#8E98A3
59,59,90,95,8,Gray,RAL 7040,#8E98A3
59,59,91,94,8,Gray,RAL 7040,#8E98A3
59,59,92,93,8,Gray,RAL 7040,#8E98A3
59,59,93,92,8,Gray,RAL 7040,#8E98A3
59,59,94,91,8,Gray,RAL 7040,#8E98A3
59,59,95,90,8,Gray,RAL 7040,#8E98A3
59,59,96,89,2,Black,RAL 9005,#111111
59,59,97,88,2,Black,RAL 9005,#111111
59,59,98,87,2,Black,RAL 9005,#111111
59,59,99,86,2,Black,RAL 9005,#111111
59,59,100,85,2,Black,RAL 9005,#111111
59,59,101,84,2,Black,RAL 9005,#111111
59,59,102,83,2,Black,RAL 9005,#111111
59,59,103,82,2,Black,RAL 9005,#111111
59,59,104,81,2,Black,RAL 9005,#111111
59,59,105,80,8,Gray,RAL 7040,#8E98A3
59,59,106,79,4,Blue,RAL 5015,#2B7FFF
59,59,107,78,8,Gray,RAL 7040,#8E98A3
59,59,108,77,8,Gray,RAL 7040,#8E98A3
59,59,109,76,3,Red,RAL 3020,#C1121F
59,59,110,75,3,Red,RAL 3020,#C1121F
59,59,111,74,3,Red,RAL 3020,#C1121F
59,59,112,73,3,Red,RAL 3020,#C1121F
59,59,113,72,3,Red,RAL 3020,#C1121F
59,59,114,71,3,Red,RAL 3020,#C1121F
59,59,115,70,3,Red,RAL 3020,#C1121F
59,59,116,69,3,Red,RAL 3020,#C1121F
59,59,117,68,3,Red,RAL 3020,#C1121F
59,59,118,67,3,Red,RAL 3020,#C1121F
59,59,119,66,3,Red,RAL 3020,#C1121F
59,59,120,65,3,Red,RAL 3020,#C1121F
59,59,121,64,3,Red,RAL 3020,#C1121F
59,59,122,63,3,Red,RAL 3020,#C1121F
59,59,123,62,8,Gray,RAL 7040,#8E98A3
59,59,124,61,8,Gray,RAL 7040,#8E98A3
59,59,125,60,8,Gray,RAL 7040,#8E98A3
59,59,126,59,8,Gray,RAL 7040,#8E98A3
59,59,127,58,8,Gray,RAL 7040,#8E98A3
59,59,128,57,8,Gray,RAL 7040,#8E98A3
59,59,129,56,8,Gray,RAL 7040,#8E98A3
59,59,130,55,8,Gray,RAL 7040,#8E98A3
59,59,131,54,6,Green,RAL 6018,#2CA36A
59,59,132,53,6,Green,RAL 6018,#2CA36A
59,59,133,52,6,Green,RAL 6018,#2CA36A
59,59,134,51,6,Green,RAL 6018,#2CA36A
59,59,135,50,6,Green,RAL 6018,#2CA36A
59,59,136,49,6,Green,RAL 6018,#2CA36A
59,59,137,48,6,Green,RAL 6018,#2CA36A
59,59,138,47,6,Green,RAL 6018,#2CA36A
59,59,139,46,6,Green,RAL 6018,#2CA36A
59,59,140,45,6,Green,RAL 6018,#2CA36A
59,59,141,44,6,Green,RAL 6018,#2CA36A
59,59,142,43,6,Green,RAL 6018,#2CA36A
59,59,143,42,6,Green,RAL 6018,#2CA36A
59,59,144,41,6,Green,RAL 6018,#2CA36A
59,59,145,40,6,Green,RAL 6018,#2CA36A
59,59,146,39,6,Green,RAL 6018,#2CA36A
59,59,147,38,6,Green,RAL 6018,#2CA36A
59,59,148,37,6,Green,RAL 6018,#2CA36A
59,59,149,36,6,Green,RAL 6018,#2CA36A
59,59,150,35,6,Green,RAL 6018,#2CA36A
59,59,151,34,6,Green,RAL 6018,#2CA36A
59,59,152,33,6,Green,RAL 6018,#2CA36A
59,59,153,32,6,Green,RAL 6018,#2CA36A
59,59,154,31,6,Green,RAL 6018,#2CA36A
59,59,155,30,8,Gray,RAL 7040,#8E98A3
59,59,156,29,8,Gray,RAL 7040,#8E98A3
59,59,157,28,8,Gray,RAL 7040,#8E98A3
59,59,158,27,8,Gray,RAL 7040,#8E98A3
59,59,159,26,8,Gray,RAL 7040,#8E98A3
59,59,160,25,8,Gray,RAL 7040,#8E98A3
59,59,161,24,8,Gray,RAL 7040,#8E98A3
59,59,162,23,8,Gray,RAL 7040,#8E98A3
59,59,163,22,8,Gray,RAL 7040,#8E98A3
59,59,164,21,8,Gray,RAL 7040,#8E98A3
59,59,165,20,8,Gray,RAL 7040,#8E98A3
59,59,166,19,8,Gray,RAL 7040,#8E98A3
59,59,167,18,8,Gray,RAL 7040,#8E98A3
59,59,168,17,8,Gray,RAL 7040,#8E98A3
59,59,169,16,8,Gray,RAL 7040,#8E98A3
59,59,170,15,8,Gray,RAL 7040,#8E98A3
59,59,171,14,8,Gray,RAL 7040,#8E98A3
59,59,172,13,8,Gray,RAL 7040,#8E98A3
59,59,173,12,8,Gray,RAL 7040,#8E98A3
59,59,174,11,8,Gray,RAL 7040,#8E98A3
59,59,175,10,8,Gray,RAL 7040,#8E98A3
59,59,176,9,8,Gray,RAL 7040,#8E98A3
59,59,177,8,8,Gray,RAL 7040,#8E98A3
59,59,178,7,8,Gray,RAL 7040,#8E98A3
59,59,179,6,8,Gray,RAL 7040,#8E98A3
59,59,180,5,8,Gray,RAL 7040,#8E98A3
59,59,181,4,8,Gray,RAL 7040,#8E98A3
59,59,182,3,8,Gray,RAL 7040,#8E98A3
59,59,183,2,8,Gray,RAL 7040,#8E98A3
59,59,184,1,8,Gray,RAL 7040,#8E98A3
60,58,1,184,2,Black,RAL 9005,#111111
60,58,2,183,2,Black,RAL 9005,#111111
60,58,3,182,2,Black,RAL 9005,#111111
60,58,4,181,2,Black,RAL 9005,#111111
60,58,5,180,2,Black,RAL 9005,#111111
60,58,6,179,2,Black,RAL 9005,#111111
60,58,7,178,2,Black,RAL 9005,#111111
60,58,8,177,8,Gray,RAL 7040,#8E98A3
60,58,9,176,2,Black,RAL 9005,#111111
60,58,10,175,2,Black,RAL 9005,#111111
60,58,11,174,2,Black,RAL 9005,#111111
60,58,12,173,2,Black,RAL 9005,#111111
60,58,13,172,2,Black,RAL 9005,#111111
60,58,14,171,2,Black,RAL 9005,#111111
60,58,15,170,2,Black,RAL 9005,#111111
60,58,16,169,2,Black,RAL 9005,#111111
60,58,17,168,8,Gray,RAL 7040,#8E98A3
60,58,18,167,2,Black,RAL 9005,#111111
60,58,19,166,2,Black,RAL 9005,#111111
60,58,20,165,2,Black,RAL 9005,#111111
60,58,21,164,2,Black,RAL 9005,#111111
60,58,22,163,2,Black,RAL 9005,#111111
60,58,23,162,2,Black,RAL 9005,#111111
60,58,24,161,2,Black,RAL 9005,#111111
60,58,25,160,2,Black,RAL 9005,#111111
60,58,26,159,2,Black,RAL 9005,#111111
60,58,27,158,2,Black,RAL 9005,#111111
60,58,28,157,2,Black,RAL 9005,#111111
60,58,29,156,2,Black,RAL 9005,#111111
60,58,30,155,2,Black,RAL 9005,#111111
60,58,31,154,2,Black,RAL 9005,#111111
60,58,32,153,2,Black,RAL 9005,#111111
60,58,33,152,2,Black,RAL 9005,#111111
60,58,34,151,2,Black,RAL 9005,#111111
60,58,35,150,2,Black,RAL 9005,#111111
60,58,36,149,2,Black,RAL 9005,#111111
60,58,37,148,2,Black,RAL 9005,#111111
60,58,38,147,2,Black,RAL 9005,#111111
60,58,39,146,2,Black,RAL 9005,#111111
60,58,40,145,2,Black,RAL 9005,#111111
60,58,41,144,2,Black,RAL 9005,#111111
60,58,42,143,2,Black,RAL 9005,#111111
60,58,43,142,8,Gray,RAL 7040,#8E98A3
60,58,44,141,2,Black,RAL 9005,#111111
60,58,45,140,2,Black,RAL 9005,#111111
60,58,46,139,2,Black,RAL 9005,#111111
60,58,47,138,2,Black,RAL 9005,#111111
60,58,48,137,2,Black,RAL 9005,#111111
60,58,49,136,2,Black,RAL 9005,#111111
60,58,50,135,2,Black,RAL 9005,#111111
60,58,51,134,2,Black,RAL 9005,#111111
60,58,52,133,2,Black,RAL 9005,#111111
60,58,53,132,2,Black,RAL 9005,#111111
60,58,54,131,2,Black,RAL 9005,#111111
60,58,55,130,2,Black,RAL 9005,#111111
60,58,56,129,2,Black,RAL 9005,#111111
60,58,57,128,2,Black,RAL 9005,#111111
60,58,58,127,2,Black,RAL 9005,#111111
60,58,59,126,2,Black,RAL 9005,#111111
60,58,60,125,2,Black,RAL 9005,#111111
60,58,61,124,2,Black,RAL 9005,#111111
60,58,62,123,2,Black,RAL 9005,#111111
60,58,63,122,2,Black,RAL 9005,#111111
60,58,64,121,2,Black,RAL 9005,#111111
60,58,65,120,2,Black,RAL 9005,#111111
60,58,66,119,2,Black,RAL 9005,#111111
60,58,67,118,8,Gray,RAL 7040,#8E98A3
60,58,68,117,8,Gray,RAL 7040,#8E98A3
60,58,69,116,8,Gray,RAL 7040,#8E98A3
60,58,70,115,8,Gray,RAL 7040,#8E98A3
60,58,71,114,8,Gray,RAL 7040,#8E98A3
60,58,72,113,8,Gray,RAL 7040,#8E98A3
60,58,73,112,8,Gray,RAL 7040,#8E98A3
60,58,74,111,8,Gray,RAL 7040,#8E98A3
60,58,75,110,8,Gray,RAL 7040,#8E98A3
60,58,76,109,8,Gray,RAL 7040,#8E98A3
60,58,77,108,8,Gray,RAL 7040,#8E98A3
60,58,78,107,8,Gray,RAL 7040,#8E98A3
60,58,79,106,8,Gray,RAL 7040,#8E98A3
60,58,80,105,8,Gray,RAL 7040,#8E98A3
60,58,81,104,8,Gray,RAL 7040,#8E98A3
60,58,82,103,8,Gray,RAL 7040,#8E98A3
60,58,83,102,8,Gray,RAL 7040,#8E98A3
60,58,84,101,8,Gray,RAL 7040,#8E98A3
60,58,85,100,8,Gray,RAL 7040,#8E98A3
60,58,86,99,8,Gray,RAL 7040,#8E98A3
60,58,87,98,8,Gray,RAL 7040,#8E98A3
60,58,88,97,8,Gray,RAL 7040,#8E98A3
60,58,89,96,8,Gray,RAL 7040,#8E98A3
60,58,90,95,8,Gray,RAL 7040,#8E98A3
60,58,91,94,8,Gray,RAL 7040,#8E98A3
60,58,92,93,8,Gray,RAL 7040,#8E98A3
60,58,93,92,8,Gray,RAL 7040,#8E98A3
60,58,94,91,8,Gray,RAL 7040,#8E98A3
60,58,95,90,8,Gray,RAL 7040,#8E98A3
60,58,96,89,2,Black,RAL 9005,#111111
60,58,97,88,2,Black,RAL 9005,#111111
60,58,98,87,2,Black,RAL 9005,#111111
60,58,99,86,2,Black,RAL 9005,#111111
60,58,100,85,2,Black,RAL 9005,#111111
60,58,101,84,2,Black,RAL 9005,#111111
60,58,102,83,2,Black,RAL 9005,#111111
60,58,103,82,2,Black,RAL 9005,#111111
60,58,104,81,8,Gray,RAL 7040,#8E98A3
60,58,105,80,4,Blue,RAL 5015,#2B7FFF
60,58,106,79,4,Blue,RAL 5015,#2B7FFF
60,58,107,78,4,Blue,RAL 5015,#2B7FFF
60,58,108,77,4,Blue,RAL 5015,#2B7FFF
60,58,109,76,8,Gray,RAL 7040,#8E98A3
60,58,110,75,8,Gray,RAL 7040,#8E98A3
60,58,111,74,8,Gray,RAL 7040,#8E98A3
60,58,112,73,3,Red,RAL 3020,#C1121F
60,58,113,72,3,Red,RAL 3020,#C1121F
60,58,114,71,3,Red,RAL 3020,#C1121F
60,58,115,70,3,Red,RAL 3020,#C1121F
60,58,116,69,3,Red,RAL 3020,#C1121F
60,58,117,68,3,Red,RAL 3020,#C1121F
60,58,118,67,3,Red,RAL 3020,#C1121F
60,58,119,66,3,Red,RAL 3020,#C1121F
60,58,120,65,3,Red,RAL 3020,#C1121F
60,58,121,64,8,Gray,RAL 7040,#8E98A3
60,58,122,63,8,Gray,RAL 7040,#8E98A3
60,58,123,62,8,Gray,RAL 7040,#8E98A3
60,58,124,61,8,Gray,RAL 7040,#8E98A3
60,58,125,60,8,Gray,RAL 7040,#8E98A3
60,58,126,59,8,Gray,RAL 7040,#8E98A3
60,58,127,58,8,Gray,RAL 7040,#8E98A3
60,58,128,57,8,Gray,RAL 7040,#8E98A3
60,58,129,56,8,Gray,RAL 7040,#8E98A3
60,58,130,55,8,Gray,RAL 7040,#8E98A3
60,58,131,54,8,Gray,RAL 7040,#8E98A3
60,58,132,53,6,Green,RAL 6018,#2CA36A
60,58,133,52,6,Green,RAL 6018,#2CA36A
60,58,134,51,6,Green,RAL 6018,#2CA36A
60,58,135,50,6,Green,RAL 6018,#2CA36A
60,58,136,49,6,Green,RAL 6018,#2CA36A
60,58,137,48,6,Green,RAL 6018,#2CA36A
60,58,138,47,6,Green,RAL 6018,#2CA36A
60,58,139,46,6,Green,RAL 6018,#2CA36A
60,58,140,45,6,Green,RAL 6018,#2CA36A
60,58,141,44,6,Green,RAL 6018,#2CA36A
60,58,142,43,6,Green,RAL 6018,#2CA36A
60,58,143,42,6,Green,RAL 6018,#2CA36A
60,58,144,41,6,Green,RAL 6018,#2CA36A
60,58,145,40,6,Green,RAL 6018,#2CA36A
60,58,146,39,6,Green,RAL 6018,#2CA36A
60,58,147,38,6,Green,RAL 6018,#2CA36A
60,58,148,37,6,Green,RAL 6018,#2CA36A
60,58,149,36,6,Green,RAL 6018,#2CA36A
60,58,150,35,6,Green,RAL 6018,#2CA36A
60,58,151,34,6,Green,RAL 6018,#2CA36A
60,58,152,33,6,Green,RAL 6018,#2CA36A
60,58,153,32,6,Green,RAL 6018,#2CA36A
60,58,154,31,8,Gray,RAL 7040,#8E98A3
60,58,155,30,8,Gray,RAL 7040,#8E98A3
60,58,156,29,8,Gray,RAL 7040,#8E98A3
60,58,157,28,8,Gray,RAL 7040,#8E98A3
60,58,158,27,8,Gray,RAL 7040,#8E98A3
60,58,159,26,8,Gray,RAL 7040,#8E98A3
60,58,160,25,8,Gray,RAL 7040,#8E98A3
60,58,161,24,8,Gray,RAL 7040,#8E98A3
60,58,162,23,8,Gray,RAL 7040,#8E98A3
60,58,163,22,8,Gray,RAL 7040,#8E98A3
60,58,164,21,8,Gray,RAL 7040,#8E98A3
60,58,165,20,8,Gray,RAL 7040,#8E98A3
60,58,166,19,8,Gray,RAL 7040,#8E98A3
60,58,167,18,8,Gray,RAL 7040,#8E98A3
60,58,168,17,8,Gray,RAL 7040,#8E98A3
60,58,169,16,8,Gray,RAL 7040,#8E98A3
60,58,170,15,8,Gray,RAL 7040,#8E98A3
60,58,171,14,8,Gray,RAL 7040,#8E98A3
60,58,172,13,8,Gray,RAL 7040,#8E98A3
60,58,173,12,8,Gray,RAL 7040,#8E98A3
60,58,174,11,8,Gray,RAL 7040,#8E98A3
60,58,175,10,8,Gray,RAL 7040,#8E98A3
60,58,176,9,8,Gray,RAL 7040,#8E98A3
60,58,177,8,8,Gray,RAL 7040,#8E98A3
60,58,178,7,8,Gray,RAL 7040,#8E98A3
60,58,179,6,8,Gray,RAL 7040,#8E98A3
60,58,180,5,8,Gray,RAL 7040,#8E98A3
60,58,181,4,8,Gray,RAL 7040,#8E98A3
60,58,182,3,8,Gray,RAL 7040,#8E98A3
60,58,183,2,8,Gray,RAL 7040,#8E98A3
60,58,184,1,8,Gray,RAL 7040,#8E98A3
61,57,1,184,2,Black,RAL 9005,#111111
61,57,2,183,2,Black,RAL 9005,#111111
61,57,3,182,2,Black,RAL 9005,#111111
61,57,4,181,2,Black,RAL 9005,#111111
61,57,5,180,2,Black,RAL 9005,#111111
61,57,6,179,8,Gray,RAL 7040,#8E98A3
61,57,7,178,8,Gray,RAL 7040,#8E98A3
61,57,8,177,8,Gray,RAL 7040,#8E98A3
61,57,9,176,2,Black,RAL 9005,#111111
61,57,10,175,8,Gray,RAL 7040,#8E98A3
61,57,11,174,8,Gray,RAL 7040,#8E98A3
61,57,12,173,8,Gray,RAL 7040,#8E98A3
61,57,13,172,2,Black,RAL 9005,#111111
61,57,14,171,8,Gray,RAL 7040,#8E98A3
61,57,15,170,8,Gray,RAL 7040,#8E98A3
61,57,16,169,2,Black,RAL 9005,#111111
61,57,17,168,8,Gray,RAL 7040,#8E98A3
61,57,18,167,2,Black,RAL 9005,#111111
61,57,19,166,8,Gray,RAL 7040,#8E98A3
61,57,20,165,8,Gray,RAL 7040,#8E98A3
61,57,21,164,8,Gray,RAL 7040,#8E98A3
61,57,22,163,2,Black,RAL 9005,#111111
61,57,23,162,8,Gray,RAL 7040,#8E98A3
61,57,24,161,8,Gray,RAL 7040,#8E98A3
61,57,25,160,8,Gray,RAL 7040,#8E98A3
61,57,26,159,2,Black,RAL 9005,#111111
61,57,27,158,2,Black,RAL 9005,#111111
61,57,28,157,2,Black,RAL 9005,#111111
61,57,29,156,8,Gray,RAL 7040,#8E98A3
61,57,30,155,8,Gray,RAL 7040,#8E98A3
61,57,31,154,8,Gray,RAL 7040,#8E98A3
61,57,32,153,2,Black,RAL 9005,#111111
61,57,33,152,8,Gray,RAL 7040,#8E98A3
61,57,34,151,8,Gray,RAL 7040,#8E98A3
61,57,35,150,8,Gray,RAL 7040,#8E98A3
61,57,36,149,8,Gray,RAL 7040,#8E98A3
61,57,37,148,8,Gray,RAL 7040,#8E98A3
61,57,38,147,8,Gray,RAL 7040,#8E98A3
61,57,39,146,8,Gray,RAL 7040,#8E98A3
61,57,40,145,8,Gray,RAL 7040,#8E98A3
61,57,41,144,2,Black,RAL 9005,#111111
61,57,42,143,8,Gray,RAL 7040,#8E98A3
61,57,43,142,8,Gray,RAL 7040,#8E98A3
61,57,44,141,2,Black,RAL 9005,#111111
61,57,45,140,8,Gray,RAL 7040,#8E98A3
61,57,46,139,8,Gray,RAL 7040,#8E98A3
61,57,47,138,8,Gray,RAL 7040,#8E98A3
61,57,48,137,8,Gray,RAL 7040,#8E98A3
61,57,49,136,8,Gray,RAL 7040,#8E98A3
61,57,50,135,2,Black,RAL 9005,#111111
61,57,51,134,8,Gray,RAL 7040,#8E98A3
61,57,52,133,2,Black,RAL 9005,#111111
61,57,53,132,8,Gray,RAL 7040,#8E98A3
61,57,54,131,2,Black,RAL 9005,#111111
61,57,55,130,2,Black,RAL 9005,#111111
61,57,56,129,2,Black,RAL 9005,#111111
61,57,57,128,2,Black,RAL 9005,#111111
61,57,58,127,2,Black,RAL 9005,#111111
61,57,59,126,2,Black,RAL 9005,#111111
61,57,60,125,2,Black,RAL 9005,#111111
61,57,61,124,2,Black,RAL 9005,#111111
61,57,62,123,2,Black,RAL 9005,#111111
61,57,63,122,2,Black,RAL 9005,#111111
61,57,64,121,2,Black,RAL 9005,#111111
61,57,65,120,2,Black,RAL 9005,#111111
61,57,66,119,8,Gray,RAL 7040,#8E98A3
61,57,67,118,8,Gray,RAL 7040,#8E98A3
61,57,68,117,8,Gray,RAL 7040,#8E98A3
61,57,69,116,8,Gray,RAL 7040,#8E98A3
61,57,70,115,8,Gray,RAL 7040,#8E98A3
61,57,71,114,8,Gray,RAL 7040,#8E98A3
61,57,72,113,8,Gray,RAL 7040,#8E98A3
61,57,73,112,8,Gray,RAL 7040,#8E98A3
61,57,74,111,8,Gray,RAL 7040,#8E98A3
61,57,75,110,8,Gray,RAL 7040,#8E98A3
61,57,76,109,8,Gray,RAL 7040,#8E98A3
61,57,77,108,8,Gray,RAL 7040,#8E98A3
61,57,78,107,8,Gray,RAL 7040,#8E98A3
61,57,79,106,8,Gray,RAL 7040,#8E98A3
61,57,80,105,8,Gray,RAL 7040,#8E98A3
61,57,81,104,8,Gray,RAL 7040,#8E98A3
61,57,82,103,8,Gray,RAL 7040,#8E98A3
61,57,83,102,8,Gray,RAL 7040,#8E98A3
61,57,84,101,8,Gray,RAL 7040,#8E98A3
61,57,85,100,8,Gray,RAL 7040,#8E98A3
61,57,86,99,8,Gray,RAL 7040,#8E98A3
61,57,87,98,8,Gray,RAL 7040,#8E98A3
61,57,88,97,8,Gray,RAL 7040,#8E98A3
61,57,89,96,8,Gray,RAL 7040,#8E98A3
61,57,90,95,8,Gray,RAL 7040,#8E98A3
61,57,91,94,8,Gray,RAL 7040,#8E98A3
61,57,92,93,8,Gray,RAL 7040,#8E98A3
61,57,93,92,8,Gray,RAL 7040,#8E98A3
61,57,94,91,8,Gray,RAL 7040,#8E98A3
61,57,95,90,8,Gray,RAL 7040,#8E98A3
61,57,96,89,2,Black,RAL 9005,#111111
61,57,97,88,2,Black,RAL 9005,#111111
61,57,98,87,2,Black,RAL 9005,#111111
61,57,99,86,2,Black,RAL 9005,#111111
61,57,100,85,2,Black,RAL 9005,#111111
61,57,101,84,2,Black,RAL 9005,#111111
61,57,102,83,2,Black,RAL 9005,#111111
61,57,103,82,2,Black,RAL 9005,#111111
61,57,104,81,8,Gray,RAL 7040,#8E98A3
61,57,105,80,4,Blue,RAL 5015,#2B7FFF
61,57,106,79,4,Blue,RAL 5015,#2B7FFF
61,57,107,78,4,Blue,RAL 5015,#2B7FFF
61,57,108,77,4,Blue,RAL 5015,#2B7FFF
61,57,109,76,4,Blue,RAL 5015,#2B7FFF
61,57,110,75,4,Blue,RAL 5015,#2B7FFF
61,57,111,74,4,Blue,RAL 5015,#2B7FFF
61,57,112,73,4,Blue,RAL 5015,#2B7FFF
61,57,113,72,8,Gray,RAL 7040,#8E98A3
61,57,114,71,8,Gray,RAL 7040,#8E98A3
61,57,115,70,8,Gray,RAL 7040,#8E98A3
61,57,116,69,8,Gray,RAL 7040,#8E98A3
61,57,117,68,8,Gray,RAL 7040,#8E98A3
61,57,118,67,8,Gray,RAL 7040,#8E98A3
61,57,119,66,8,Gray,RAL 7040,#8E98A3
61,57,120,65,8,Gray,RAL 7040,#8E98A3
61,57,121,64,8,Gray,RAL 7040,#8E98A3
61,57,122,63,8,Gray,RAL 7040,#8E98A3
61,57,123,62,8,Gray,RAL 7040,#8E98A3
61,57,124,61,8,Gray,RAL 7040,#8E98A3
61,57,125,60,8,Gray,RAL 7040,#8E98A3
61,57,126,59,8,Gray,RAL 7040,#8E98A3
61,57,127,58,8,Gray,RAL 7040,#8E98A3
61,57,128,57,8,Gray,RAL 7040,#8E98A3
61,57,129,56,8,Gray,RAL 7040,#8E98A3
61,57,130,55,8,Gray,RAL 7040,#8E98A3
61,57,131,54,8,Gray,RAL 7040,#8E98A3
61,57,132,53,6,Green,RAL 6018,#2CA36A
61,57,133,52,6,Green,RAL 6018,#2CA36A
61,57,134,51,6,Green,RAL 6018,#2CA36A
61,57,135,50,6,Green,RAL 6018,#2CA36A
61,57,136,49,6,Green,RAL 6018,#2CA36A
61,57,137,48,6,Green,RAL 6018,#2CA36A
61,57,138,47,6,Green,RAL 6018,#2CA36A
61,57,139,46,6,Green,RAL 6018,#2CA36A
61,57,140,45,6,Green,RAL 6018,#2CA36A
61,57,141,44,6,Green,RAL 6018,#2CA36A
61,57,142,43,6,Green,RAL 6018,#2CA36A
61,57,143,42,6,Green,RAL 6018,#2CA36A
61,57,144,41,6,Green,RAL 6018,#2CA36A
61,57,145,40,6,Green,RAL 6018,#2CA36A
61,57,146,39,6,Green,RAL 6018,#2CA36A
61,57,147,38,6,Green,RAL 6018,#2CA36A
61,57,148,37,6,Green,RAL 6018,#2CA36A
61,57,149,36,6,Green,RAL 6018,#2CA36A
61,57,150,35,6,Green,RAL 6018,#2CA36A
61,57,151,34,6,Green,RAL 6018,#2CA36A
61,57,152,33,6,Green,RAL 6018,#2CA36A
61,57,153,32,6,Green,RAL 6018,#2CA36A
61,57,154,31,8,Gray,RAL 7040,#8E98A3
61,57,155,30,8,Gray,RAL 7040,#8E98A3
61,57,156,29,8,Gray,RAL 7040,#8E98A3
61,57,157,28,8,Gray,RAL 7040,#8E98A3
61,57,158,27,8,Gray,RAL 7040,#8E98A3
61,57,159,26,8,Gray,RAL 7040,#8E98A3
61,57,160,25,8,Gray,RAL 7040,#8E98A3
61,57,161,24,8,Gray,RAL 7040,#8E98A3
61,57,162,23,8,Gray,RAL 7040,#8E98A3
61,57,163,22,8,Gray,RAL 7040,#8E98A3
61,57,164,21,8,Gray,RAL 7040,#8E98A3
61,57,165,20,8,Gray,RAL 7040,#8E98A3
61,57,166,19,8,Gray,RAL 7040,#8E98A3
61,57,167,18,8,Gray,RAL 7040,#8E98A3
61,57,168,17,8,Gray,RAL 7040,#8E98A3
61,57,169,16,8,Gray,RAL 7040,#8E98A3
61,57,170,15,8,Gray,RAL 7040,#8E98A3
61,57,171,14,8,Gray,RAL 7040,#8E98A3
61,57,172,13,8,Gray,RAL 7040,#8E98A3
61,57,173,12,8,Gray,RAL 7040,#8E98A3
61,57,174,11,8,Gray,RAL 7040,#8E98A3
61,57,175,10,8,Gray,RAL 7040,#8E98A3
61,57,176,9,8,Gray,RAL 7040,#8E98A3
61,57,177,8,8,Gray,RAL 7040,#8E98A3
61,57,178,7,8,Gray,RAL 7040,#8E98A3
61,57,179,6,8,Gray,RAL 7040,#8E98A3
61,57,180,5,8,Gray,RAL 7040,#8E98A3
61,57,181,4,8,Gray,RAL 7040,#8E98A3
61,57,182,3,8,Gray,RAL 7040,#8E98A3
61,57,183,2,8,Gray,RAL 7040,#8E98A3
61,57,184,1,8,Gray,RAL 7040,#8E98A3
62,56,1,184,2,Black,RAL 9005,#111111
62,56,2,183,2,Black,RAL 9005,#111111
62,56,3,182,2,Black,RAL 9005,#111111
62,56,4,181,2,Black,RAL 9005,#111111
62,56,5,180,8,Gray,RAL 7040,#8E98A3
62,56,6,179,2,Black,RAL 9005,#111111
62,56,7,178,2,Black,RAL 9005,#111111
62,56,8,177,8,Gray,RAL 7040,#8E98A3
62,56,9,176,8,Gray,RAL 7040,#8E98A3
62,56,10,175,8,Gray,RAL 7040,#8E98A3
62,56,11,174,8,Gray,RAL 7040,#8E98A3
62,56,12,173,8,Gray,RAL 7040,#8E98A3
62,56,13,172,8,Gray,RAL 7040,#8E98A3
62,56,14,171,8,Gray,RAL 7040,#8E98A3
62,56,15,170,2,Black,RAL 9005,#111111
62,56,16,169,2,Black,RAL 9005,#111111
62,56,17,168,8,Gray,RAL 7040,#8E98A3
62,56,18,167,8,Gray,RAL 7040,#8E98A3
62,56,19,166,8,Gray,RAL 7040,#8E98A3
62,56,20,165,2,Black,RAL 9005,#111111
62,56,21,164,8,Gray,RAL 7040,#8E98A3
62,56,22,163,2,Black,RAL 9005,#111111
62,56,23,162,8,Gray,RAL 7040,#8E98A3
62,56,24,161,2,Black,RAL 9005,#111111
62,56,25,160,8,Gray,RAL 7040,#8E98A3
62,56,26,159,2,Black,RAL 9005,#111111
62,56,27,158,2,Black,RAL 9005,#111111
62,56,28,157,2,Black,RAL 9005,#111111
62,56,29,156,8,Gray,RAL 7040,#8E98A3
62,56,30,155,2,Black,RAL 9005,#111111
62,56,31,154,8,Gray,RAL 7040,#8E98A3
62,56,32,153,8,Gray,RAL 7040,#8E98A3
62,56,33,152,8,Gray,RAL 7040,#8E98A3
62,56,34,151,8,Gray,RAL 7040,#8E98A3
62,56,35,150,2,Black,RAL 9005,#111111
62,56,36,149,14,E2E Color Updated 1771984248948,RAL DUP 1771984248948,#CCBBAA
62,56,37,148,8,Gray,RAL 7040,#8E98A3
62,56,38,147,14,E2E Color Updated 1771984248948,RAL DUP 1771984248948,#CCBBAA
62,56,39,146,8,Gray,RAL 7040,#8E98A3
62,56,40,145,8,Gray,RAL 7040,#8E98A3
62,56,41,144,8,Gray,RAL 7040,#8E98A3
62,56,42,143,8,Gray,RAL 7040,#8E98A3
62,56,43,142,8,Gray,RAL 7040,#8E98A3
62,56,44,141,2,Black,RAL 9005,#111111
62,56,45,140,8,Gray,RAL 7040,#8E98A3
62,56,46,139,8,Gray,RAL 7040,#8E98A3
62,56,47,138,8,Gray,RAL 7040,#8E98A3
62,56,48,137,8,Gray,RAL 7040,#8E98A3
62,56,49,136,8,Gray,RAL 7040,#8E98A3
62,56,50,135,8,Gray,RAL 7040,#8E98A3
62,56,51,134,8,Gray,RAL 7040,#8E98A3
62,56,52,133,8,Gray,RAL 7040,#8E98A3
62,56,53,132,8,Gray,RAL 7040,#8E98A3
62,56,54,131,2,Black,RAL 9005,#111111
62,56,55,130,2,Black,RAL 9005,#111111
62,56,56,129,2,Black,RAL 9005,#111111
62,56,57,128,2,Black,RAL 9005,#111111
62,56,58,127,2,Black,RAL 9005,#111111
62,56,59,126,2,Black,RAL 9005,#111111
62,56,60,125,2,Black,RAL 9005,#111111
62,56,61,124,2,Black,RAL 9005,#111111
62,56,62,123,2,Black,RAL 9005,#111111
62,56,63,122,2,Black,RAL 9005,#111111
62,56,64,121,2,Black,RAL 9005,#111111
62,56,65,120,8,Gray,RAL 7040,#8E98A3
62,56,66,119,8,Gray,RAL 7040,#8E98A3
62,56,67,118,8,Gray,RAL 7040,#8E98A3
62,56,68,117,8,Gray,RAL 7040,#8E98A3
62,56,69,116,8,Gray,RAL 7040,#8E98A3
62,56,70,115,8,Gray,RAL 7040,#8E98A3
62,56,71,114,8,Gray,RAL 7040,#8E98A3
62,56,72,113,8,Gray,RAL 7040,#8E98A3
62,56,73,112,8,Gray,RAL 7040,#8E98A3
62,56,74,111,8,Gray,RAL 7040,#8E98A3
62,56,75,110,8,Gray,RAL 7040,#8E98A3
62,56,76,109,8,Gray,RAL 7040,#8E98A3
62,56,77,108,8,Gray,RAL 7040,#8E98A3
62,56,78,107,8,Gray,RAL 7040,#8E98A3
62,56,79,106,8,Gray,RAL 7040,#8E98A3
62,56,80,105,8,Gray,RAL 7040,#8E98A3
62,56,81,104,8,Gray,RAL 7040,#8E98A3
62,56,82,103,8,Gray,RAL 7040,#8E98A3
62,56,83,102,8,Gray,RAL 7040,#8E98A3
62,56,84,101,8,Gray,RAL 7040,#8E98A3
62,56,85,100,8,Gray,RAL 7040,#8E98A3
62,56,86,99,8,Gray,RAL 7040,#8E98A3
62,56,87,98,8,Gray,RAL 7040,#8E98A3
62,56,88,97,8,Gray,RAL 7040,#8E98A3
62,56,89,96,8,Gray,RAL 7040,#8E98A3
62,56,90,95,8,Gray,RAL 7040,#8E98A3
62,56,91,94,8,Gray,RAL 7040,#8E98A3
62,56,92,93,8,Gray,RAL 7040,#8E98A3
62,56,93,92,8,Gray,RAL 7040,#8E98A3
62,56,94,91,8,Gray,RAL 7040,#8E98A3
62,56,95,90,8,Gray,RAL 7040,#8E98A3
62,56,96,89,2,Black,RAL 9005,#111111
62,56,97,88,2,Black,RAL 9005,#111111
62,56,98,87,2,Black,RAL 9005,#111111
62,56,99,86,2,Black,RAL 9005,#111111
62,56,100,85,2,Black,RAL 9005,#111111
62,56,101,84,2,Black,RAL 9005,#111111
62,56,102,83,2,Black,RAL 9005,#111111
62,56,103,82,2,Black,RAL 9005,#111111
62,56,104,81,8,Gray,RAL 7040,#8E98A3
62,56,105,80,4,Blue,RAL 5015,#2B7FFF
62,56,106,79,4,Blue,RAL 5015,#2B7FFF
62,56,107,78,4,Blue,RAL 5015,#2B7FFF
62,56,108,77,4,Blue,RAL 5015,#2B7FFF
62,56,109,76,4,Blue,RAL 5015,#2B7FFF
62,56,110,75,4,Blue,RAL 5015,#2B7FFF
62,56,111,74,4,Blue,RAL 5015,#2B7FFF
62,56,112,73,4,Blue,RAL 5015,#2B7FFF
62,56,113,72,4,Blue,RAL 5015,#2B7FFF
62,56,114,71,8,Gray,RAL 7040,#8E98A3
62,56,115,70,8,Gray,RAL 7040,#8E98A3
62,56,116,69,8,Gray,RAL 7040,#8E98A3
62,56,117,68,8,Gray,RAL 7040,#8E98A3
62,56,118,67,8,Gray,RAL 7040,#8E98A3
62,56,119,66,8,Gray,RAL 7040,#8E98A3
62,56,120,65,8,Gray,RAL 7040,#8E98A3
62,56,121,64,8,Gray,RAL 7040,#8E98A3
62,56,122,63,8,Gray,RAL 7040,#8E98A3
62,56,123,62,8,Gray,RAL 7040,#8E98A3
62,56,124,61,8,Gray,RAL 7040,#8E98A3
62,56,125,60,8,Gray,RAL 7040,#8E98A3
62,56,126,59,8,Gray,RAL 7040,#8E98A3
62,56,127,58,8,Gray,RAL 7040,#8E98A3
62,56,128,57,8,Gray,RAL 7040,#8E98A3
62,56,129,56,8,Gray,RAL 7040,#8E98A3
62,56,130,55,8,Gray,RAL 7040,#8E98A3
62,56,131,54,8,Gray,RAL 7040,#8E98A3
62,56,132,53,8,Gray,RAL 7040,#8E98A3
62,56,133,52,6,Green,RAL 6018,#2CA36A
62,56,134,51,6,Green,RAL 6018,#2CA36A
62,56,135,50,6,Green,RAL 6018,#2CA36A
62,56,136,49,6,Green,RAL 6018,#2CA36A
62,56,137,48,6,Green,RAL 6018,#2CA36A
62,56,138,47,6,Green,RAL 6018,#2CA36A
62,56,139,46,6,Green,RAL 6018,#2CA36A
62,56,140,45,6,Green,RAL 6018,#2CA36A
62,56,141,44,6,Green,RAL 6018,#2CA36A
62,56,142,43,6,Green,RAL 6018,#2CA36A
62,56,143,42,6,Green,RAL 6018,#2CA36A
62,56,144,41,6,Green,RAL 6018,#2CA36A
62,56,145,40,6,Green,RAL 6018,#2CA36A
62,56,146,39,6,Green,RAL 6018,#2CA36A
62,56,147,38,6,Green,RAL 6018,#2CA36A
62,56,148,37,6,Green,RAL 6018,#2CA36A
62,56,149,36,6,Green,RAL 6018,#2CA36A
62,56,150,35,6,Green,RAL 6018,#2CA36A
62,56,151,34,6,Green,RAL 6018,#2CA36A
62,56,152,33,8,Gray,RAL 7040,#8E98A3
62,56,153,32,8,Gray,RAL 7040,#8E98A3
62,56,154,31,8,Gray,RAL 7040,#8E98A3
62,56,155,30,8,Gray,RAL 7040,#8E98A3
62,56,156,29,8,Gray,RAL 7040,#8E98A3
62,56,157,28,8,Gray,RAL 7040,#8E98A3
62,56,158,27,8,Gray,RAL 7040,#8E98A3
62,56,159,26,8,Gray,RAL 7040,#8E98A3
62,56,160,25,8,Gray,RAL 7040,#8E98A3
62,56,161,24,8,Gray,RAL 7040,#8E98A3
62,56,162,23,8,Gray,RAL 7040,#8E98A3
62,56,163,22,8,Gray,RAL 7040,#8E98A3
62,56,164,21,8,Gray,RAL 7040,#8E98A3
62,56,165,20,8,Gray,RAL 7040,#8E98A3
62,56,166,19,8,Gray,RAL 7040,#8E98A3
62,56,167,18,8,Gray,RAL 7040,#8E98A3
62,56,168,17,8,Gray,RAL 7040,#8E98A3
62,56,169,16,8,Gray,RAL 7040,#8E98A3
62,56,170,15,8,Gray,RAL 7040,#8E98A3
62,56,171,14,8,Gray,RAL 7040,#8E98A3
62,56,172,13,8,Gray,RAL 7040,#8E98A3
62,56,173,12,8,Gray,RAL 7040,#8E98A3
62,56,174,11,8,Gray,RAL 7040,#8E98A3
62,56,175,10,8,Gray,RAL 7040,#8E98A3
62,56,176,9,8,Gray,RAL 7040,#8E98A3
62,56,177,8,8,Gray,RAL 7040,#8E98A3
62,56,178,7,8,Gray,RAL 7040,#8E98A3
62,56,179,6,8,Gray,RAL 7040,#8E98A3
62,56,180,5,8,Gray,RAL 7040,#8E98A3
62,56,181,4,8,Gray,RAL 7040,#8E98A3
62,56,182,3,8,Gray,RAL 7040,#8E98A3
62,56,183,2,8,Gray,RAL 7040,#8E98A3
62,56,184,1,8,Gray,RAL 7040,#8E98A3
63,55,1,184,2,Black,RAL 9005,#111111
63,55,2,183,2,Black,RAL 9005,#111111
63,55,3,182,2,Black,RAL 9005,#111111
63,55,4,181,2,Black,RAL 9005,#111111
63,55,5,180,8,Gray,RAL 7040,#8E98A3
63,55,6,179,2,Black,RAL 9005,#111111
63,55,7,178,2,Black,RAL 9005,#111111
63,55,8,177,8,Gray,RAL 7040,#8E98A3
63,55,9,176,8,Gray,RAL 7040,#8E98A3
63,55,10,175,8,Gray,RAL 7040,#8E98A3
63,55,11,174,8,Gray,RAL 7040,#8E98A3
63,55,12,173,8,Gray,RAL 7040,#8E98A3
63,55,13,172,2,Black,RAL 9005,#111111
63,55,14,171,8,Gray,RAL 7040,#8E98A3
63,55,15,170,8,Gray,RAL 7040,#8E98A3
63,55,16,169,2,Black,RAL 9005,#111111
63,55,17,168,8,Gray,RAL 7040,#8E98A3
63,55,18,167,8,Gray,RAL 7040,#8E98A3
63,55,19,166,2,Black,RAL 9005,#111111
63,55,20,165,2,Black,RAL 9005,#111111
63,55,21,164,8,Gray,RAL 7040,#8E98A3
63,55,22,163,2,Black,RAL 9005,#111111
63,55,23,162,8,Gray,RAL 7040,#8E98A3
63,55,24,161,2,Black,RAL 9005,#111111
63,55,25,160,8,Gray,RAL 7040,#8E98A3
63,55,26,159,2,Black,RAL 9005,#111111
63,55,27,158,2,Black,RAL 9005,#111111
63,55,28,157,2,Black,RAL 9005,#111111
63,55,29,156,8,Gray,RAL 7040,#8E98A3
63,55,30,155,2,Black,RAL 9005,#111111
63,55,31,154,8,Gray,RAL 7040,#8E98A3
63,55,32,153,8,Gray,RAL 7040,#8E98A3
63,55,33,152,8,Gray,RAL 7040,#8E98A3
63,55,34,151,2,Black,RAL 9005,#111111
63,55,35,150,8,Gray,RAL 7040,#8E98A3
63,55,36,149,8,Gray,RAL 7040,#8E98A3
63,55,37,148,8,Gray,RAL 7040,#8E98A3
63,55,38,147,8,Gray,RAL 7040,#8E98A3
63,55,39,146,2,Black,RAL 9005,#111111
63,55,40,145,8,Gray,RAL 7040,#8E98A3
63,55,41,144,8,Gray,RAL 7040,#8E98A3
63,55,42,143,2,Black,RAL 9005,#111111
63,55,43,142,8,Gray,RAL 7040,#8E98A3
63,55,44,141,2,Black,RAL 9005,#111111
63,55,45,140,8,Gray,RAL 7040,#8E98A3
63,55,46,139,8,Gray,RAL 7040,#8E98A3
63,55,47,138,8,Gray,RAL 7040,#8E98A3
63,55,48,137,2,Black,RAL 9005,#111111
63,55,49,136,8,Gray,RAL 7040,#8E98A3
63,55,50,135,8,Gray,RAL 7040,#8E98A3
63,55,51,134,8,Gray,RAL 7040,#8E98A3
63,55,52,133,8,Gray,RAL 7040,#8E98A3
63,55,53,132,8,Gray,RAL 7040,#8E98A3
63,55,54,131,2,Black,RAL 9005,#111111
63,55,55,130,2,Black,RAL 9005,#111111
63,55,56,129,2,Black,RAL 9005,#111111
63,55,57,128,2,Black,RAL 9005,#111111
63,55,58,127,2,Black,RAL 9005,#111111
63,55,59,126,2,Black,RAL 9005,#111111
63,55,60,125,2,Black,RAL 9005,#111111
63,55,61,124,2,Black,RAL 9005,#111111
63,55,62,123,2,Black,RAL 9005,#111111
63,55,63,122,2,Black,RAL 9005,#111111
63,55,64,121,8,Gray,RAL 7040,#8E98A3
63,55,65,120,8,Gray,RAL 7040,#8E98A3
63,55,66,119,8,Gray,RAL 7040,#8E98A3
63,55,67,118,8,Gray,RAL 7040,#8E98A3
63,55,68,117,8,Gray,RAL 7040,#8E98A3
63,55,69,116,8,Gray,RAL 7040,#8E98A3
63,55,70,115,8,Gray,RAL 7040,#8E98A3
63,55,71,114,8,Gray,RAL 7040,#8E98A3
63,55,72,113,8,Gray,RAL 7040,#8E98A3
63,55,73,112,8,Gray,RAL 7040,#8E98A3
63,55,74,111,8,Gray,RAL 7040,#8E98A3
63,55,75,110,8,Gray,RAL 7040,#8E98A3
63,55,76,109,8,Gray,RAL 7040,#8E98A3
63,55,77,108,8,Gray,RAL 7040,#8E98A3
63,55,78,107,8,Gray,RAL 7040,#8E98A3
63,55,79,106,8,Gray,RAL 7040,#8E98A3
63,55,80,105,8,Gray,RAL 7040,#8E98A3
63,55,81,104,8,Gray,RAL 7040,#8E98A3
63,55,82,103,8,Gray,RAL 7040,#8E98A3
63,55,83,102,8,Gray,RAL 7040,#8E98A3
63,55,84,101,8,Gray,RAL 7040,#8E98A3
63,55,85,100,8,Gray,RAL 7040,#8E98A3
63,55,86,99,8,Gray,RAL 7040,#8E98A3
63,55,87,98,8,Gray,RAL 7040,#8E98A3
63,55,88,97,8,Gray,RAL 7040,#8E98A3
63,55,89,96,8,Gray,RAL 7040,#8E98A3
63,55,90,95,8,Gray,RAL 7040,#8E98A3
63,55,91,94,8,Gray,RAL 7040,#8E98A3
63,55,92,93,8,Gray,RAL 7040,#8E98A3
63,55,93,92,8,Gray,RAL 7040,#8E98A3
63,55,94,91,8,Gray,RAL 7040,#8E98A3
63,55,95,90,8,Gray,RAL 7040,#8E98A3
63,55,96,89,2,Black,RAL 9005,#111111
63,55,97,88,2,Black,RAL 9005,#111111
63,55,98,87,2,Black,RAL 9005,#111111
63,55,99,86,2,Black,RAL 9005,#111111
63,55,100,85,2,Black,RAL 9005,#111111
63,55,101,84,2,Black,RAL 9005,#111111
63,55,102,83,2,Black,RAL 9005,#111111
63,55,103,82,8,Gray,RAL 7040,#8E98A3
63,55,104,81,4,Blue,RAL 5015,#2B7FFF
63,55,105,80,4,Blue,RAL 5015,#2B7FFF
63,55,106,79,4,Blue,RAL 5015,#2B7FFF
63,55,107,78,4,Blue,RAL 5015,#2B7FFF
63,55,108,77,4,Blue,RAL 5015,#2B7FFF
63,55,109,76,4,Blue,RAL 5015,#2B7FFF
63,55,110,75,4,Blue,RAL 5015,#2B7FFF
63,55,111,74,4,Blue,RAL 5015,#2B7FFF
63,55,112,73,4,Blue,RAL 5015,#2B7FFF
63,55,113,72,4,Blue,RAL 5015,#2B7FFF
63,55,114,71,8,Gray,RAL 7040,#8E98A3
63,55,115,70,8,Gray,RAL 7040,#8E98A3
63,55,116,69,8,Gray,RAL 7040,#8E98A3
63,55,117,68,8,Gray,RAL 7040,#8E98A3
63,55,118,67,8,Gray,RAL 7040,#8E98A3
63,55,119,66,8,Gray,RAL 7040,#8E98A3
63,55,120,65,8,Gray,RAL 7040,#8E98A3
63,55,121,64,8,Gray,RAL 7040,#8E98A3
63,55,122,63,8,Gray,RAL 7040,#8E98A3
63,55,123,62,8,Gray,RAL 7040,#8E98A3
63,55,124,61,8,Gray,RAL 7040,#8E98A3
63,55,125,60,8,Gray,RAL 7040,#8E98A3
63,55,126,59,8,Gray,RAL 7040,#8E98A3
63,55,127,58,8,Gray,RAL 7040,#8E98A3
63,55,128,57,8,Gray,RAL 7040,#8E98A3
63,55,129,56,8,Gray,RAL 7040,#8E98A3
63,55,130,55,8,Gray,RAL 7040,#8E98A3
63,55,131,54,8,Gray,RAL 7040,#8E98A3
63,55,132,53,8,Gray,RAL 7040,#8E98A3
63,55,133,52,8,Gray,RAL 7040,#8E98A3
63,55,134,51,6,Green,RAL 6018,#2CA36A
63,55,135,50,6,Green,RAL 6018,#2CA36A
63,55,136,49,6,Green,RAL 6018,#2CA36A
63,55,137,48,6,Green,RAL 6018,#2CA36A
63,55,138,47,6,Green,RAL 6018,#2CA36A
63,55,139,46,6,Green,RAL 6018,#2CA36A
63,55,140,45,6,Green,RAL 6018,#2CA36A
63,55,141,44,6,Green,RAL 6018,#2CA36A
63,55,142,43,6,Green,RAL 6018,#2CA36A
63,55,143,42,6,Green,RAL 6018,#2CA36A
63,55,144,41,6,Green,RAL 6018,#2CA36A
63,55,145,40,6,Green,RAL 6018,#2CA36A
63,55,146,39,6,Green,RAL 6018,#2CA36A
63,55,147,38,6,Green,RAL 6018,#2CA36A
63,55,148,37,6,Green,RAL 6018,#2CA36A
63,55,149,36,6,Green,RAL 6018,#2CA36A
63,55,150,35,6,Green,RAL 6018,#2CA36A
63,55,151,34,8,Gray,RAL 7040,#8E98A3
63,55,152,33,8,Gray,RAL 7040,#8E98A3
63,55,153,32,8,Gray,RAL 7040,#8E98A3
63,55,154,31,8,Gray,RAL 7040,#8E98A3
63,55,155,30,8,Gray,RAL 7040,#8E98A3
63,55,156,29,8,Gray,RAL 7040,#8E98A3
63,55,157,28,8,Gray,RAL 7040,#8E98A3
63,55,158,27,8,Gray,RAL 7040,#8E98A3
63,55,159,26,8,Gray,RAL 7040,#8E98A3
63,55,160,25,8,Gray,RAL 7040,#8E98A3
63,55,161,24,8,Gray,RAL 7040,#8E98A3
63,55,162,23,8,Gray,RAL 7040,#8E98A3
63,55,163,22,8,Gray,RAL 7040,#8E98A3
63,55,164,21,8,Gray,RAL 7040,#8E98A3
63,55,165,20,8,Gray,RAL 7040,#8E98A3
63,55,166,19,8,Gray,RAL 7040,#8E98A3
63,55,167,18,8,Gray,RAL 7040,#8E98A3
63,55,168,17,8,Gray,RAL 7040,#8E98A3
63,55,169,16,8,Gray,RAL 7040,#8E98A3
63,55,170,15,8,Gray,RAL 7040,#8E98A3
63,55,171,14,8,Gray,RAL 7040,#8E98A3
63,55,172,13,8,Gray,RAL 7040,#8E98A3
63,55,173,12,8,Gray,RAL 7040,#8E98A3
63,55,174,11,8,Gray,RAL 7040,#8E98A3
63,55,175,10,8,Gray,RAL 7040,#8E98A3
63,55,176,9,8,Gray,RAL 7040,#8E98A3
63,55,177,8,8,Gray,RAL 7040,#8E98A3
63,55,178,7,8,Gray,RAL 7040,#8E98A3
63,55,179,6,8,Gray,RAL 7040,#8E98A3
63,55,180,5,8,Gray,RAL 7040,#8E98A3
63,55,181,4,8,Gray,RAL 7040,#8E98A3
63,55,182,3,8,Gray,RAL 7040,#8E98A3
63,55,183,2,8,Gray,RAL 7040,#8E98A3
63,55,184,1,8,Gray,RAL 7040,#8E98A3
64,54,1,184,2,Black,RAL 9005,#111111
64,54,2,183,2,Black,RAL 9005,#111111
64,54,3,182,2,Black,RAL 9005,#111111
64,54,4,181,2,Black,RAL 9005,#111111
64,54,5,180,8,Gray,RAL 7040,#8E98A3
64,54,6,179,8,Gray,RAL 7040,#8E98A3
64,54,7,178,8,Gray,RAL 7040,#8E98A3
64,54,8,177,8,Gray,RAL 7040,#8E98A3
64,54,9,176,2,Black,RAL 9005,#111111
64,54,10,175,8,Gray,RAL 7040,#8E98A3
64,54,11,174,8,Gray,RAL 7040,#8E98A3
64,54,12,173,8,Gray,RAL 7040,#8E98A3
64,54,13,172,8,Gray,RAL 7040,#8E98A3
64,54,14,171,8,Gray,RAL 7040,#8E98A3
64,54,15,170,8,Gray,RAL 7040,#8E98A3
64,54,16,169,2,Black,RAL 9005,#111111
64,54,17,168,8,Gray,RAL 7040,#8E98A3
64,54,18,167,8,Gray,RAL 7040,#8E98A3
64,54,19,166,8,Gray,RAL 7040,#8E98A3
64,54,20,165,8,Gray,RAL 7040,#8E98A3
64,54,21,164,14,E2E Color Updated 1771984248948,RAL DUP 1771984248948,#CCBBAA
64,54,22,163,2,Black,RAL 9005,#111111
64,54,23,162,8,Gray,RAL 7040,#8E98A3
64,54,24,161,2,Black,RAL 9005,#111111
64,54,25,160,8,Gray,RAL 7040,#8E98A3
64,54,26,159,2,Black,RAL 9005,#111111
64,54,27,158,2,Black,RAL 9005,#111111
64,54,28,157,2,Black,RAL 9005,#111111
64,54,29,156,8,Gray,RAL 7040,#8E98A3
64,54,30,155,8,Gray,RAL 7040,#8E98A3
64,54,31,154,8,Gray,RAL 7040,#8E98A3
64,54,32,153,8,Gray,RAL 7040,#8E98A3
64,54,33,152,8,Gray,RAL 7040,#8E98A3
64,54,34,151,2,Black,RAL 9005,#111111
64,54,35,150,2,Black,RAL 9005,#111111
64,54,36,149,8,Gray,RAL 7040,#8E98A3
64,54,37,148,8,Gray,RAL 7040,#8E98A3
64,54,38,147,8,Gray,RAL 7040,#8E98A3
64,54,39,146,2,Black,RAL 9005,#111111
64,54,40,145,8,Gray,RAL 7040,#8E98A3
64,54,41,144,8,Gray,RAL 7040,#8E98A3
64,54,42,143,2,Black,RAL 9005,#111111
64,54,43,142,8,Gray,RAL 7040,#8E98A3
64,54,44,141,2,Black,RAL 9005,#111111
64,54,45,140,8,Gray,RAL 7040,#8E98A3
64,54,46,139,8,Gray,RAL 7040,#8E98A3
64,54,47,138,8,Gray,RAL 7040,#8E98A3
64,54,48,137,2,Black,RAL 9005,#111111
64,54,49,136,8,Gray,RAL 7040,#8E98A3
64,54,50,135,8,Gray,RAL 7040,#8E98A3
64,54,51,134,8,Gray,RAL 7040,#8E98A3
64,54,52,133,14,E2E Color Updated 1771984248948,RAL DUP 1771984248948,#CCBBAA
64,54,53,132,2,Black,RAL 9005,#111111
64,54,54,131,2,Black,RAL 9005,#111111
64,54,55,130,2,Black,RAL 9005,#111111
64,54,56,129,2,Black,RAL 9005,#111111
64,54,57,128,2,Black,RAL 9005,#111111
64,54,58,127,2,Black,RAL 9005,#111111
64,54,59,126,2,Black,RAL 9005,#111111
64,54,60,125,2,Black,RAL 9005,#111111
64,54,61,124,2,Black,RAL 9005,#111111
64,54,62,123,2,Black,RAL 9005,#111111
64,54,63,122,8,Gray,RAL 7040,#8E98A3
64,54,64,121,8,Gray,RAL 7040,#8E98A3
64,54,65,120,8,Gray,RAL 7040,#8E98A3
64,54,66,119,8,Gray,RAL 7040,#8E98A3
64,54,67,118,8,Gray,RAL 7040,#8E98A3
64,54,68,117,8,Gray,RAL 7040,#8E98A3
64,54,69,116,8,Gray,RAL 7040,#8E98A3
64,54,70,115,8,Gray,RAL 7040,#8E98A3
64,54,71,114,8,Gray,RAL 7040,#8E98A3
64,54,72,113,8,Gray,RAL 7040,#8E98A3
64,54,73,112,8,Gray,RAL 7040,#8E98A3
64,54,74,111,8,Gray,RAL 7040,#8E98A3
64,54,75,110,8,Gray,RAL 7040,#8E98A3
64,54,76,109,8,Gray,RAL 7040,#8E98A3
64,54,77,108,8,Gray,RAL 7040,#8E98A3
64,54,78,107,8,Gray,RAL 7040,#8E98A3
64,54,79,106,8,Gray,RAL 7040,#8E98A3
64,54,80,105,8,Gray,RAL 7040,#8E98A3
64,54,81,104,8,Gray,RAL 7040,#8E98A3
64,54,82,103,8,Gray,RAL 7040,#8E98A3
64,54,83,102,8,Gray,RAL 7040,#8E98A3
64,54,84,101,8,Gray,RAL 7040,#8E98A3
64,54,85,100,8,Gray,RAL 7040,#8E98A3
64,54,86,99,8,Gray,RAL 7040,#8E98A3
64,54,87,98,8,Gray,RAL 7040,#8E98A3
64,54,88,97,8,Gray,RAL 7040,#8E98A3
64,54,89,96,8,Gray,RAL 7040,#8E98A3
64,54,90,95,8,Gray,RAL 7040,#8E98A3
64,54,91,94,8,Gray,RAL 7040,#8E98A3
64,54,92,93,8,Gray,RAL 7040,#8E98A3
64,54,93,92,8,Gray,RAL 7040,#8E98A3
64,54,94,91,8,Gray,RAL 7040,#8E98A3
64,54,95,90,2,Black,RAL 9005,#111111
64,54,96,89,2,Black,RAL 9005,#111111
64,54,97,88,2,Black,RAL 9005,#111111
64,54,98,87,2,Black,RAL 9005,#111111
64,54,99,86,2,Black,RAL 9005,#111111
64,54,100,85,2,Black,RAL 9005,#111111
64,54,101,84,2,Black,RAL 9005,#111111
64,54,102,83,2,Black,RAL 9005,#111111
64,54,103,82,8,Gray,RAL 7040,#8E98A3
64,54,104,81,4,Blue,RAL 5015,#2B7FFF
64,54,105,80,4,Blue,RAL 5015,#2B7FFF
64,54,106,79,4,Blue,RAL 5015,#2B7FFF
64,54,107,78,4,Blue,RAL 5015,#2B7FFF
64,54,108,77,4,Blue,RAL 5015,#2B7FFF
64,54,109,76,4,Blue,RAL 5015,#2B7FFF
64,54,110,75,4,Blue,RAL 5015,#2B7FFF
64,54,111,74,4,Blue,RAL 5015,#2B7FFF
64,54,112,73,4,Blue,RAL 5015,#2B7FFF
64,54,113,72,8,Gray,RAL 7040,#8E98A3
64,54,114,71,8,Gray,RAL 7040,#8E98A3
64,54,115,70,8,Gray,RAL 7040,#8E98A3
64,54,116,69,8,Gray,RAL 7040,#8E98A3
64,54,117,68,8,Gray,RAL 7040,#8E98A3
64,54,118,67,8,Gray,RAL 7040,#8E98A3
64,54,119,66,8,Gray,RAL 7040,#8E98A3
64,54,120,65,8,Gray,RAL 7040,#8E98A3
64,54,121,64,8,Gray,RAL 7040,#8E98A3
64,54,122,63,8,Gray,RAL 7040,#8E98A3
64,54,123,62,8,Gray,RAL 7040,#8E98A3
64,54,124,61,8,Gray,RAL 7040,#8E98A3
64,54,125,60,8,Gray,RAL 7040,#8E98A3
64,54,126,59,8,Gray,RAL 7040,#8E98A3
64,54,127,58,8,Gray,RAL 7040,#8E98A3
64,54,128,57,8,Gray,RAL 7040,#8E98A3
64,54,129,56,8,Gray,RAL 7040,#8E98A3
64,54,130,55,8,Gray,RAL 7040,#8E98A3
64,54,131,54,8,Gray,RAL 7040,#8E98A3
64,54,132,53,8,Gray,RAL 7040,#8E98A3
64,54,133,52,8,Gray,RAL 7040,#8E98A3
64,54,134,51,8,Gray,RAL 7040,#8E98A3
64,54,135,50,8,Gray,RAL 7040,#8E98A3
64,54,136,49,6,Green,RAL 6018,#2CA36A
64,54,137,48,6,Green,RAL 6018,#2CA36A
64,54,138,47,6,Green,RAL 6018,#2CA36A
64,54,139,46,6,Green,RAL 6018,#2CA36A
64,54,140,45,6,Green,RAL 6018,#2CA36A
64,54,141,44,6,Green,RAL 6018,#2CA36A
64,54,142,43,6,Green,RAL 6018,#2CA36A
64,54,143,42,6,Green,RAL 6018,#2CA36A
64,54,144,41,6,Green,RAL 6018,#2CA36A
64,54,145,40,6,Green,RAL 6018,#2CA36A
64,54,146,39,6,Green,RAL 6018,#2CA36A
64,54,147,38,6,Green,RAL 6018,#2CA36A
64,54,148,37,6,Green,RAL 6018,#2CA36A
64,54,149,36,8,Gray,RAL 7040,#8E98A3
64,54,150,35,8,Gray,RAL 7040,#8E98A3
64,54,151,34,8,Gray,RAL 7040,#8E98A3
64,54,152,33,8,Gray,RAL 7040,#8E98A3
64,54,153,32,8,Gray,RAL 7040,#8E98A3
64,54,154,31,8,Gray,RAL 7040,#8E98A3
64,54,155,30,8,Gray,RAL 7040,#8E98A3
64,54,156,29,8,Gray,RAL 7040,#8E98A3
64,54,157,28,8,Gray,RAL 7040,#8E98A3
64,54,158,27,8,Gray,RAL 7040,#8E98A3
64,54,159,26,8,Gray,RAL 7040,#8E98A3
64,54,160,25,8,Gray,RAL 7040,#8E98A3
64,54,161,24,8,Gray,RAL 7040,#8E98A3
64,54,162,23,8,Gray,RAL 7040,#8E98A3
64,54,163,22,8,Gray,RAL 7040,#8E98A3
64,54,164,21,8,Gray,RAL 7040,#8E98A3
64,54,165,20,8,Gray,RAL 7040,#8E98A3
64,54,166,19,8,Gray,RAL 7040,#8E98A3
64,54,167,18,8,Gray,RAL 7040,#8E98A3
64,54,168,17,8,Gray,RAL 7040,#8E98A3
64,54,169,16,8,Gray,RAL 7040,#8E98A3
64,54,170,15,8,Gray,RAL 7040,#8E98A3
64,54,171,14,8,Gray,RAL 7040,#8E98A3
64,54,172,13,8,Gray,RAL 7040,#8E98A3
64,54,173,12,8,Gray,RAL 7040,#8E98A3
64,54,174,11,8,Gray,RAL 7040,#8E98A3
64,54,175,10,8,Gray,RAL 7040,#8E98A3
64,54,176,9,8,Gray,RAL 7040,#8E98A3
64,54,177,8,8,Gray,RAL 7040,#8E98A3
64,54,178,7,8,Gray,RAL 7040,#8E98A3
64,54,179,6,8,Gray,RAL 7040,#8E98A3
64,54,180,5,8,Gray,RAL 7040,#8E98A3
64,54,181,4,8,Gray,RAL 7040,#8E98A3
64,54,182,3,8,Gray,RAL 7040,#8E98A3
64,54,183,2,8,Gray,RAL 7040,#8E98A3
64,54,184,1,8,Gray,RAL 7040,#8E98A3
65,53,1,184,2,Black,RAL 9005,#111111
65,53,2,183,2,Black,RAL 9005,#111111
65,53,3,182,2,Black,RAL 9005,#111111
65,53,4,181,2,Black,RAL 9005,#111111
65,53,5,180,2,Black,RAL 9005,#111111
65,53,6,179,2,Black,RAL 9005,#111111
65,53,7,178,2,Black,RAL 9005,#111111
65,53,8,177,2,Black,RAL 9005,#111111
65,53,9,176,2,Black,RAL 9005,#111111
65,53,10,175,2,Black,RAL 9005,#111111
65,53,11,174,2,Black,RAL 9005,#111111
65,53,12,173,2,Black,RAL 9005,#111111
65,53,13,172,2,Black,RAL 9005,#111111
65,53,14,171,2,Black,RAL 9005,#111111
65,53,15,170,2,Black,RAL 9005,#111111
65,53,16,169,2,Black,RAL 9005,#111111
65,53,17,168,2,Black,RAL 9005,#111111
65,53,18,167,2,Black,RAL 9005,#111111
65,53,19,166,2,Black,RAL 9005,#111111
65,53,20,165,2,Black,RAL 9005,#111111
65,53,21,164,8,Gray,RAL 7040,#8E98A3
65,53,22,163,2,Black,RAL 9005,#111111
65,53,23,162,2,Black,RAL 9005,#111111
65,53,24,161,2,Black,RAL 9005,#111111
65,53,25,160,2,Black,RAL 9005,#111111
65,53,26,159,2,Black,RAL 9005,#111111
65,53,27,158,2,Black,RAL 9005,#111111
65,53,28,157,2,Black,RAL 9005,#111111
65,53,29,156,8,Gray,RAL 7040,#8E98A3
65,53,30,155,2,Black,RAL 9005,#111111
65,53,31,154,2,Black,RAL 9005,#111111
65,53,32,153,2,Black,RAL 9005,#111111
65,53,33,152,2,Black,RAL 9005,#111111
65,53,34,151,2,Black,RAL 9005,#111111
65,53,35,150,2,Black,RAL 9005,#111111
65,53,36,149,2,Black,RAL 9005,#111111
65,53,37,148,2,Black,RAL 9005,#111111
65,53,38,147,2,Black,RAL 9005,#111111
65,53,39,146,2,Black,RAL 9005,#111111
65,53,40,145,2,Black,RAL 9005,#111111
65,53,41,144,2,Black,RAL 9005,#111111
65,53,42,143,2,Black,RAL 9005,#111111
65,53,43,142,2,Black,RAL 9005,#111111
65,53,44,141,2,Black,RAL 9005,#111111
65,53,45,140,2,Black,RAL 9005,#111111
65,53,46,139,2,Black,RAL 9005,#111111
65,53,47,138,2,Black,RAL 9005,#111111
65,53,48,137,2,Black,RAL 9005,#111111
65,53,49,136,2,Black,RAL 9005,#111111
65,53,50,135,2,Black,RAL 9005,#111111
65,53,51,134,2,Black,RAL 9005,#111111
65,53,52,133,2,Black,RAL 9005,#111111
65,53,53,132,2,Black,RAL 9005,#111111
65,53,54,131,2,Black,RAL 9005,#111111
65,53,55,130,2,Black,RAL 9005,#111111
65,53,56,129,2,Black,RAL 9005,#111111
65,53,57,128,2,Black,RAL 9005,#111111
65,53,58,127,2,Black,RAL 9005,#111111
65,53,59,126,2,Black,RAL 9005,#111111
65,53,60,125,2,Black,RAL 9005,#111111
65,53,61,124,2,Black,RAL 9005,#111111
65,53,62,123,2,Black,RAL 9005,#111111
65,53,63,122,8,Gray,RAL 7040,#8E98A3
65,53,64,121,8,Gray,RAL 7040,#8E98A3
65,53,65,120,8,Gray,RAL 7040,#8E98A3
65,53,66,119,8,Gray,RAL 7040,#8E98A3
65,53,67,118,8,Gray,RAL 7040,#8E98A3
65,53,68,117,8,Gray,RAL 7040,#8E98A3
65,53,69,116,8,Gray,RAL 7040,#8E98A3
65,53,70,115,8,Gray,RAL 7040,#8E98A3
65,53,71,114,8,Gray,RAL 7040,#8E98A3
65,53,72,113,8,Gray,RAL 7040,#8E98A3
65,53,73,112,8,Gray,RAL 7040,#8E98A3
65,53,74,111,8,Gray,RAL 7040,#8E98A3
65,53,75,110,8,Gray,RAL 7040,#8E98A3
65,53,76,109,8,Gray,RAL 7040,#8E98A3
65,53,77,108,8,Gray,RAL 7040,#8E98A3
65,53,78,107,8,Gray,RAL 7040,#8E98A3
65,53,79,106,8,Gray,RAL 7040,#8E98A3
65,53,80,105,8,Gray,RAL 7040,#8E98A3
65,53,81,104,8,Gray,RAL 7040,#8E98A3
65,53,82,103,8,Gray,RAL 7040,#8E98A3
65,53,83,102,8,Gray,RAL 7040,#8E98A3
65,53,84,101,8,Gray,RAL 7040,#8E98A3
65,53,85,100,8,Gray,RAL 7040,#8E98A3
65,53,86,99,8,Gray,RAL 7040,#8E98A3
65,53,87,98,8,Gray,RAL 7040,#8E98A3
65,53,88,97,8,Gray,RAL 7040,#8E98A3
65,53,89,96,8,Gray,RAL 7040,#8E98A3
65,53,90,95,8,Gray,RAL 7040,#8E98A3
65,53,91,94,8,Gray,RAL 7040,#8E98A3
65,53,92,93,8,Gray,RAL 7040,#8E98A3
65,53,93,92,8,Gray,RAL 7040,#8E98A3
65,53,94,91,2,Black,RAL 9005,#111111
65,53,95,90,2,Black,RAL 9005,#111111
65,53,96,89,2,Black,RAL 9005,#111111
65,53,97,88,2,Black,RAL 9005,#111111
65,53,98,87,2,Black,RAL 9005,#111111
65,53,99,86,2,Black,RAL 9005,#111111
65,53,100,85,2,Black,RAL 9005,#111111
65,53,101,84,2,Black,RAL 9005,#111111
65,53,102,83,2,Black,RAL 9005,#111111
65,53,103,82,8,Gray,RAL 7040,#8E98A3
65,53,104,81,4,Blue,RAL 5015,#2B7FFF
65,53,105,80,4,Blue,RAL 5015,#2B7FFF
65,53,106,79,4,Blue,RAL 5015,#2B7FFF
65,53,107,78,4,Blue,RAL 5015,#2B7FFF
65,53,108,77,4,Blue,RAL 5015,#2B7FFF
65,53,109,76,4,Blue,RAL 5015,#2B7FFF
65,53,110,75,4,Blue,RAL 5015,#2B7FFF
65,53,111,74,4,Blue,RAL 5015,#2B7FFF
65,53,112,73,4,Blue,RAL 5015,#2B7FFF
65,53,113,72,8,Gray,RAL 7040,#8E98A3
65,53,114,71,8,Gray,RAL 7040,#8E98A3
65,53,115,70,8,Gray,RAL 7040,#8E98A3
65,53,116,69,8,Gray,RAL 7040,#8E98A3
65,53,117,68,8,Gray,RAL 7040,#8E98A3
65,53,118,67,8,Gray,RAL 7040,#8E98A3
65,53,119,66,8,Gray,RAL 7040,#8E98A3
65,53,120,65,8,Gray,RAL 7040,#8E98A3
65,53,121,64,8,Gray,RAL 7040,#8E98A3
65,53,122,63,8,Gray,RAL 7040,#8E98A3
65,53,123,62,8,Gray,RAL 7040,#8E98A3
65,53,124,61,8,Gray,RAL 7040,#8E98A3
65,53,125,60,8,Gray,RAL 7040,#8E98A3
65,53,126,59,8,Gray,RAL 7040,#8E98A3
65,53,127,58,8,Gray,RAL 7040,#8E98A3
65,53,128,57,8,Gray,RAL 7040,#8E98A3
65,53,129,56,8,Gray,RAL 7040,#8E98A3
65,53,130,55,8,Gray,RAL 7040,#8E98A3
65,53,131,54,8,Gray,RAL 7040,#8E98A3
65,53,132,53,8,Gray,RAL 7040,#8E98A3
65,53,133,52,8,Gray,RAL 7040,#8E98A3
65,53,134,51,8,Gray,RAL 7040,#8E98A3
65,53,135,50,8,Gray,RAL 7040,#8E98A3
65,53,136,49,8,Gray,RAL 7040,#8E98A3
65,53,137,48,8,Gray,RAL 7040,#8E98A3
65,53,138,47,8,Gray,RAL 7040,#8E98A3
65,53,139,46,6,Green,RAL 6018,#2CA36A
65,53,140,45,6,Green,RAL 6018,#2CA36A
65,53,141,44,6,Green,RAL 6018,#2CA36A
65,53,142,43,6,Green,RAL 6018,#2CA36A
65,53,143,42,6,Green,RAL 6018,#2CA36A
65,53,144,41,6,Green,RAL 6018,#2CA36A
65,53,145,40,6,Green,RAL 6018,#2CA36A
65,53,146,39,8,Gray,RAL 7040,#8E98A3
65,53,147,38,8,Gray,RAL 7040,#8E98A3
65,53,148,37,8,Gray,RAL 7040,#8E98A3
65,53,149,36,8,Gray,RAL 7040,#8E98A3
65,53,150,35,8,Gray,RAL 7040,#8E98A3
65,53,151,34,8,Gray,RAL 7040,#8E98A3
65,53,152,33,8,Gray,RAL 7040,#8E98A3
65,53,153,32,8,Gray,RAL 7040,#8E98A3
65,53,154,31,8,Gray,RAL 7040,#8E98A3
65,53,155,30,8,Gray,RAL 7040,#8E98A3
65,53,156,29,8,Gray,RAL 7040,#8E98A3
65,53,157,28,8,Gray,RAL 7040,#8E98A3
65,53,158,27,8,Gray,RAL 7040,#8E98A3
65,53,159,26,8,Gray,RAL 7040,#8E98A3
65,53,160,25,8,Gray,RAL 7040,#8E98A3
65,53,161,24,8,Gray,RAL 7040,#8E98A3
65,53,162,23,8,Gray,RAL 7040,#8E98A3
65,53,163,22,8,Gray,RAL 7040,#8E98A3
65,53,164,21,8,Gray,RAL 7040,#8E98A3
65,53,165,20,8,Gray,RAL 7040,#8E98A3
65,53,166,19,8,Gray,RAL 7040,#8E98A3
65,53,167,18,8,Gray,RAL 7040,#8E98A3
65,53,168,17,8,Gray,RAL 7040,#8E98A3
65,53,169,16,8,Gray,RAL 7040,#8E98A3
65,53,170,15,8,Gray,RAL 7040,#8E98A3
65,53,171,14,8,Gray,RAL 7040,#8E98A3
65,53,172,13,8,Gray,RAL 7040,#8E98A3
65,53,173,12,8,Gray,RAL 7040,#8E98A3
65,53,174,11,8,Gray,RAL 7040,#8E98A3
65,53,175,10,8,Gray,RAL 7040,#8E98A3
65,53,176,9,8,Gray,RAL 7040,#8E98A3
65,53,177,8,8,Gray,RAL 7040,#8E98A3
65,53,178,7,8,Gray,RAL 7040,#8E98A3
65,53,179,6,8,Gray,RAL 7040,#8E98A3
65,53,180,5,8,Gray,RAL 7040,#8E98A3
65,53,181,4,8,Gray,RAL 7040,#8E98A3
65,53,182,3,8,Gray,RAL 7040,#8E98A3
65,53,183,2,8,Gray,RAL 7040,#8E98A3
65,53,184,1,8,Gray,RAL 7040,#8E98A3
66,52,1,184,2,Black,RAL 9005,#111111
66,52,2,183,2,Black,RAL 9005,#111111
66,52,3,182,2,Black,RAL 9005,#111111
66,52,4,181,2,Black,RAL 9005,#111111
66,52,5,180,2,Black,RAL 9005,#111111
66,52,6,179,2,Black,RAL 9005,#111111
66,52,7,178,2,Black,RAL 9005,#111111
66,52,8,177,2,Black,RAL 9005,#111111
66,52,9,176,2,Black,RAL 9005,#111111
66,52,10,175,2,Black,RAL 9005,#111111
66,52,11,174,2,Black,RAL 9005,#111111
66,52,12,173,2,Black,RAL 9005,#111111
66,52,13,172,2,Black,RAL 9005,#111111
66,52,14,171,2,Black,RAL 9005,#111111
66,52,15,170,2,Black,RAL 9005,#111111
66,52,16,169,2,Black,RAL 9005,#111111
66,52,17,168,2,Black,RAL 9005,#111111
66,52,18,167,8,Gray,RAL 7040,#8E98A3
66,52,19,166,8,Gray,RAL 7040,#8E98A3
66,52,20,165,8,Gray,RAL 7040,#8E98A3
66,52,21,164,8,Gray,RAL 7040,#8E98A3
66,52,22,163,2,Black,RAL 9005,#111111
66,52,23,162,2,Black,RAL 9005,#111111
66,52,24,161,2,Black,RAL 9005,#111111
66,52,25,160,2,Black,RAL 9005,#111111
66,52,26,159,2,Black,RAL 9005,#111111
66,52,27,158,2,Black,RAL 9005,#111111
66,52,28,157,2,Black,RAL 9005,#111111
66,52,29,156,8,Gray,RAL 7040,#8E98A3
66,52,30,155,2,Black,RAL 9005,#111111
66,52,31,154,2,Black,RAL 9005,#111111
66,52,32,153,2,Black,RAL 9005,#111111
66,52,33,152,2,Black,RAL 9005,#111111
66,52,34,151,2,Black,RAL 9005,#111111
66,52,35,150,2,Black,RAL 9005,#111111
66,52,36,149,2,Black,RAL 9005,#111111
66,52,37,148,2,Black,RAL 9005,#111111
66,52,38,147,2,Black,RAL 9005,#111111
66,52,39,146,2,Black,RAL 9005,#111111
66,52,40,145,2,Black,RAL 9005,#111111
66,52,41,144,2,Black,RAL 9005,#111111
66,52,42,143,2,Black,RAL 9005,#111111
66,52,43,142,2,Black,RAL 9005,#111111
66,52,44,141,2,Black,RAL 9005,#111111
66,52,45,140,2,Black,RAL 9005,#111111
66,52,46,139,2,Black,RAL 9005,#111111
66,52,47,138,2,Black,RAL 9005,#111111
66,52,48,137,2,Black,RAL 9005,#111111
66,52,49,136,2,Black,RAL 9005,#111111
66,52,50,135,2,Black,RAL 9005,#111111
66,52,51,134,2,Black,RAL 9005,#111111
66,52,52,133,2,Black,RAL 9005,#111111
66,52,53,132,2,Black,RAL 9005,#111111
66,52,54,131,2,Black,RAL 9005,#111111
66,52,55,130,2,Black,RAL 9005,#111111
66,52,56,129,2,Black,RAL 9005,#111111
66,52,57,128,2,Black,RAL 9005,#111111
66,52,58,127,2,Black,RAL 9005,#111111
66,52,59,126,2,Black,RAL 9005,#111111
66,52,60,125,2,Black,RAL 9005,#111111
66,52,61,124,2,Black,RAL 9005,#111111
66,52,62,123,8,Gray,RAL 7040,#8E98A3
66,52,63,122,8,Gray,RAL 7040,#8E98A3
66,52,64,121,8,Gray,RAL 7040,#8E98A3
66,52,65,120,8,Gray,RAL 7040,#8E98A3
66,52,66,119,8,Gray,RAL 7040,#8E98A3
66,52,67,118,8,Gray,RAL 7040,#8E98A3
66,52,68,117,8,Gray,RAL 7040,#8E98A3
66,52,69,116,8,Gray,RAL 7040,#8E98A3
66,52,70,115,8,Gray,RAL 7040,#8E98A3
66,52,71,114,8,Gray,RAL 7040,#8E98A3
66,52,72,113,8,Gray,RAL 7040,#8E98A3
66,52,73,112,8,Gray,RAL 7040,#8E98A3
66,52,74,111,8,Gray,RAL 7040,#8E98A3
66,52,75,110,8,Gray,RAL 7040,#8E98A3
66,52,76,109,8,Gray,RAL 7040,#8E98A3
66,52,77,108,8,Gray,RAL 7040,#8E98A3
66,52,78,107,8,Gray,RAL 7040,#8E98A3
66,52,79,106,8,Gray,RAL 7040,#8E98A3
66,52,80,105,8,Gray,RAL 7040,#8E98A3
66,52,81,104,8,Gray,RAL 7040,#8E98A3
66,52,82,103,8,Gray,RAL 7040,#8E98A3
66,52,83,102,8,Gray,RAL 7040,#8E98A3
66,52,84,101,8,Gray,RAL 7040,#8E98A3
66,52,85,100,8,Gray,RAL 7040,#8E98A3
66,52,86,99,8,Gray,RAL 7040,#8E98A3
66,52,87,98,8,Gray,RAL 7040,#8E98A3
66,52,88,97,8,Gray,RAL 7040,#8E98A3
66,52,89,96,8,Gray,RAL 7040,#8E98A3
66,52,90,95,8,Gray,RAL 7040,#8E98A3
66,52,91,94,8,Gray,RAL 7040,#8E98A3
66,52,92,93,8,Gray,RAL 7040,#8E98A3
66,52,93,92,8,Gray,RAL 7040,#8E98A3
66,52,94,91,2,Black,RAL 9005,#111111
66,52,95,90,2,Black,RAL 9005,#111111
66,52,96,89,2,Black,RAL 9005,#111111
66,52,97,88,2,Black,RAL 9005,#111111
66,52,98,87,2,Black,RAL 9005,#111111
66,52,99,86,2,Black,RAL 9005,#111111
66,52,100,85,2,Black,RAL 9005,#111111
66,52,101,84,2,Black,RAL 9005,#111111
66,52,102,83,2,Black,RAL 9005,#111111
66,52,103,82,8,Gray,RAL 7040,#8E98A3
66,52,104,81,4,Blue,RAL 5015,#2B7FFF
66,52,105,80,4,Blue,RAL 5015,#2B7FFF
66,52,106,79,4,Blue,RAL 5015,#2B7FFF
66,52,107,78,8,Gray,RAL 7040,#8E98A3
66,52,108,77,8,Gray,RAL 7040,#8E98A3
66,52,109,76,8,Gray,RAL 7040,#8E98A3
66,52,110,75,8,Gray,RAL 7040,#8E98A3
66,52,111,74,8,Gray,RAL 7040,#8E98A3
66,52,112,73,8,Gray,RAL 7040,#8E98A3
66,52,113,72,8,Gray,RAL 7040,#8E98A3
66,52,114,71,8,Gray,RAL 7040,#8E98A3
66,52,115,70,8,Gray,RAL 7040,#8E98A3
66,52,116,69,8,Gray,RAL 7040,#8E98A3
66,52,117,68,8,Gray,RAL 7040,#8E98A3
66,52,118,67,8,Gray,RAL 7040,#8E98A3
66,52,119,66,8,Gray,RAL 7040,#8E98A3
66,52,120,65,8,Gray,RAL 7040,#8E98A3
66,52,121,64,8,Gray,RAL 7040,#8E98A3
66,52,122,63,8,Gray,RAL 7040,#8E98A3
66,52,123,62,8,Gray,RAL 7040,#8E98A3
66,52,124,61,8,Gray,RAL 7040,#8E98A3
66,52,125,60,8,Gray,RAL 7040,#8E98A3
66,52,126,59,8,Gray,RAL 7040,#8E98A3
66,52,127,58,8,Gray,RAL 7040,#8E98A3
66,52,128,57,8,Gray,RAL 7040,#8E98A3
66,52,129,56,8,Gray,RAL 7040,#8E98A3
66,52,130,55,8,Gray,RAL 7040,#8E98A3
66,52,131,54,8,Gray,RAL 7040,#8E98A3
66,52,132,53,8,Gray,RAL 7040,#8E98A3
66,52,133,52,8,Gray,RAL 7040,#8E98A3
66,52,134,51,8,Gray,RAL 7040,#8E98A3
66,52,135,50,8,Gray,RAL 7040,#8E98A3
66,52,136,49,8,Gray,RAL 7040,#8E98A3
66,52,137,48,8,Gray,RAL 7040,#8E98A3
66,52,138,47,8,Gray,RAL 7040,#8E98A3
66,52,139,46,8,Gray,RAL 7040,#8E98A3
66,52,140,45,8,Gray,RAL 7040,#8E98A3
66,52,141,44,8,Gray,RAL 7040,#8E98A3
66,52,142,43,8,Gray,RAL 7040,#8E98A3
66,52,143,42,8,Gray,RAL 7040,#8E98A3
66,52,144,41,8,Gray,RAL 7040,#8E98A3
66,52,145,40,8,Gray,RAL 7040,#8E98A3
66,52,146,39,8,Gray,RAL 7040,#8E98A3
66,52,147,38,8,Gray,RAL 7040,#8E98A3
66,52,148,37,8,Gray,RAL 7040,#8E98A3
66,52,149,36,8,Gray,RAL 7040,#8E98A3
66,52,150,35,8,Gray,RAL 7040,#8E98A3
66,52,151,34,8,Gray,RAL 7040,#8E98A3
66,52,152,33,8,Gray,RAL 7040,#8E98A3
66,52,153,32,8,Gray,RAL 7040,#8E98A3
66,52,154,31,8,Gray,RAL 7040,#8E98A3
66,52,155,30,8,Gray,RAL 7040,#8E98A3
66,52,156,29,8,Gray,RAL 7040,#8E98A3
66,52,157,28,8,Gray,RAL 7040,#8E98A3
66,52,158,27,8,Gray,RAL 7040,#8E98A3
66,52,159,26,8,Gray,RAL 7040,#8E98A3
66,52,160,25,8,Gray,RAL 7040,#8E98A3
66,52,161,24,8,Gray,RAL 7040,#8E98A3
66,52,162,23,8,Gray,RAL 7040,#8E98A3
66,52,163,22,8,Gray,RAL 7040,#8E98A3
66,52,164,21,8,Gray,RAL 7040,#8E98A3
66,52,165,20,8,Gray,RAL 7040,#8E98A3
66,52,166,19,8,Gray,RAL 7040,#8E98A3
66,52,167,18,8,Gray,RAL 7040,#8E98A3
66,52,168,17,8,Gray,RAL 7040,#8E98A3
66,52,169,16,8,Gray,RAL 7040,#8E98A3
66,52,170,15,8,Gray,RAL 7040,#8E98A3
66,52,171,14,8,Gray,RAL 7040,#8E98A3
66,52,172,13,8,Gray,RAL 7040,#8E98A3
66,52,173,12,8,Gray,RAL 7040,#8E98A3
66,52,174,11,8,Gray,RAL 7040,#8E98A3
66,52,175,10,8,Gray,RAL 7040,#8E98A3
66,52,176,9,8,Gray,RAL 7040,#8E98A3
66,52,177,8,8,Gray,RAL 7040,#8E98A3
66,52,178,7,8,Gray,RAL 7040,#8E98A3
66,52,179,6,8,Gray,RAL 7040,#8E98A3
66,52,180,5,8,Gray,RAL 7040,#8E98A3
66,52,181,4,8,Gray,RAL 7040,#8E98A3
66,52,182,3,8,Gray,RAL 7040,#8E98A3
66,52,183,2,8,Gray,RAL 7040,#8E98A3
66,52,184,1,8,Gray,RAL 7040,#8E98A3
67,51,1,184,2,Black,RAL 9005,#111111
67,51,2,183,2,Black,RAL 9005,#111111
67,51,3,182,2,Black,RAL 9005,#111111
67,51,4,181,2,Black,RAL 9005,#111111
67,51,5,180,2,Black,RAL 9005,#111111
67,51,6,179,2,Black,RAL 9005,#111111
67,51,7,178,2,Black,RAL 9005,#111111
67,51,8,177,2,Black,RAL 9005,#111111
67,51,9,176,2,Black,RAL 9005,#111111
67,51,10,175,2,Black,RAL 9005,#111111
67,51,11,174,2,Black,RAL 9005,#111111
67,51,12,173,2,Black,RAL 9005,#111111
67,51,13,172,2,Black,RAL 9005,#111111
67,51,14,171,2,Black,RAL 9005,#111111
67,51,15,170,2,Black,RAL 9005,#111111
67,51,16,169,2,Black,RAL 9005,#111111
67,51,17,168,2,Black,RAL 9005,#111111
67,51,18,167,2,Black,RAL 9005,#111111
67,51,19,166,2,Black,RAL 9005,#111111
67,51,20,165,2,Black,RAL 9005,#111111
67,51,21,164,2,Black,RAL 9005,#111111
67,51,22,163,2,Black,RAL 9005,#111111
67,51,23,162,2,Black,RAL 9005,#111111
67,51,24,161,2,Black,RAL 9005,#111111
67,51,25,160,2,Black,RAL 9005,#111111
67,51,26,159,2,Black,RAL 9005,#111111
67,51,27,158,2,Black,RAL 9005,#111111
67,51,28,157,2,Black,RAL 9005,#111111
67,51,29,156,2,Black,RAL 9005,#111111
67,51,30,155,2,Black,RAL 9005,#111111
67,51,31,154,2,Black,RAL 9005,#111111
67,51,32,153,2,Black,RAL 9005,#111111
67,51,33,152,2,Black,RAL 9005,#111111
67,51,34,151,2,Black,RAL 9005,#111111
67,51,35,150,2,Black,RAL 9005,#111111
67,51,36,149,2,Black,RAL 9005,#111111
67,51,37,148,2,Black,RAL 9005,#111111
67,51,38,147,2,Black,RAL 9005,#111111
67,51,39,146,2,Black,RAL 9005,#111111
67,51,40,145,2,Black,RAL 9005,#111111
67,51,41,144,2,Black,RAL 9005,#111111
67,51,42,143,2,Black,RAL 9005,#111111
67,51,43,142,2,Black,RAL 9005,#111111
67,51,44,141,2,Black,RAL 9005,#111111
67,51,45,140,2,Black,RAL 9005,#111111
67,51,46,139,2,Black,RAL 9005,#111111
67,51,47,138,2,Black,RAL 9005,#111111
67,51,48,137,2,Black,RAL 9005,#111111
67,51,49,136,2,Black,RAL 9005,#111111
67,51,50,135,2,Black,RAL 9005,#111111
67,51,51,134,2,Black,RAL 9005,#111111
67,51,52,133,2,Black,RAL 9005,#111111
67,51,53,132,2,Black,RAL 9005,#111111
67,51,54,131,2,Black,RAL 9005,#111111
67,51,55,130,2,Black,RAL 9005,#111111
67,51,56,129,2,Black,RAL 9005,#111111
67,51,57,128,2,Black,RAL 9005,#111111
67,51,58,127,2,Black,RAL 9005,#111111
67,51,59,126,2,Black,RAL 9005,#111111
67,51,60,125,2,Black,RAL 9005,#111111
67,51,61,124,2,Black,RAL 9005,#111111
67,51,62,123,8,Gray,RAL 7040,#8E98A3
67,51,63,122,8,Gray,RAL 7040,#8E98A3
67,51,64,121,8,Gray,RAL 7040,#8E98A3
67,51,65,120,8,Gray,RAL 7040,#8E98A3
67,51,66,119,8,Gray,RAL 7040,#8E98A3
67,51,67,118,8,Gray,RAL 7040,#8E98A3
67,51,68,117,8,Gray,RAL 7040,#8E98A3
67,51,69,116,8,Gray,RAL 7040,#8E98A3
67,51,70,115,8,Gray,RAL 7040,#8E98A3
67,51,71,114,8,Gray,RAL 7040,#8E98A3
67,51,72,113,8,Gray,RAL 7040,#8E98A3
67,51,73,112,8,Gray,RAL 7040,#8E98A3
67,51,74,111,8,Gray,RAL 7040,#8E98A3
67,51,75,110,8,Gray,RAL 7040,#8E98A3
67,51,76,109,8,Gray,RAL 7040,#8E98A3
67,51,77,108,8,Gray,RAL 7040,#8E98A3
67,51,78,107,8,Gray,RAL 7040,#8E98A3
67,51,79,106,8,Gray,RAL 7040,#8E98A3
67,51,80,105,8,Gray,RAL 7040,#8E98A3
67,51,81,104,8,Gray,RAL 7040,#8E98A3
67,51,82,103,8,Gray,RAL 7040,#8E98A3
67,51,83,102,8,Gray,RAL 7040,#8E98A3
67,51,84,101,8,Gray,RAL 7040,#8E98A3
67,51,85,100,8,Gray,RAL 7040,#8E98A3
67,51,86,99,8,Gray,RAL 7040,#8E98A3
67,51,87,98,8,Gray,RAL 7040,#8E98A3
67,51,88,97,8,Gray,RAL 7040,#8E98A3
67,51,89,96,8,Gray,RAL 7040,#8E98A3
67,51,90,95,8,Gray,RAL 7040,#8E98A3
67,51,91,94,8,Gray,RAL 7040,#8E98A3
67,51,92,93,8,Gray,RAL 7040,#8E98A3
67,51,93,92,2,Black,RAL 9005,#111111
67,51,94,91,2,Black,RAL 9005,#111111
67,51,95,90,2,Black,RAL 9005,#111111
67,51,96,89,2,Black,RAL 9005,#111111
67,51,97,88,2,Black,RAL 9005,#111111
67,51,98,87,2,Black,RAL 9005,#111111
67,51,99,86,2,Black,RAL 9005,#111111
67,51,100,85,2,Black,RAL 9005,#111111
67,51,101,84,2,Black,RAL 9005,#111111
67,51,102,83,2,Black,RAL 9005,#111111
67,51,103,82,8,Gray,RAL 7040,#8E98A3
67,51,104,81,8,Gray,RAL 7040,#8E98A3
67,51,105,80,8,Gray,RAL 7040,#8E98A3
67,51,106,79,8,Gray,RAL 7040,#8E98A3
67,51,107,78,8,Gray,RAL 7040,#8E98A3
67,51,108,77,8,Gray,RAL 7040,#8E98A3
67,51,109,76,8,Gray,RAL 7040,#8E98A3
67,51,110,75,8,Gray,RAL 7040,#8E98A3
67,51,111,74,8,Gray,RAL 7040,#8E98A3
67,51,112,73,8,Gray,RAL 7040,#8E98A3
67,51,113,72,8,Gray,RAL 7040,#8E98A3
67,51,114,71,8,Gray,RAL 7040,#8E98A3
67,51,115,70,8,Gray,RAL 7040,#8E98A3
67,51,116,69,8,Gray,RAL 7040,#8E98A3
67,51,117,68,8,Gray,RAL 7040,#8E98A3
67,51,118,67,8,Gray,RAL 7040,#8E98A3
67,51,119,66,8,Gray,RAL 7040,#8E98A3
67,51,120,65,8,Gray,RAL 7040,#8E98A3
67,51,121,64,8,Gray,RAL 7040,#8E98A3
67,51,122,63,8,Gray,RAL 7040,#8E98A3
67,51,123,62,8,Gray,RAL 7040,#8E98A3
67,51,124,61,8,Gray,RAL 7040,#8E98A3
67,51,125,60,8,Gray,RAL 7040,#8E98A3
67,51,126,59,8,Gray,RAL 7040,#8E98A3
67,51,127,58,8,Gray,RAL 7040,#8E98A3
67,51,128,57,8,Gray,RAL 7040,#8E98A3
67,51,129,56,8,Gray,RAL 7040,#8E98A3
67,51,130,55,8,Gray,RAL 7040,#8E98A3
67,51,131,54,8,Gray,RAL 7040,#8E98A3
67,51,132,53,8,Gray,RAL 7040,#8E98A3
67,51,133,52,8,Gray,RAL 7040,#8E98A3
67,51,134,51,8,Gray,RAL 7040,#8E98A3
67,51,135,50,8,Gray,RAL 7040,#8E98A3
67,51,136,49,8,Gray,RAL 7040,#8E98A3
67,51,137,48,8,Gray,RAL 7040,#8E98A3
67,51,138,47,8,Gray,RAL 7040,#8E98A3
67,51,139,46,8,Gray,RAL 7040,#8E98A3
67,51,140,45,8,Gray,RAL 7040,#8E98A3
67,51,141,44,8,Gray,RAL 7040,#8E98A3
67,51,142,43,8,Gray,RAL 7040,#8E98A3
67,51,143,42,8,Gray,RAL 7040,#8E98A3
67,51,144,41,8,Gray,RAL 7040,#8E98A3
67,51,145,40,8,Gray,RAL 7040,#8E98A3
67,51,146,39,8,Gray,RAL 7040,#8E98A3
67,51,147,38,8,Gray,RAL 7040,#8E98A3
67,51,148,37,8,Gray,RAL 7040,#8E98A3
67,51,149,36,8,Gray,RAL 7040,#8E98A3
67,51,150,35,8,Gray,RAL 7040,#8E98A3
67,51,151,34,8,Gray,RAL 7040,#8E98A3
67,51,152,33,8,Gray,RAL 7040,#8E98A3
67,51,153,32,8,Gray,RAL 7040,#8E98A3
67,51,154,31,8,Gray,RAL 7040,#8E98A3
67,51,155,30,8,Gray,RAL 7040,#8E98A3
67,51,156,29,8,Gray,RAL 7040,#8E98A3
67,51,157,28,8,Gray,RAL 7040,#8E98A3
67,51,158,27,8,Gray,RAL 7040,#8E98A3
67,51,159,26,8,Gray,RAL 7040,#8E98A3
67,51,160,25,8,Gray,RAL 7040,#8E98A3
67,51,161,24,8,Gray,RAL 7040,#8E98A3
67,51,162,23,8,Gray,RAL 7040,#8E98A3
67,51,163,22,8,Gray,RAL 7040,#8E98A3
67,51,164,21,8,Gray,RAL 7040,#8E98A3
67,51,165,20,8,Gray,RAL 7040,#8E98A3
67,51,166,19,8,Gray,RAL 7040,#8E98A3
67,51,167,18,8,Gray,RAL 7040,#8E98A3
67,51,168,17,8,Gray,RAL 7040,#8E98A3
67,51,169,16,8,Gray,RAL 7040,#8E98A3
67,51,170,15,8,Gray,RAL 7040,#8E98A3
67,51,171,14,8,Gray,RAL 7040,#8E98A3
67,51,172,13,8,Gray,RAL 7040,#8E98A3
67,51,173,12,8,Gray,RAL 7040,#8E98A3
67,51,174,11,8,Gray,RAL 7040,#8E98A3
67,51,175,10,8,Gray,RAL 7040,#8E98A3
67,51,176,9,8,Gray,RAL 7040,#8E98A3
67,51,177,8,8,Gray,RAL 7040,#8E98A3
67,51,178,7,8,Gray,RAL 7040,#8E98A3
67,51,179,6,8,Gray,RAL 7040,#8E98A3
67,51,180,5,8,Gray,RAL 7040,#8E98A3
67,51,181,4,8,Gray,RAL 7040,#8E98A3
67,51,182,3,8,Gray,RAL 7040,#8E98A3
67,51,183,2,8,Gray,RAL 7040,#8E98A3
67,51,184,1,8,Gray,RAL 7040,#8E98A3
68,50,1,184,2,Black,RAL 9005,#111111
68,50,2,183,2,Black,RAL 9005,#111111
68,50,3,182,2,Black,RAL 9005,#111111
68,50,4,181,2,Black,RAL 9005,#111111
68,50,5,180,2,Black,RAL 9005,#111111
68,50,6,179,2,Black,RAL 9005,#111111
68,50,7,178,2,Black,RAL 9005,#111111
68,50,8,177,2,Black,RAL 9005,#111111
68,50,9,176,2,Black,RAL 9005,#111111
68,50,10,175,2,Black,RAL 9005,#111111
68,50,11,174,2,Black,RAL 9005,#111111
68,50,12,173,2,Black,RAL 9005,#111111
68,50,13,172,2,Black,RAL 9005,#111111
68,50,14,171,2,Black,RAL 9005,#111111
68,50,15,170,2,Black,RAL 9005,#111111
68,50,16,169,2,Black,RAL 9005,#111111
68,50,17,168,2,Black,RAL 9005,#111111
68,50,18,167,2,Black,RAL 9005,#111111
68,50,19,166,2,Black,RAL 9005,#111111
68,50,20,165,2,Black,RAL 9005,#111111
68,50,21,164,2,Black,RAL 9005,#111111
68,50,22,163,2,Black,RAL 9005,#111111
68,50,23,162,2,Black,RAL 9005,#111111
68,50,24,161,2,Black,RAL 9005,#111111
68,50,25,160,2,Black,RAL 9005,#111111
68,50,26,159,2,Black,RAL 9005,#111111
68,50,27,158,2,Black,RAL 9005,#111111
68,50,28,157,2,Black,RAL 9005,#111111
68,50,29,156,2,Black,RAL 9005,#111111
68,50,30,155,2,Black,RAL 9005,#111111
68,50,31,154,2,Black,RAL 9005,#111111
68,50,32,153,2,Black,RAL 9005,#111111
68,50,33,152,2,Black,RAL 9005,#111111
68,50,34,151,2,Black,RAL 9005,#111111
68,50,35,150,2,Black,RAL 9005,#111111
68,50,36,149,2,Black,RAL 9005,#111111
68,50,37,148,2,Black,RAL 9005,#111111
68,50,38,147,2,Black,RAL 9005,#111111
68,50,39,146,2,Black,RAL 9005,#111111
68,50,40,145,2,Black,RAL 9005,#111111
68,50,41,144,2,Black,RAL 9005,#111111
68,50,42,143,2,Black,RAL 9005,#111111
68,50,43,142,2,Black,RAL 9005,#111111
68,50,44,141,2,Black,RAL 9005,#111111
68,50,45,140,2,Black,RAL 9005,#111111
68,50,46,139,2,Black,RAL 9005,#111111
68,50,47,138,2,Black,RAL 9005,#111111
68,50,48,137,2,Black,RAL 9005,#111111
68,50,49,136,2,Black,RAL 9005,#111111
68,50,50,135,2,Black,RAL 9005,#111111
68,50,51,134,2,Black,RAL 9005,#111111
68,50,52,133,2,Black,RAL 9005,#111111
68,50,53,132,2,Black,RAL 9005,#111111
68,50,54,131,2,Black,RAL 9005,#111111
68,50,55,130,2,Black,RAL 9005,#111111
68,50,56,129,2,Black,RAL 9005,#111111
68,50,57,128,2,Black,RAL 9005,#111111
68,50,58,127,2,Black,RAL 9005,#111111
68,50,59,126,2,Black,RAL 9005,#111111
68,50,60,125,2,Black,RAL 9005,#111111
68,50,61,124,2,Black,RAL 9005,#111111
68,50,62,123,8,Gray,RAL 7040,#8E98A3
68,50,63,122,8,Gray,RAL 7040,#8E98A3
68,50,64,121,8,Gray,RAL 7040,#8E98A3
68,50,65,120,8,Gray,RAL 7040,#8E98A3
68,50,66,119,8,Gray,RAL 7040,#8E98A3
68,50,67,118,8,Gray,RAL 7040,#8E98A3
68,50,68,117,8,Gray,RAL 7040,#8E98A3
68,50,69,116,8,Gray,RAL 7040,#8E98A3
68,50,70,115,8,Gray,RAL 7040,#8E98A3
68,50,71,114,8,Gray,RAL 7040,#8E98A3
68,50,72,113,8,Gray,RAL 7040,#8E98A3
68,50,73,112,8,Gray,RAL 7040,#8E98A3
68,50,74,111,8,Gray,RAL 7040,#8E98A3
68,50,75,110,8,Gray,RAL 7040,#8E98A3
68,50,76,109,8,Gray,RAL 7040,#8E98A3
68,50,77,108,8,Gray,RAL 7040,#8E98A3
68,50,78,107,8,Gray,RAL 7040,#8E98A3
68,50,79,106,8,Gray,RAL 7040,#8E98A3
68,50,80,105,8,Gray,RAL 7040,#8E98A3
68,50,81,104,8,Gray,RAL 7040,#8E98A3
68,50,82,103,8,Gray,RAL 7040,#8E98A3
68,50,83,102,8,Gray,RAL 7040,#8E98A3
68,50,84,101,8,Gray,RAL 7040,#8E98A3
68,50,85,100,8,Gray,RAL 7040,#8E98A3
68,50,86,99,8,Gray,RAL 7040,#8E98A3
68,50,87,98,8,Gray,RAL 7040,#8E98A3
68,50,88,97,8,Gray,RAL 7040,#8E98A3
68,50,89,96,8,Gray,RAL 7040,#8E98A3
68,50,90,95,8,Gray,RAL 7040,#8E98A3
68,50,91,94,2,Black,RAL 9005,#111111
68,50,92,93,2,Black,RAL 9005,#111111
68,50,93,92,2,Black,RAL 9005,#111111
68,50,94,91,2,Black,RAL 9005,#111111
68,50,95,90,2,Black,RAL 9005,#111111
68,50,96,89,2,Black,RAL 9005,#111111
68,50,97,88,2,Black,RAL 9005,#111111
68,50,98,87,2,Black,RAL 9005,#111111
68,50,99,86,2,Black,RAL 9005,#111111
68,50,100,85,2,Black,RAL 9005,#111111
68,50,101,84,2,Black,RAL 9005,#111111
68,50,102,83,2,Black,RAL 9005,#111111
68,50,103,82,8,Gray,RAL 7040,#8E98A3
68,50,104,81,8,Gray,RAL 7040,#8E98A3
68,50,105,80,8,Gray,RAL 7040,#8E98A3
68,50,106,79,8,Gray,RAL 7040,#8E98A3
68,50,107,78,8,Gray,RAL 7040,#8E98A3
68,50,108,77,8,Gray,RAL 7040,#8E98A3
68,50,109,76,8,Gray,RAL 7040,#8E98A3
68,50,110,75,8,Gray,RAL 7040,#8E98A3
68,50,111,74,8,Gray,RAL 7040,#8E98A3
68,50,112,73,8,Gray,RAL 7040,#8E98A3
68,50,113,72,8,Gray,RAL 7040,#8E98A3
68,50,114,71,8,Gray,RAL 7040,#8E98A3
68,50,115,70,8,Gray,RAL 7040,#8E98A3
68,50,116,69,8,Gray,RAL 7040,#8E98A3
68,50,117,68,8,Gray,RAL 7040,#8E98A3
68,50,118,67,8,Gray,RAL 7040,#8E98A3
68,50,119,66,8,Gray,RAL 7040,#8E98A3
68,50,120,65,8,Gray,RAL 7040,#8E98A3
68,50,121,64,8,Gray,RAL 7040,#8E98A3
68,50,122,63,8,Gray,RAL 7040,#8E98A3
68,50,123,62,8,Gray,RAL 7040,#8E98A3
68,50,124,61,8,Gray,RAL 7040,#8E98A3
68,50,125,60,8,Gray,RAL 7040,#8E98A3
68,50,126,59,8,Gray,RAL 7040,#8E98A3
68,50,127,58,8,Gray,RAL 7040,#8E98A3
68,50,128,57,8,Gray,RAL 7040,#8E98A3
68,50,129,56,8,Gray,RAL 7040,#8E98A3
68,50,130,55,8,Gray,RAL 7040,#8E98A3
68,50,131,54,8,Gray,RAL 7040,#8E98A3
68,50,132,53,8,Gray,RAL 7040,#8E98A3
68,50,133,52,8,Gray,RAL 7040,#8E98A3
68,50,134,51,8,Gray,RAL 7040,#8E98A3
68,50,135,50,8,Gray,RAL 7040,#8E98A3
68,50,136,49,8,Gray,RAL 7040,#8E98A3
68,50,137,48,8,Gray,RAL 7040,#8E98A3
68,50,138,47,8,Gray,RAL 7040,#8E98A3
68,50,139,46,8,Gray,RAL 7040,#8E98A3
68,50,140,45,8,Gray,RAL 7040,#8E98A3
68,50,141,44,8,Gray,RAL 7040,#8E98A3
68,50,142,43,8,Gray,RAL 7040,#8E98A3
68,50,143,42,8,Gray,RAL 7040,#8E98A3
68,50,144,41,8,Gray,RAL 7040,#8E98A3
68,50,145,40,8,Gray,RAL 7040,#8E98A3
68,50,146,39,8,Gray,RAL 7040,#8E98A3
68,50,147,38,8,Gray,RAL 7040,#8E98A3
68,50,148,37,8,Gray,RAL 7040,#8E98A3
68,50,149,36,8,Gray,RAL 7040,#8E98A3
68,50,150,35,8,Gray,RAL 7040,#8E98A3
68,50,151,34,8,Gray,RAL 7040,#8E98A3
68,50,152,33,8,Gray,RAL 7040,#8E98A3
68,50,153,32,8,Gray,RAL 7040,#8E98A3
68,50,154,31,8,Gray,RAL 7040,#8E98A3
68,50,155,30,8,Gray,RAL 7040,#8E98A3
68,50,156,29,8,Gray,RAL 7040,#8E98A3
68,50,157,28,8,Gray,RAL 7040,#8E98A3
68,50,158,27,8,Gray,RAL 7040,#8E98A3
68,50,159,26,8,Gray,RAL 7040,#8E98A3
68,50,160,25,8,Gray,RAL 7040,#8E98A3
68,50,161,24,8,Gray,RAL 7040,#8E98A3
68,50,162,23,8,Gray,RAL 7040,#8E98A3
68,50,163,22,8,Gray,RAL 7040,#8E98A3
68,50,164,21,8,Gray,RAL 7040,#8E98A3
68,50,165,20,8,Gray,RAL 7040,#8E98A3
68,50,166,19,8,Gray,RAL 7040,#8E98A3
68,50,167,18,8,Gray,RAL 7040,#8E98A3
68,50,168,17,8,Gray,RAL 7040,#8E98A3
68,50,169,16,8,Gray,RAL 7040,#8E98A3
68,50,170,15,8,Gray,RAL 7040,#8E98A3
68,50,171,14,8,Gray,RAL 7040,#8E98A3
68,50,172,13,8,Gray,RAL 7040,#8E98A3
68,50,173,12,8,Gray,RAL 7040,#8E98A3
68,50,174,11,8,Gray,RAL 7040,#8E98A3
68,50,175,10,8,Gray,RAL 7040,#8E98A3
68,50,176,9,8,Gray,RAL 7040,#8E98A3
68,50,177,8,8,Gray,RAL 7040,#8E98A3
68,50,178,7,8,Gray,RAL 7040,#8E98A3
68,50,179,6,8,Gray,RAL 7040,#8E98A3
68,50,180,5,8,Gray,RAL 7040,#8E98A3
68,50,181,4,8,Gray,RAL 7040,#8E98A3
68,50,182,3,8,Gray,RAL 7040,#8E98A3
68,50,183,2,8,Gray,RAL 7040,#8E98A3
68,50,184,1,8,Gray,RAL 7040,#8E98A3
69,49,1,184,2,Black,RAL 9005,#111111
69,49,2,183,2,Black,RAL 9005,#111111
69,49,3,182,2,Black,RAL 9005,#111111
69,49,4,181,2,Black,RAL 9005,#111111
69,49,5,180,2,Black,RAL 9005,#111111
69,49,6,179,2,Black,RAL 9005,#111111
69,49,7,178,2,Black,RAL 9005,#111111
69,49,8,177,2,Black,RAL 9005,#111111
69,49,9,176,2,Black,RAL 9005,#111111
69,49,10,175,2,Black,RAL 9005,#111111
69,49,11,174,2,Black,RAL 9005,#111111
69,49,12,173,2,Black,RAL 9005,#111111
69,49,13,172,2,Black,RAL 9005,#111111
69,49,14,171,2,Black,RAL 9005,#111111
69,49,15,170,2,Black,RAL 9005,#111111
69,49,16,169,2,Black,RAL 9005,#111111
69,49,17,168,2,Black,RAL 9005,#111111
69,49,18,167,2,Black,RAL 9005,#111111
69,49,19,166,2,Black,RAL 9005,#111111
69,49,20,165,2,Black,RAL 9005,#111111
69,49,21,164,2,Black,RAL 9005,#111111
69,49,22,163,2,Black,RAL 9005,#111111
69,49,23,162,2,Black,RAL 9005,#111111
69,49,24,161,2,Black,RAL 9005,#111111
69,49,25,160,2,Black,RAL 9005,#111111
69,49,26,159,2,Black,RAL 9005,#111111
69,49,27,158,2,Black,RAL 9005,#111111
69,49,28,157,2,Black,RAL 9005,#111111
69,49,29,156,2,Black,RAL 9005,#111111
69,49,30,155,2,Black,RAL 9005,#111111
69,49,31,154,2,Black,RAL 9005,#111111
69,49,32,153,2,Black,RAL 9005,#111111
69,49,33,152,2,Black,RAL 9005,#111111
69,49,34,151,2,Black,RAL 9005,#111111
69,49,35,150,2,Black,RAL 9005,#111111
69,49,36,149,2,Black,RAL 9005,#111111
69,49,37,148,2,Black,RAL 9005,#111111
69,49,38,147,2,Black,RAL 9005,#111111
69,49,39,146,2,Black,RAL 9005,#111111
69,49,40,145,2,Black,RAL 9005,#111111
69,49,41,144,2,Black,RAL 9005,#111111
69,49,42,143,2,Black,RAL 9005,#111111
69,49,43,142,2,Black,RAL 9005,#111111
69,49,44,141,2,Black,RAL 9005,#111111
69,49,45,140,2,Black,RAL 9005,#111111
69,49,46,139,2,Black,RAL 9005,#111111
69,49,47,138,2,Black,RAL 9005,#111111
69,49,48,137,2,Black,RAL 9005,#111111
69,49,49,136,2,Black,RAL 9005,#111111
69,49,50,135,2,Black,RAL 9005,#111111
69,49,51,134,2,Black,RAL 9005,#111111
69,49,52,133,2,Black,RAL 9005,#111111
69,49,53,132,2,Black,RAL 9005,#111111
69,49,54,131,2,Black,RAL 9005,#111111
69,49,55,130,2,Black,RAL 9005,#111111
69,49,56,129,2,Black,RAL 9005,#111111
69,49,57,128,2,Black,RAL 9005,#111111
69,49,58,127,2,Black,RAL 9005,#111111
69,49,59,126,2,Black,RAL 9005,#111111
69,49,60,125,2,Black,RAL 9005,#111111
69,49,61,124,8,Gray,RAL 7040,#8E98A3
69,49,62,123,8,Gray,RAL 7040,#8E98A3
69,49,63,122,8,Gray,RAL 7040,#8E98A3
69,49,64,121,8,Gray,RAL 7040,#8E98A3
69,49,65,120,8,Gray,RAL 7040,#8E98A3
69,49,66,119,8,Gray,RAL 7040,#8E98A3
69,49,67,118,8,Gray,RAL 7040,#8E98A3
69,49,68,117,8,Gray,RAL 7040,#8E98A3
69,49,69,116,8,Gray,RAL 7040,#8E98A3
69,49,70,115,8,Gray,RAL 7040,#8E98A3
69,49,71,114,8,Gray,RAL 7040,#8E98A3
69,49,72,113,8,Gray,RAL 7040,#8E98A3
69,49,73,112,8,Gray,RAL 7040,#8E98A3
69,49,74,111,8,Gray,RAL 7040,#8E98A3
69,49,75,110,8,Gray,RAL 7040,#8E98A3
69,49,76,109,8,Gray,RAL 7040,#8E98A3
69,49,77,108,8,Gray,RAL 7040,#8E98A3
69,49,78,107,8,Gray,RAL 7040,#8E98A3
69,49,79,106,8,Gray,RAL 7040,#8E98A3
69,49,80,105,8,Gray,RAL 7040,#8E98A3
69,49,81,104,8,Gray,RAL 7040,#8E98A3
69,49,82,103,8,Gray,RAL 7040,#8E98A3
69,49,83,102,8,Gray,RAL 7040,#8E98A3
69,49,84,101,8,Gray,RAL 7040,#8E98A3
69,49,85,100,8,Gray,RAL 7040,#8E98A3
69,49,86,99,8,Gray,RAL 7040,#8E98A3
69,49,87,98,8,Gray,RAL 7040,#8E98A3
69,49,88,97,8,Gray,RAL 7040,#8E98A3
69,49,89,96,2,Black,RAL 9005,#111111
69,49,90,95,2,Black,RAL 9005,#111111
69,49,91,94,2,Black,RAL 9005,#111111
69,49,92,93,2,Black,RAL 9005,#111111
69,49,93,92,2,Black,RAL 9005,#111111
69,49,94,91,2,Black,RAL 9005,#111111
69,49,95,90,2,Black,RAL 9005,#111111
69,49,96,89,2,Black,RAL 9005,#111111
69,49,97,88,2,Black,RAL 9005,#111111
69,49,98,87,2,Black,RAL 9005,#111111
69,49,99,86,2,Black,RAL 9005,#111111
69,49,100,85,2,Black,RAL 9005,#111111
69,49,101,84,2,Black,RAL 9005,#111111
69,49,102,83,2,Black,RAL 9005,#111111
69,49,103,82,2,Black,RAL 9005,#111111
69,49,104,81,8,Gray,RAL 7040,#8E98A3
69,49,105,80,8,Gray,RAL 7040,#8E98A3
69,49,106,79,8,Gray,RAL 7040,#8E98A3
69,49,107,78,8,Gray,RAL 7040,#8E98A3
69,49,108,77,8,Gray,RAL 7040,#8E98A3
69,49,109,76,8,Gray,RAL 7040,#8E98A3
69,49,110,75,8,Gray,RAL 7040,#8E98A3
69,49,111,74,8,Gray,RAL 7040,#8E98A3
69,49,112,73,8,Gray,RAL 7040,#8E98A3
69,49,113,72,8,Gray,RAL 7040,#8E98A3
69,49,114,71,8,Gray,RAL 7040,#8E98A3
69,49,115,70,8,Gray,RAL 7040,#8E98A3
69,49,116,69,8,Gray,RAL 7040,#8E98A3
69,49,117,68,8,Gray,RAL 7040,#8E98A3
69,49,118,67,8,Gray,RAL 7040,#8E98A3
69,49,119,66,8,Gray,RAL 7040,#8E98A3
69,49,120,65,8,Gray,RAL 7040,#8E98A3
69,49,121,64,8,Gray,RAL 7040,#8E98A3
69,49,122,63,8,Gray,RAL 7040,#8E98A3
69,49,123,62,8,Gray,RAL 7040,#8E98A3
69,49,124,61,8,Gray,RAL 7040,#8E98A3
69,49,125,60,8,Gray,RAL 7040,#8E98A3
69,49,126,59,8,Gray,RAL 7040,#8E98A3
69,49,127,58,8,Gray,RAL 7040,#8E98A3
69,49,128,57,8,Gray,RAL 7040,#8E98A3
69,49,129,56,8,Gray,RAL 7040,#8E98A3
69,49,130,55,8,Gray,RAL 7040,#8E98A3
69,49,131,54,8,Gray,RAL 7040,#8E98A3
69,49,132,53,8,Gray,RAL 7040,#8E98A3
69,49,133,52,8,Gray,RAL 7040,#8E98A3
69,49,134,51,8,Gray,RAL 7040,#8E98A3
69,49,135,50,8,Gray,RAL 7040,#8E98A3
69,49,136,49,8,Gray,RAL 7040,#8E98A3
69,49,137,48,8,Gray,RAL 7040,#8E98A3
69,49,138,47,8,Gray,RAL 7040,#8E98A3
69,49,139,46,8,Gray,RAL 7040,#8E98A3
69,49,140,45,8,Gray,RAL 7040,#8E98A3
69,49,141,44,8,Gray,RAL 7040,#8E98A3
69,49,142,43,8,Gray,RAL 7040,#8E98A3
69,49,143,42,8,Gray,RAL 7040,#8E98A3
69,49,144,41,8,Gray,RAL 7040,#8E98A3
69,49,145,40,8,Gray,RAL 7040,#8E98A3
69,49,146,39,8,Gray,RAL 7040,#8E98A3
69,49,147,38,8,Gray,RAL 7040,#8E98A3
69,49,148,37,8,Gray,RAL 7040,#8E98A3
69,49,149,36,8,Gray,RAL 7040,#8E98A3
69,49,150,35,8,Gray,RAL 7040,#8E98A3
69,49,151,34,8,Gray,RAL 7040,#8E98A3
69,49,152,33,8,Gray,RAL 7040,#8E98A3
69,49,153,32,8,Gray,RAL 7040,#8E98A3
69,49,154,31,8,Gray,RAL 7040,#8E98A3
69,49,155,30,8,Gray,RAL 7040,#8E98A3
69,49,156,29,8,Gray,RAL 7040,#8E98A3
69,49,157,28,8,Gray,RAL 7040,#8E98A3
69,49,158,27,8,Gray,RAL 7040,#8E98A3
69,49,159,26,8,Gray,RAL 7040,#8E98A3
69,49,160,25,8,Gray,RAL 7040,#8E98A3
69,49,161,24,8,Gray,RAL 7040,#8E98A3
69,49,162,23,8,Gray,RAL 7040,#8E98A3
69,49,163,22,8,Gray,RAL 7040,#8E98A3
69,49,164,21,8,Gray,RAL 7040,#8E98A3
69,49,165,20,8,Gray,RAL 7040,#8E98A3
69,49,166,19,8,Gray,RAL 7040,#8E98A3
69,49,167,18,8,Gray,RAL 7040,#8E98A3
69,49,168,17,8,Gray,RAL 7040,#8E98A3
69,49,169,16,8,Gray,RAL 7040,#8E98A3
69,49,170,15,8,Gray,RAL 7040,#8E98A3
69,49,171,14,8,Gray,RAL 7040,#8E98A3
69,49,172,13,8,Gray,RAL 7040,#8E98A3
69,49,173,12,8,Gray,RAL 7040,#8E98A3
69,49,174,11,8,Gray,RAL 7040,#8E98A3
69,49,175,10,8,Gray,RAL 7040,#8E98A3
69,49,176,9,8,Gray,RAL 7040,#8E98A3
69,49,177,8,8,Gray,RAL 7040,#8E98A3
69,49,178,7,8,Gray,RAL 7040,#8E98A3
69,49,179,6,8,Gray,RAL 7040,#8E98A3
69,49,180,5,8,Gray,RAL 7040,#8E98A3
69,49,181,4,8,Gray,RAL 7040,#8E98A3
69,49,182,3,8,Gray,RAL 7040,#8E98A3
69,49,183,2,8,Gray,RAL 7040,#8E98A3
69,49,184,1,8,Gray,RAL 7040,#8E98A3
70,48,1,184,2,Black,RAL 9005,#111111
70,48,2,183,2,Black,RAL 9005,#111111
70,48,3,182,2,Black,RAL 9005,#111111
70,48,4,181,2,Black,RAL 9005,#111111
70,48,5,180,2,Black,RAL 9005,#111111
70,48,6,179,2,Black,RAL 9005,#111111
70,48,7,178,2,Black,RAL 9005,#111111
70,48,8,177,2,Black,RAL 9005,#111111
70,48,9,176,2,Black,RAL 9005,#111111
70,48,10,175,2,Black,RAL 9005,#111111
70,48,11,174,2,Black,RAL 9005,#111111
70,48,12,173,2,Black,RAL 9005,#111111
70,48,13,172,2,Black,RAL 9005,#111111
70,48,14,171,2,Black,RAL 9005,#111111
70,48,15,170,2,Black,RAL 9005,#111111
70,48,16,169,2,Black,RAL 9005,#111111
70,48,17,168,2,Black,RAL 9005,#111111
70,48,18,167,2,Black,RAL 9005,#111111
70,48,19,166,2,Black,RAL 9005,#111111
70,48,20,165,2,Black,RAL 9005,#111111
70,48,21,164,2,Black,RAL 9005,#111111
70,48,22,163,2,Black,RAL 9005,#111111
70,48,23,162,2,Black,RAL 9005,#111111
70,48,24,161,2,Black,RAL 9005,#111111
70,48,25,160,2,Black,RAL 9005,#111111
70,48,26,159,2,Black,RAL 9005,#111111
70,48,27,158,2,Black,RAL 9005,#111111
70,48,28,157,2,Black,RAL 9005,#111111
70,48,29,156,2,Black,RAL 9005,#111111
70,48,30,155,2,Black,RAL 9005,#111111
70,48,31,154,2,Black,RAL 9005,#111111
70,48,32,153,2,Black,RAL 9005,#111111
70,48,33,152,2,Black,RAL 9005,#111111
70,48,34,151,2,Black,RAL 9005,#111111
70,48,35,150,2,Black,RAL 9005,#111111
70,48,36,149,2,Black,RAL 9005,#111111
70,48,37,148,2,Black,RAL 9005,#111111
70,48,38,147,2,Black,RAL 9005,#111111
70,48,39,146,2,Black,RAL 9005,#111111
70,48,40,145,2,Black,RAL 9005,#111111
70,48,41,144,2,Black,RAL 9005,#111111
70,48,42,143,2,Black,RAL 9005,#111111
70,48,43,142,2,Black,RAL 9005,#111111
70,48,44,141,2,Black,RAL 9005,#111111
70,48,45,140,2,Black,RAL 9005,#111111
70,48,46,139,2,Black,RAL 9005,#111111
70,48,47,138,2,Black,RAL 9005,#111111
70,48,48,137,2,Black,RAL 9005,#111111
70,48,49,136,2,Black,RAL 9005,#111111
70,48,50,135,2,Black,RAL 9005,#111111
70,48,51,134,2,Black,RAL 9005,#111111
70,48,52,133,2,Black,RAL 9005,#111111
70,48,53,132,2,Black,RAL 9005,#111111
70,48,54,131,2,Black,RAL 9005,#111111
70,48,55,130,2,Black,RAL 9005,#111111
70,48,56,129,2,Black,RAL 9005,#111111
70,48,57,128,2,Black,RAL 9005,#111111
70,48,58,127,2,Black,RAL 9005,#111111
70,48,59,126,2,Black,RAL 9005,#111111
70,48,60,125,2,Black,RAL 9005,#111111
70,48,61,124,8,Gray,RAL 7040,#8E98A3
70,48,62,123,8,Gray,RAL 7040,#8E98A3
70,48,63,122,8,Gray,RAL 7040,#8E98A3
70,48,64,121,8,Gray,RAL 7040,#8E98A3
70,48,65,120,8,Gray,RAL 7040,#8E98A3
70,48,66,119,8,Gray,RAL 7040,#8E98A3
70,48,67,118,8,Gray,RAL 7040,#8E98A3
70,48,68,117,8,Gray,RAL 7040,#8E98A3
70,48,69,116,8,Gray,RAL 7040,#8E98A3
70,48,70,115,8,Gray,RAL 7040,#8E98A3
70,48,71,114,8,Gray,RAL 7040,#8E98A3
70,48,72,113,8,Gray,RAL 7040,#8E98A3
70,48,73,112,8,Gray,RAL 7040,#8E98A3
70,48,74,111,8,Gray,RAL 7040,#8E98A3
70,48,75,110,8,Gray,RAL 7040,#8E98A3
70,48,76,109,8,Gray,RAL 7040,#8E98A3
70,48,77,108,8,Gray,RAL 7040,#8E98A3
70,48,78,107,8,Gray,RAL 7040,#8E98A3
70,48,79,106,8,Gray,RAL 7040,#8E98A3
70,48,80,105,8,Gray,RAL 7040,#8E98A3
70,48,81,104,8,Gray,RAL 7040,#8E98A3
70,48,82,103,8,Gray,RAL 7040,#8E98A3
70,48,83,102,8,Gray,RAL 7040,#8E98A3
70,48,84,101,8,Gray,RAL 7040,#8E98A3
70,48,85,100,2,Black,RAL 9005,#111111
70,48,86,99,2,Black,RAL 9005,#111111
70,48,87,98,2,Black,RAL 9005,#111111
70,48,88,97,2,Black,RAL 9005,#111111
70,48,89,96,2,Black,RAL 9005,#111111
70,48,90,95,2,Black,RAL 9005,#111111
70,48,91,94,2,Black,RAL 9005,#111111
70,48,92,93,2,Black,RAL 9005,#111111
70,48,93,92,2,Black,RAL 9005,#111111
70,48,94,91,2,Black,RAL 9005,#111111
70,48,95,90,2,Black,RAL 9005,#111111
70,48,96,89,2,Black,RAL 9005,#111111
70,48,97,88,2,Black,RAL 9005,#111111
70,48,98,87,2,Black,RAL 9005,#111111
70,48,99,86,2,Black,RAL 9005,#111111
70,48,100,85,2,Black,RAL 9005,#111111
70,48,101,84,2,Black,RAL 9005,#111111
70,48,102,83,2,Black,RAL 9005,#111111
70,48,103,82,2,Black,RAL 9005,#111111
70,48,104,81,8,Gray,RAL 7040,#8E98A3
70,48,105,80,8,Gray,RAL 7040,#8E98A3
70,48,106,79,8,Gray,RAL 7040,#8E98A3
70,48,107,78,8,Gray,RAL 7040,#8E98A3
70,48,108,77,8,Gray,RAL 7040,#8E98A3
70,48,109,76,8,Gray,RAL 7040,#8E98A3
70,48,110,75,8,Gray,RAL 7040,#8E98A3
70,48,111,74,8,Gray,RAL 7040,#8E98A3
70,48,112,73,8,Gray,RAL 7040,#8E98A3
70,48,113,72,8,Gray,RAL 7040,#8E98A3
70,48,114,71,8,Gray,RAL 7040,#8E98A3
70,48,115,70,8,Gray,RAL 7040,#8E98A3
70,48,116,69,8,Gray,RAL 7040,#8E98A3
70,48,117,68,8,Gray,RAL 7040,#8E98A3
70,48,118,67,8,Gray,RAL 7040,#8E98A3
70,48,119,66,8,Gray,RAL 7040,#8E98A3
70,48,120,65,8,Gray,RAL 7040,#8E98A3
70,48,121,64,8,Gray,RAL 7040,#8E98A3
70,48,122,63,8,Gray,RAL 7040,#8E98A3
70,48,123,62,8,Gray,RAL 7040,#8E98A3
70,48,124,61,8,Gray,RAL 7040,#8E98A3
70,48,125,60,8,Gray,RAL 7040,#8E98A3
70,48,126,59,8,Gray,RAL 7040,#8E98A3
70,48,127,58,8,Gray,RAL 7040,#8E98A3
70,48,128,57,8,Gray,RAL 7040,#8E98A3
70,48,129,56,8,Gray,RAL 7040,#8E98A3
70,48,130,55,8,Gray,RAL 7040,#8E98A3
70,48,131,54,8,Gray,RAL 7040,#8E98A3
70,48,132,53,8,Gray,RAL 7040,#8E98A3
70,48,133,52,8,Gray,RAL 7040,#8E98A3
70,48,134,51,8,Gray,RAL 7040,#8E98A3
70,48,135,50,8,Gray,RAL 7040,#8E98A3
70,48,136,49,8,Gray,RAL 7040,#8E98A3
70,48,137,48,8,Gray,RAL 7040,#8E98A3
70,48,138,47,8,Gray,RAL 7040,#8E98A3
70,48,139,46,8,Gray,RAL 7040,#8E98A3
70,48,140,45,8,Gray,RAL 7040,#8E98A3
70,48,141,44,8,Gray,RAL 7040,#8E98A3
70,48,142,43,8,Gray,RAL 7040,#8E98A3
70,48,143,42,8,Gray,RAL 7040,#8E98A3
70,48,144,41,8,Gray,RAL 7040,#8E98A3
70,48,145,40,8,Gray,RAL 7040,#8E98A3
70,48,146,39,8,Gray,RAL 7040,#8E98A3
70,48,147,38,8,Gray,RAL 7040,#8E98A3
70,48,148,37,8,Gray,RAL 7040,#8E98A3
70,48,149,36,8,Gray,RAL 7040,#8E98A3
70,48,150,35,8,Gray,RAL 7040,#8E98A3
70,48,151,34,8,Gray,RAL 7040,#8E98A3
70,48,152,33,8,Gray,RAL 7040,#8E98A3
70,48,153,32,8,Gray,RAL 7040,#8E98A3
70,48,154,31,8,Gray,RAL 7040,#8E98A3
70,48,155,30,8,Gray,RAL 7040,#8E98A3
70,48,156,29,8,Gray,RAL 7040,#8E98A3
70,48,157,28,8,Gray,RAL 7040,#8E98A3
70,48,158,27,8,Gray,RAL 7040,#8E98A3
70,48,159,26,8,Gray,RAL 7040,#8E98A3
70,48,160,25,8,Gray,RAL 7040,#8E98A3
70,48,161,24,8,Gray,RAL 7040,#8E98A3
70,48,162,23,8,Gray,RAL 7040,#8E98A3
70,48,163,22,8,Gray,RAL 7040,#8E98A3
70,48,164,21,8,Gray,RAL 7040,#8E98A3
70,48,165,20,8,Gray,RAL 7040,#8E98A3
70,48,166,19,8,Gray,RAL 7040,#8E98A3
70,48,167,18,8,Gray,RAL 7040,#8E98A3
70,48,168,17,8,Gray,RAL 7040,#8E98A3
70,48,169,16,8,Gray,RAL 7040,#8E98A3
70,48,170,15,8,Gray,RAL 7040,#8E98A3
70,48,171,14,8,Gray,RAL 7040,#8E98A3
70,48,172,13,8,Gray,RAL 7040,#8E98A3
70,48,173,12,8,Gray,RAL 7040,#8E98A3
70,48,174,11,8,Gray,RAL 7040,#8E98A3
70,48,175,10,8,Gray,RAL 7040,#8E98A3
70,48,176,9,8,Gray,RAL 7040,#8E98A3
70,48,177,8,8,Gray,RAL 7040,#8E98A3
70,48,178,7,8,Gray,RAL 7040,#8E98A3
70,48,179,6,8,Gray,RAL 7040,#8E98A3
70,48,180,5,8,Gray,RAL 7040,#8E98A3
70,48,181,4,8,Gray,RAL 7040,#8E98A3
70,48,182,3,8,Gray,RAL 7040,#8E98A3
70,48,183,2,8,Gray,RAL 7040,#8E98A3
70,48,184,1,8,Gray,RAL 7040,#8E98A3
71,47,1,184,2,Black,RAL 9005,#111111
71,47,2,183,2,Black,RAL 9005,#111111
71,47,3,182,2,Black,RAL 9005,#111111
71,47,4,181,2,Black,RAL 9005,#111111
71,47,5,180,2,Black,RAL 9005,#111111
71,47,6,179,2,Black,RAL 9005,#111111
71,47,7,178,2,Black,RAL 9005,#111111
71,47,8,177,2,Black,RAL 9005,#111111
71,47,9,176,2,Black,RAL 9005,#111111
71,47,10,175,2,Black,RAL 9005,#111111
71,47,11,174,2,Black,RAL 9005,#111111
71,47,12,173,2,Black,RAL 9005,#111111
71,47,13,172,2,Black,RAL 9005,#111111
71,47,14,171,2,Black,RAL 9005,#111111
71,47,15,170,2,Black,RAL 9005,#111111
71,47,16,169,2,Black,RAL 9005,#111111
71,47,17,168,2,Black,RAL 9005,#111111
71,47,18,167,2,Black,RAL 9005,#111111
71,47,19,166,2,Black,RAL 9005,#111111
71,47,20,165,2,Black,RAL 9005,#111111
71,47,21,164,2,Black,RAL 9005,#111111
71,47,22,163,2,Black,RAL 9005,#111111
71,47,23,162,2,Black,RAL 9005,#111111
71,47,24,161,2,Black,RAL 9005,#111111
71,47,25,160,2,Black,RAL 9005,#111111
71,47,26,159,2,Black,RAL 9005,#111111
71,47,27,158,2,Black,RAL 9005,#111111
71,47,28,157,2,Black,RAL 9005,#111111
71,47,29,156,2,Black,RAL 9005,#111111
71,47,30,155,2,Black,RAL 9005,#111111
71,47,31,154,2,Black,RAL 9005,#111111
71,47,32,153,2,Black,RAL 9005,#111111
71,47,33,152,2,Black,RAL 9005,#111111
71,47,34,151,2,Black,RAL 9005,#111111
71,47,35,150,2,Black,RAL 9005,#111111
71,47,36,149,2,Black,RAL 9005,#111111
71,47,37,148,2,Black,RAL 9005,#111111
71,47,38,147,2,Black,RAL 9005,#111111
71,47,39,146,2,Black,RAL 9005,#111111
71,47,40,145,2,Black,RAL 9005,#111111
71,47,41,144,2,Black,RAL 9005,#111111
71,47,42,143,2,Black,RAL 9005,#111111
71,47,43,142,2,Black,RAL 9005,#111111
71,47,44,141,2,Black,RAL 9005,#111111
71,47,45,140,2,Black,RAL 9005,#111111
71,47,46,139,2,Black,RAL 9005,#111111
71,47,47,138,2,Black,RAL 9005,#111111
71,47,48,137,2,Black,RAL 9005,#111111
71,47,49,136,2,Black,RAL 9005,#111111
71,47,50,135,2,Black,RAL 9005,#111111
71,47,51,134,2,Black,RAL 9005,#111111
71,47,52,133,2,Black,RAL 9005,#111111
71,47,53,132,2,Black,RAL 9005,#111111
71,47,54,131,2,Black,RAL 9005,#111111
71,47,55,130,2,Black,RAL 9005,#111111
71,47,56,129,2,Black,RAL 9005,#111111
71,47,57,128,2,Black,RAL 9005,#111111
71,47,58,127,2,Black,RAL 9005,#111111
71,47,59,126,2,Black,RAL 9005,#111111
71,47,60,125,2,Black,RAL 9005,#111111
71,47,61,124,8,Gray,RAL 7040,#8E98A3
71,47,62,123,8,Gray,RAL 7040,#8E98A3
71,47,63,122,8,Gray,RAL 7040,#8E98A3
71,47,64,121,8,Gray,RAL 7040,#8E98A3
71,47,65,120,8,Gray,RAL 7040,#8E98A3
71,47,66,119,8,Gray,RAL 7040,#8E98A3
71,47,67,118,8,Gray,RAL 7040,#8E98A3
71,47,68,117,8,Gray,RAL 7040,#8E98A3
71,47,69,116,8,Gray,RAL 7040,#8E98A3
71,47,70,115,8,Gray,RAL 7040,#8E98A3
71,47,71,114,8,Gray,RAL 7040,#8E98A3
71,47,72,113,8,Gray,RAL 7040,#8E98A3
71,47,73,112,8,Gray,RAL 7040,#8E98A3
71,47,74,111,8,Gray,RAL 7040,#8E98A3
71,47,75,110,8,Gray,RAL 7040,#8E98A3
71,47,76,109,8,Gray,RAL 7040,#8E98A3
71,47,77,108,8,Gray,RAL 7040,#8E98A3
71,47,78,107,8,Gray,RAL 7040,#8E98A3
71,47,79,106,8,Gray,RAL 7040,#8E98A3
71,47,80,105,8,Gray,RAL 7040,#8E98A3
71,47,81,104,8,Gray,RAL 7040,#8E98A3
71,47,82,103,8,Gray,RAL 7040,#8E98A3
71,47,83,102,8,Gray,RAL 7040,#8E98A3
71,47,84,101,8,Gray,RAL 7040,#8E98A3
71,47,85,100,2,Black,RAL 9005,#111111
71,47,86,99,2,Black,RAL 9005,#111111
71,47,87,98,2,Black,RAL 9005,#111111
71,47,88,97,2,Black,RAL 9005,#111111
71,47,89,96,2,Black,RAL 9005,#111111
71,47,90,95,2,Black,RAL 9005,#111111
71,47,91,94,2,Black,RAL 9005,#111111
71,47,92,93,2,Black,RAL 9005,#111111
71,47,93,92,2,Black,RAL 9005,#111111
71,47,94,91,2,Black,RAL 9005,#111111
71,47,95,90,2,Black,RAL 9005,#111111
71,47,96,89,2,Black,RAL 9005,#111111
71,47,97,88,2,Black,RAL 9005,#111111
71,47,98,87,2,Black,RAL 9005,#111111
71,47,99,86,2,Black,RAL 9005,#111111
71,47,100,85,2,Black,RAL 9005,#111111
71,47,101,84,2,Black,RAL 9005,#111111
71,47,102,83,2,Black,RAL 9005,#111111
71,47,103,82,2,Black,RAL 9005,#111111
71,47,104,81,8,Gray,RAL 7040,#8E98A3
71,47,105,80,8,Gray,RAL 7040,#8E98A3
71,47,106,79,8,Gray,RAL 7040,#8E98A3
71,47,107,78,8,Gray,RAL 7040,#8E98A3
71,47,108,77,8,Gray,RAL 7040,#8E98A3
71,47,109,76,8,Gray,RAL 7040,#8E98A3
71,47,110,75,8,Gray,RAL 7040,#8E98A3
71,47,111,74,8,Gray,RAL 7040,#8E98A3
71,47,112,73,8,Gray,RAL 7040,#8E98A3
71,47,113,72,8,Gray,RAL 7040,#8E98A3
71,47,114,71,8,Gray,RAL 7040,#8E98A3
71,47,115,70,8,Gray,RAL 7040,#8E98A3
71,47,116,69,8,Gray,RAL 7040,#8E98A3
71,47,117,68,8,Gray,RAL 7040,#8E98A3
71,47,118,67,8,Gray,RAL 7040,#8E98A3
71,47,119,66,8,Gray,RAL 7040,#8E98A3
71,47,120,65,8,Gray,RAL 7040,#8E98A3
71,47,121,64,8,Gray,RAL 7040,#8E98A3
71,47,122,63,8,Gray,RAL 7040,#8E98A3
71,47,123,62,8,Gray,RAL 7040,#8E98A3
71,47,124,61,8,Gray,RAL 7040,#8E98A3
71,47,125,60,8,Gray,RAL 7040,#8E98A3
71,47,126,59,8,Gray,RAL 7040,#8E98A3
71,47,127,58,8,Gray,RAL 7040,#8E98A3
71,47,128,57,8,Gray,RAL 7040,#8E98A3
71,47,129,56,8,Gray,RAL 7040,#8E98A3
71,47,130,55,8,Gray,RAL 7040,#8E98A3
71,47,131,54,8,Gray,RAL 7040,#8E98A3
71,47,132,53,8,Gray,RAL 7040,#8E98A3
71,47,133,52,8,Gray,RAL 7040,#8E98A3
71,47,134,51,8,Gray,RAL 7040,#8E98A3
71,47,135,50,8,Gray,RAL 7040,#8E98A3
71,47,136,49,8,Gray,RAL 7040,#8E98A3
71,47,137,48,8,Gray,RAL 7040,#8E98A3
71,47,138,47,8,Gray,RAL 7040,#8E98A3
71,47,139,46,8,Gray,RAL 7040,#8E98A3
71,47,140,45,8,Gray,RAL 7040,#8E98A3
71,47,141,44,8,Gray,RAL 7040,#8E98A3
71,47,142,43,8,Gray,RAL 7040,#8E98A3
71,47,143,42,8,Gray,RAL 7040,#8E98A3
71,47,144,41,8,Gray,RAL 7040,#8E98A3
71,47,145,40,8,Gray,RAL 7040,#8E98A3
71,47,146,39,8,Gray,RAL 7040,#8E98A3
71,47,147,38,8,Gray,RAL 7040,#8E98A3
71,47,148,37,8,Gray,RAL 7040,#8E98A3
71,47,149,36,8,Gray,RAL 7040,#8E98A3
71,47,150,35,8,Gray,RAL 7040,#8E98A3
71,47,151,34,8,Gray,RAL 7040,#8E98A3
71,47,152,33,8,Gray,RAL 7040,#8E98A3
71,47,153,32,8,Gray,RAL 7040,#8E98A3
71,47,154,31,8,Gray,RAL 7040,#8E98A3
71,47,155,30,8,Gray,RAL 7040,#8E98A3
71,47,156,29,8,Gray,RAL 7040,#8E98A3
71,47,157,28,8,Gray,RAL 7040,#8E98A3
71,47,158,27,8,Gray,RAL 7040,#8E98A3
71,47,159,26,8,Gray,RAL 7040,#8E98A3
71,47,160,25,8,Gray,RAL 7040,#8E98A3
71,47,161,24,8,Gray,RAL 7040,#8E98A3
71,47,162,23,8,Gray,RAL 7040,#8E98A3
71,47,163,22,8,Gray,RAL 7040,#8E98A3
71,47,164,21,8,Gray,RAL 7040,#8E98A3
71,47,165,20,8,Gray,RAL 7040,#8E98A3
71,47,166,19,8,Gray,RAL 7040,#8E98A3
71,47,167,18,8,Gray,RAL 7040,#8E98A3
71,47,168,17,8,Gray,RAL 7040,#8E98A3
71,47,169,16,8,Gray,RAL 7040,#8E98A3
71,47,170,15,8,Gray,RAL 7040,#8E98A3
71,47,171,14,8,Gray,RAL 7040,#8E98A3
71,47,172,13,8,Gray,RAL 7040,#8E98A3
71,47,173,12,8,Gray,RAL 7040,#8E98A3
71,47,174,11,8,Gray,RAL 7040,#8E98A3
71,47,175,10,8,Gray,RAL 7040,#8E98A3
71,47,176,9,8,Gray,RAL 7040,#8E98A3
71,47,177,8,8,Gray,RAL 7040,#8E98A3
71,47,178,7,8,Gray,RAL 7040,#8E98A3
71,47,179,6,8,Gray,RAL 7040,#8E98A3
71,47,180,5,8,Gray,RAL 7040,#8E98A3
71,47,181,4,6,Green,RAL 6018,#2CA36A
71,47,182,3,8,Gray,RAL 7040,#8E98A3
71,47,183,2,8,Gray,RAL 7040,#8E98A3
71,47,184,1,8,Gray,RAL 7040,#8E98A3
72,46,1,184,2,Black,RAL 9005,#111111
72,46,2,183,2,Black,RAL 9005,#111111
72,46,3,182,2,Black,RAL 9005,#111111
72,46,4,181,2,Black,RAL 9005,#111111
72,46,5,180,2,Black,RAL 9005,#111111
72,46,6,179,2,Black,RAL 9005,#111111
72,46,7,178,2,Black,RAL 9005,#111111
72,46,8,177,2,Black,RAL 9005,#111111
72,46,9,176,2,Black,RAL 9005,#111111
72,46,10,175,2,Black,RAL 9005,#111111
72,46,11,174,2,Black,RAL 9005,#111111
72,46,12,173,2,Black,RAL 9005,#111111
72,46,13,172,2,Black,RAL 9005,#111111
72,46,14,171,2,Black,RAL 9005,#111111
72,46,15,170,2,Black,RAL 9005,#111111
72,46,16,169,2,Black,RAL 9005,#111111
72,46,17,168,2,Black,RAL 9005,#111111
72,46,18,167,2,Black,RAL 9005,#111111
72,46,19,166,2,Black,RAL 9005,#111111
72,46,20,165,2,Black,RAL 9005,#111111
72,46,21,164,2,Black,RAL 9005,#111111
72,46,22,163,2,Black,RAL 9005,#111111
72,46,23,162,2,Black,RAL 9005,#111111
72,46,24,161,2,Black,RAL 9005,#111111
72,46,25,160,2,Black,RAL 9005,#111111
72,46,26,159,2,Black,RAL 9005,#111111
72,46,27,158,2,Black,RAL 9005,#111111
72,46,28,157,2,Black,RAL 9005,#111111
72,46,29,156,2,Black,RAL 9005,#111111
72,46,30,155,2,Black,RAL 9005,#111111
72,46,31,154,2,Black,RAL 9005,#111111
72,46,32,153,2,Black,RAL 9005,#111111
72,46,33,152,2,Black,RAL 9005,#111111
72,46,34,151,2,Black,RAL 9005,#111111
72,46,35,150,2,Black,RAL 9005,#111111
72,46,36,149,2,Black,RAL 9005,#111111
72,46,37,148,2,Black,RAL 9005,#111111
72,46,38,147,2,Black,RAL 9005,#111111
72,46,39,146,2,Black,RAL 9005,#111111
72,46,40,145,2,Black,RAL 9005,#111111
72,46,41,144,2,Black,RAL 9005,#111111
72,46,42,143,2,Black,RAL 9005,#111111
72,46,43,142,2,Black,RAL 9005,#111111
72,46,44,141,2,Black,RAL 9005,#111111
72,46,45,140,2,Black,RAL 9005,#111111
72,46,46,139,2,Black,RAL 9005,#111111
72,46,47,138,2,Black,RAL 9005,#111111
72,46,48,137,2,Black,RAL 9005,#111111
72,46,49,136,2,Black,RAL 9005,#111111
72,46,50,135,2,Black,RAL 9005,#111111
72,46,51,134,2,Black,RAL 9005,#111111
72,46,52,133,2,Black,RAL 9005,#111111
72,46,53,132,2,Black,RAL 9005,#111111
72,46,54,131,2,Black,RAL 9005,#111111
72,46,55,130,2,Black,RAL 9005,#111111
72,46,56,129,2,Black,RAL 9005,#111111
72,46,57,128,2,Black,RAL 9005,#111111
72,46,58,127,2,Black,RAL 9005,#111111
72,46,59,126,2,Black,RAL 9005,#111111
72,46,60,125,2,Black,RAL 9005,#111111
72,46,61,124,2,Black,RAL 9005,#111111
72,46,62,123,8,Gray,RAL 7040,#8E98A3
72,46,63,122,8,Gray,RAL 7040,#8E98A3
72,46,64,121,8,Gray,RAL 7040,#8E98A3
72,46,65,120,8,Gray,RAL 7040,#8E98A3
72,46,66,119,8,Gray,RAL 7040,#8E98A3
72,46,67,118,8,Gray,RAL 7040,#8E98A3
72,46,68,117,8,Gray,RAL 7040,#8E98A3
72,46,69,116,8,Gray,RAL 7040,#8E98A3
72,46,70,115,8,Gray,RAL 7040,#8E98A3
72,46,71,114,8,Gray,RAL 7040,#8E98A3
72,46,72,113,8,Gray,RAL 7040,#8E98A3
72,46,73,112,8,Gray,RAL 7040,#8E98A3
72,46,74,111,8,Gray,RAL 7040,#8E98A3
72,46,75,110,8,Gray,RAL 7040,#8E98A3
72,46,76,109,8,Gray,RAL 7040,#8E98A3
72,46,77,108,8,Gray,RAL 7040,#8E98A3
72,46,78,107,8,Gray,RAL 7040,#8E98A3
72,46,79,106,8,Gray,RAL 7040,#8E98A3
72,46,80,105,8,Gray,RAL 7040,#8E98A3
72,46,81,104,8,Gray,RAL 7040,#8E98A3
72,46,82,103,8,Gray,RAL 7040,#8E98A3
72,46,83,102,8,Gray,RAL 7040,#8E98A3
72,46,84,101,8,Gray,RAL 7040,#8E98A3
72,46,85,100,2,Black,RAL 9005,#111111
72,46,86,99,2,Black,RAL 9005,#111111
72,46,87,98,2,Black,RAL 9005,#111111
72,46,88,97,2,Black,RAL 9005,#111111
72,46,89,96,2,Black,RAL 9005,#111111
72,46,90,95,2,Black,RAL 9005,#111111
72,46,91,94,2,Black,RAL 9005,#111111
72,46,92,93,2,Black,RAL 9005,#111111
72,46,93,92,2,Black,RAL 9005,#111111
72,46,94,91,2,Black,RAL 9005,#111111
72,46,95,90,2,Black,RAL 9005,#111111
72,46,96,89,2,Black,RAL 9005,#111111
72,46,97,88,2,Black,RAL 9005,#111111
72,46,98,87,2,Black,RAL 9005,#111111
72,46,99,86,2,Black,RAL 9005,#111111
72,46,100,85,2,Black,RAL 9005,#111111
72,46,101,84,2,Black,RAL 9005,#111111
72,46,102,83,2,Black,RAL 9005,#111111
72,46,103,82,2,Black,RAL 9005,#111111
72,46,104,81,8,Gray,RAL 7040,#8E98A3
72,46,105,80,8,Gray,RAL 7040,#8E98A3
72,46,106,79,8,Gray,RAL 7040,#8E98A3
72,46,107,78,8,Gray,RAL 7040,#8E98A3
72,46,108,77,8,Gray,RAL 7040,#8E98A3
72,46,109,76,8,Gray,RAL 7040,#8E98A3
72,46,110,75,8,Gray,RAL 7040,#8E98A3
72,46,111,74,8,Gray,RAL 7040,#8E98A3
72,46,112,73,8,Gray,RAL 7040,#8E98A3
72,46,113,72,8,Gray,RAL 7040,#8E98A3
72,46,114,71,8,Gray,RAL 7040,#8E98A3
72,46,115,70,8,Gray,RAL 7040,#8E98A3
72,46,116,69,8,Gray,RAL 7040,#8E98A3
72,46,117,68,8,Gray,RAL 7040,#8E98A3
72,46,118,67,8,Gray,RAL 7040,#8E98A3
72,46,119,66,8,Gray,RAL 7040,#8E98A3
72,46,120,65,8,Gray,RAL 7040,#8E98A3
72,46,121,64,8,Gray,RAL 7040,#8E98A3
72,46,122,63,8,Gray,RAL 7040,#8E98A3
72,46,123,62,8,Gray,RAL 7040,#8E98A3
72,46,124,61,8,Gray,RAL 7040,#8E98A3
72,46,125,60,8,Gray,RAL 7040,#8E98A3
72,46,126,59,8,Gray,RAL 7040,#8E98A3
72,46,127,58,8,Gray,RAL 7040,#8E98A3
72,46,128,57,8,Gray,RAL 7040,#8E98A3
72,46,129,56,8,Gray,RAL 7040,#8E98A3
72,46,130,55,8,Gray,RAL 7040,#8E98A3
72,46,131,54,8,Gray,RAL 7040,#8E98A3
72,46,132,53,8,Gray,RAL 7040,#8E98A3
72,46,133,52,8,Gray,RAL 7040,#8E98A3
72,46,134,51,8,Gray,RAL 7040,#8E98A3
72,46,135,50,8,Gray,RAL 7040,#8E98A3
72,46,136,49,8,Gray,RAL 7040,#8E98A3
72,46,137,48,8,Gray,RAL 7040,#8E98A3
72,46,138,47,8,Gray,RAL 7040,#8E98A3
72,46,139,46,8,Gray,RAL 7040,#8E98A3
72,46,140,45,8,Gray,RAL 7040,#8E98A3
72,46,141,44,8,Gray,RAL 7040,#8E98A3
72,46,142,43,8,Gray,RAL 7040,#8E98A3
72,46,143,42,8,Gray,RAL 7040,#8E98A3
72,46,144,41,8,Gray,RAL 7040,#8E98A3
72,46,145,40,8,Gray,RAL 7040,#8E98A3
72,46,146,39,8,Gray,RAL 7040,#8E98A3
72,46,147,38,8,Gray,RAL 7040,#8E98A3
72,46,148,37,8,Gray,RAL 7040,#8E98A3
72,46,149,36,8,Gray,RAL 7040,#8E98A3
72,46,150,35,8,Gray,RAL 7040,#8E98A3
72,46,151,34,8,Gray,RAL 7040,#8E98A3
72,46,152,33,8,Gray,RAL 7040,#8E98A3
72,46,153,32,8,Gray,RAL 7040,#8E98A3
72,46,154,31,8,Gray,RAL 7040,#8E98A3
72,46,155,30,8,Gray,RAL 7040,#8E98A3
72,46,156,29,8,Gray,RAL 7040,#8E98A3
72,46,157,28,8,Gray,RAL 7040,#8E98A3
72,46,158,27,8,Gray,RAL 7040,#8E98A3
72,46,159,26,8,Gray,RAL 7040,#8E98A3
72,46,160,25,8,Gray,RAL 7040,#8E98A3
72,46,161,24,8,Gray,RAL 7040,#8E98A3
72,46,162,23,8,Gray,RAL 7040,#8E98A3
72,46,163,22,8,Gray,RAL 7040,#8E98A3
72,46,164,21,8,Gray,RAL 7040,#8E98A3
72,46,165,20,8,Gray,RAL 7040,#8E98A3
72,46,166,19,8,Gray,RAL 7040,#8E98A3
72,46,167,18,8,Gray,RAL 7040,#8E98A3
72,46,168,17,8,Gray,RAL 7040,#8E98A3
72,46,169,16,8,Gray,RAL 7040,#8E98A3
72,46,170,15,8,Gray,RAL 7040,#8E98A3
72,46,171,14,8,Gray,RAL 7040,#8E98A3
72,46,172,13,8,Gray,RAL 7040,#8E98A3
72,46,173,12,8,Gray,RAL 7040,#8E98A3
72,46,174,11,8,Gray,RAL 7040,#8E98A3
72,46,175,10,8,Gray,RAL 7040,#8E98A3
72,46,176,9,8,Gray,RAL 7040,#8E98A3
72,46,177,8,8,Gray,RAL 7040,#8E98A3
72,46,178,7,8,Gray,RAL 7040,#8E98A3
72,46,179,6,8,Gray,RAL 7040,#8E98A3
72,46,180,5,8,Gray,RAL 7040,#8E98A3
72,46,181,4,8,Gray,RAL 7040,#8E98A3
72,46,182,3,6,Green,RAL 6018,#2CA36A
72,46,183,2,8,Gray,RAL 7040,#8E98A3
72,46,184,1,8,Gray,RAL 7040,#8E98A3
73,45,1,184,2,Black,RAL 9005,#111111
73,45,2,183,2,Black,RAL 9005,#111111
73,45,3,182,2,Black,RAL 9005,#111111
73,45,4,181,2,Black,RAL 9005,#111111
73,45,5,180,2,Black,RAL 9005,#111111
73,45,6,179,2,Black,RAL 9005,#111111
73,45,7,178,2,Black,RAL 9005,#111111
73,45,8,177,2,Black,RAL 9005,#111111
73,45,9,176,2,Black,RAL 9005,#111111
73,45,10,175,2,Black,RAL 9005,#111111
73,45,11,174,2,Black,RAL 9005,#111111
73,45,12,173,2,Black,RAL 9005,#111111
73,45,13,172,2,Black,RAL 9005,#111111
73,45,14,171,2,Black,RAL 9005,#111111
73,45,15,170,2,Black,RAL 9005,#111111
73,45,16,169,2,Black,RAL 9005,#111111
73,45,17,168,2,Black,RAL 9005,#111111
73,45,18,167,2,Black,RAL 9005,#111111
73,45,19,166,2,Black,RAL 9005,#111111
73,45,20,165,2,Black,RAL 9005,#111111
73,45,21,164,2,Black,RAL 9005,#111111
73,45,22,163,2,Black,RAL 9005,#111111
73,45,23,162,2,Black,RAL 9005,#111111
73,45,24,161,2,Black,RAL 9005,#111111
73,45,25,160,2,Black,RAL 9005,#111111
73,45,26,159,2,Black,RAL 9005,#111111
73,45,27,158,2,Black,RAL 9005,#111111
73,45,28,157,2,Black,RAL 9005,#111111
73,45,29,156,2,Black,RAL 9005,#111111
73,45,30,155,2,Black,RAL 9005,#111111
73,45,31,154,2,Black,RAL 9005,#111111
73,45,32,153,2,Black,RAL 9005,#111111
73,45,33,152,2,Black,RAL 9005,#111111
73,45,34,151,2,Black,RAL 9005,#111111
73,45,35,150,2,Black,RAL 9005,#111111
73,45,36,149,2,Black,RAL 9005,#111111
73,45,37,148,2,Black,RAL 9005,#111111
73,45,38,147,2,Black,RAL 9005,#111111
73,45,39,146,2,Black,RAL 9005,#111111
73,45,40,145,2,Black,RAL 9005,#111111
73,45,41,144,2,Black,RAL 9005,#111111
73,45,42,143,2,Black,RAL 9005,#111111
73,45,43,142,2,Black,RAL 9005,#111111
73,45,44,141,2,Black,RAL 9005,#111111
73,45,45,140,2,Black,RAL 9005,#111111
73,45,46,139,2,Black,RAL 9005,#111111
73,45,47,138,2,Black,RAL 9005,#111111
73,45,48,137,2,Black,RAL 9005,#111111
73,45,49,136,2,Black,RAL 9005,#111111
73,45,50,135,2,Black,RAL 9005,#111111
73,45,51,134,2,Black,RAL 9005,#111111
73,45,52,133,2,Black,RAL 9005,#111111
73,45,53,132,2,Black,RAL 9005,#111111
73,45,54,131,2,Black,RAL 9005,#111111
73,45,55,130,2,Black,RAL 9005,#111111
73,45,56,129,2,Black,RAL 9005,#111111
73,45,57,128,2,Black,RAL 9005,#111111
73,45,58,127,2,Black,RAL 9005,#111111
73,45,59,126,2,Black,RAL 9005,#111111
73,45,60,125,2,Black,RAL 9005,#111111
73,45,61,124,2,Black,RAL 9005,#111111
73,45,62,123,8,Gray,RAL 7040,#8E98A3
73,45,63,122,8,Gray,RAL 7040,#8E98A3
73,45,64,121,8,Gray,RAL 7040,#8E98A3
73,45,65,120,8,Gray,RAL 7040,#8E98A3
73,45,66,119,8,Gray,RAL 7040,#8E98A3
73,45,67,118,8,Gray,RAL 7040,#8E98A3
73,45,68,117,8,Gray,RAL 7040,#8E98A3
73,45,69,116,8,Gray,RAL 7040,#8E98A3
73,45,70,115,8,Gray,RAL 7040,#8E98A3
73,45,71,114,8,Gray,RAL 7040,#8E98A3
73,45,72,113,8,Gray,RAL 7040,#8E98A3
73,45,73,112,8,Gray,RAL 7040,#8E98A3
73,45,74,111,8,Gray,RAL 7040,#8E98A3
73,45,75,110,8,Gray,RAL 7040,#8E98A3
73,45,76,109,8,Gray,RAL 7040,#8E98A3
73,45,77,108,8,Gray,RAL 7040,#8E98A3
73,45,78,107,8,Gray,RAL 7040,#8E98A3
73,45,79,106,8,Gray,RAL 7040,#8E98A3
73,45,80,105,8,Gray,RAL 7040,#8E98A3
73,45,81,104,8,Gray,RAL 7040,#8E98A3
73,45,82,103,8,Gray,RAL 7040,#8E98A3
73,45,83,102,8,Gray,RAL 7040,#8E98A3
73,45,84,101,2,Black,RAL 9005,#111111
73,45,85,100,2,Black,RAL 9005,#111111
73,45,86,99,2,Black,RAL 9005,#111111
73,45,87,98,2,Black,RAL 9005,#111111
73,45,88,97,2,Black,RAL 9005,#111111
73,45,89,96,2,Black,RAL 9005,#111111
73,45,90,95,2,Black,RAL 9005,#111111
73,45,91,94,2,Black,RAL 9005,#111111
73,45,92,93,2,Black,RAL 9005,#111111
73,45,93,92,2,Black,RAL 9005,#111111
73,45,94,91,2,Black,RAL 9005,#111111
73,45,95,90,2,Black,RAL 9005,#111111
73,45,96,89,2,Black,RAL 9005,#111111
73,45,97,88,2,Black,RAL 9005,#111111
73,45,98,87,2,Black,RAL 9005,#111111
73,45,99,86,2,Black,RAL 9005,#111111
73,45,100,85,2,Black,RAL 9005,#111111
73,45,101,84,2,Black,RAL 9005,#111111
73,45,102,83,2,Black,RAL 9005,#111111
73,45,103,82,2,Black,RAL 9005,#111111
73,45,104,81,2,Black,RAL 9005,#111111
73,45,105,80,8,Gray,RAL 7040,#8E98A3
73,45,106,79,8,Gray,RAL 7040,#8E98A3
73,45,107,78,8,Gray,RAL 7040,#8E98A3
73,45,108,77,8,Gray,RAL 7040,#8E98A3
73,45,109,76,8,Gray,RAL 7040,#8E98A3
73,45,110,75,8,Gray,RAL 7040,#8E98A3
73,45,111,74,8,Gray,RAL 7040,#8E98A3
73,45,112,73,8,Gray,RAL 7040,#8E98A3
73,45,113,72,8,Gray,RAL 7040,#8E98A3
73,45,114,71,8,Gray,RAL 7040,#8E98A3
73,45,115,70,8,Gray,RAL 7040,#8E98A3
73,45,116,69,8,Gray,RAL 7040,#8E98A3
73,45,117,68,8,Gray,RAL 7040,#8E98A3
73,45,118,67,8,Gray,RAL 7040,#8E98A3
73,45,119,66,8,Gray,RAL 7040,#8E98A3
73,45,120,65,8,Gray,RAL 7040,#8E98A3
73,45,121,64,8,Gray,RAL 7040,#8E98A3
73,45,122,63,8,Gray,RAL 7040,#8E98A3
73,45,123,62,8,Gray,RAL 7040,#8E98A3
73,45,124,61,8,Gray,RAL 7040,#8E98A3
73,45,125,60,8,Gray,RAL 7040,#8E98A3
73,45,126,59,8,Gray,RAL 7040,#8E98A3
73,45,127,58,8,Gray,RAL 7040,#8E98A3
73,45,128,57,8,Gray,RAL 7040,#8E98A3
73,45,129,56,8,Gray,RAL 7040,#8E98A3
73,45,130,55,8,Gray,RAL 7040,#8E98A3
73,45,131,54,8,Gray,RAL 7040,#8E98A3
73,45,132,53,8,Gray,RAL 7040,#8E98A3
73,45,133,52,8,Gray,RAL 7040,#8E98A3
73,45,134,51,8,Gray,RAL 7040,#8E98A3
73,45,135,50,8,Gray,RAL 7040,#8E98A3
73,45,136,49,8,Gray,RAL 7040,#8E98A3
73,45,137,48,8,Gray,RAL 7040,#8E98A3
73,45,138,47,8,Gray,RAL 7040,#8E98A3
73,45,139,46,8,Gray,RAL 7040,#8E98A3
73,45,140,45,8,Gray,RAL 7040,#8E98A3
73,45,141,44,8,Gray,RAL 7040,#8E98A3
73,45,142,43,8,Gray,RAL 7040,#8E98A3
73,45,143,42,8,Gray,RAL 7040,#8E98A3
73,45,144,41,8,Gray,RAL 7040,#8E98A3
73,45,145,40,8,Gray,RAL 7040,#8E98A3
73,45,146,39,8,Gray,RAL 7040,#8E98A3
73,45,147,38,8,Gray,RAL 7040,#8E98A3
73,45,148,37,8,Gray,RAL 7040,#8E98A3
73,45,149,36,8,Gray,RAL 7040,#8E98A3
73,45,150,35,8,Gray,RAL 7040,#8E98A3
73,45,151,34,8,Gray,RAL 7040,#8E98A3
73,45,152,33,8,Gray,RAL 7040,#8E98A3
73,45,153,32,8,Gray,RAL 7040,#8E98A3
73,45,154,31,8,Gray,RAL 7040,#8E98A3
73,45,155,30,8,Gray,RAL 7040,#8E98A3
73,45,156,29,8,Gray,RAL 7040,#8E98A3
73,45,157,28,8,Gray,RAL 7040,#8E98A3
73,45,158,27,8,Gray,RAL 7040,#8E98A3
73,45,159,26,8,Gray,RAL 7040,#8E98A3
73,45,160,25,8,Gray,RAL 7040,#8E98A3
73,45,161,24,8,Gray,RAL 7040,#8E98A3
73,45,162,23,8,Gray,RAL 7040,#8E98A3
73,45,163,22,8,Gray,RAL 7040,#8E98A3
73,45,164,21,8,Gray,RAL 7040,#8E98A3
73,45,165,20,8,Gray,RAL 7040,#8E98A3
73,45,166,19,8,Gray,RAL 7040,#8E98A3
73,45,167,18,8,Gray,RAL 7040,#8E98A3
73,45,168,17,8,Gray,RAL 7040,#8E98A3
73,45,169,16,8,Gray,RAL 7040,#8E98A3
73,45,170,15,8,Gray,RAL 7040,#8E98A3
73,45,171,14,8,Gray,RAL 7040,#8E98A3
73,45,172,13,8,Gray,RAL 7040,#8E98A3
73,45,173,12,8,Gray,RAL 7040,#8E98A3
73,45,174,11,8,Gray,RAL 7040,#8E98A3
73,45,175,10,8,Gray,RAL 7040,#8E98A3
73,45,176,9,8,Gray,RAL 7040,#8E98A3
73,45,177,8,8,Gray,RAL 7040,#8E98A3
73,45,178,7,8,Gray,RAL 7040,#8E98A3
73,45,179,6,8,Gray,RAL 7040,#8E98A3
73,45,180,5,8,Gray,RAL 7040,#8E98A3
73,45,181,4,8,Gray,RAL 7040,#8E98A3
73,45,182,3,8,Gray,RAL 7040,#8E98A3
73,45,183,2,6,Green,RAL 6018,#2CA36A
73,45,184,1,8,Gray,RAL 7040,#8E98A3
74,44,1,184,2,Black,RAL 9005,#111111
74,44,2,183,2,Black,RAL 9005,#111111
74,44,3,182,2,Black,RAL 9005,#111111
74,44,4,181,2,Black,RAL 9005,#111111
74,44,5,180,2,Black,RAL 9005,#111111
74,44,6,179,2,Black,RAL 9005,#111111
74,44,7,178,2,Black,RAL 9005,#111111
74,44,8,177,2,Black,RAL 9005,#111111
74,44,9,176,2,Black,RAL 9005,#111111
74,44,10,175,2,Black,RAL 9005,#111111
74,44,11,174,2,Black,RAL 9005,#111111
74,44,12,173,2,Black,RAL 9005,#111111
74,44,13,172,2,Black,RAL 9005,#111111
74,44,14,171,2,Black,RAL 9005,#111111
74,44,15,170,2,Black,RAL 9005,#111111
74,44,16,169,2,Black,RAL 9005,#111111
74,44,17,168,2,Black,RAL 9005,#111111
74,44,18,167,2,Black,RAL 9005,#111111
74,44,19,166,2,Black,RAL 9005,#111111
74,44,20,165,2,Black,RAL 9005,#111111
74,44,21,164,2,Black,RAL 9005,#111111
74,44,22,163,2,Black,RAL 9005,#111111
74,44,23,162,2,Black,RAL 9005,#111111
74,44,24,161,2,Black,RAL 9005,#111111
74,44,25,160,2,Black,RAL 9005,#111111
74,44,26,159,2,Black,RAL 9005,#111111
74,44,27,158,2,Black,RAL 9005,#111111
74,44,28,157,2,Black,RAL 9005,#111111
74,44,29,156,2,Black,RAL 9005,#111111
74,44,30,155,2,Black,RAL 9005,#111111
74,44,31,154,2,Black,RAL 9005,#111111
74,44,32,153,2,Black,RAL 9005,#111111
74,44,33,152,2,Black,RAL 9005,#111111
74,44,34,151,2,Black,RAL 9005,#111111
74,44,35,150,2,Black,RAL 9005,#111111
74,44,36,149,2,Black,RAL 9005,#111111
74,44,37,148,2,Black,RAL 9005,#111111
74,44,38,147,2,Black,RAL 9005,#111111
74,44,39,146,2,Black,RAL 9005,#111111
74,44,40,145,2,Black,RAL 9005,#111111
74,44,41,144,2,Black,RAL 9005,#111111
74,44,42,143,2,Black,RAL 9005,#111111
74,44,43,142,2,Black,RAL 9005,#111111
74,44,44,141,2,Black,RAL 9005,#111111
74,44,45,140,2,Black,RAL 9005,#111111
74,44,46,139,2,Black,RAL 9005,#111111
74,44,47,138,2,Black,RAL 9005,#111111
74,44,48,137,2,Black,RAL 9005,#111111
74,44,49,136,2,Black,RAL 9005,#111111
74,44,50,135,2,Black,RAL 9005,#111111
74,44,51,134,2,Black,RAL 9005,#111111
74,44,52,133,2,Black,RAL 9005,#111111
74,44,53,132,2,Black,RAL 9005,#111111
74,44,54,131,2,Black,RAL 9005,#111111
74,44,55,130,2,Black,RAL 9005,#111111
74,44,56,129,2,Black,RAL 9005,#111111
74,44,57,128,2,Black,RAL 9005,#111111
74,44,58,127,2,Black,RAL 9005,#111111
74,44,59,126,2,Black,RAL 9005,#111111
74,44,60,125,2,Black,RAL 9005,#111111
74,44,61,124,2,Black,RAL 9005,#111111
74,44,62,123,8,Gray,RAL 7040,#8E98A3
74,44,63,122,8,Gray,RAL 7040,#8E98A3
74,44,64,121,8,Gray,RAL 7040,#8E98A3
74,44,65,120,8,Gray,RAL 7040,#8E98A3
74,44,66,119,8,Gray,RAL 7040,#8E98A3
74,44,67,118,8,Gray,RAL 7040,#8E98A3
74,44,68,117,8,Gray,RAL 7040,#8E98A3
74,44,69,116,8,Gray,RAL 7040,#8E98A3
74,44,70,115,8,Gray,RAL 7040,#8E98A3
74,44,71,114,8,Gray,RAL 7040,#8E98A3
74,44,72,113,8,Gray,RAL 7040,#8E98A3
74,44,73,112,8,Gray,RAL 7040,#8E98A3
74,44,74,111,8,Gray,RAL 7040,#8E98A3
74,44,75,110,8,Gray,RAL 7040,#8E98A3
74,44,76,109,8,Gray,RAL 7040,#8E98A3
74,44,77,108,8,Gray,RAL 7040,#8E98A3
74,44,78,107,8,Gray,RAL 7040,#8E98A3
74,44,79,106,8,Gray,RAL 7040,#8E98A3
74,44,80,105,8,Gray,RAL 7040,#8E98A3
74,44,81,104,8,Gray,RAL 7040,#8E98A3
74,44,82,103,8,Gray,RAL 7040,#8E98A3
74,44,83,102,8,Gray,RAL 7040,#8E98A3
74,44,84,101,2,Black,RAL 9005,#111111
74,44,85,100,2,Black,RAL 9005,#111111
74,44,86,99,2,Black,RAL 9005,#111111
74,44,87,98,2,Black,RAL 9005,#111111
74,44,88,97,2,Black,RAL 9005,#111111
74,44,89,96,2,Black,RAL 9005,#111111
74,44,90,95,2,Black,RAL 9005,#111111
74,44,91,94,2,Black,RAL 9005,#111111
74,44,92,93,2,Black,RAL 9005,#111111
74,44,93,92,2,Black,RAL 9005,#111111
74,44,94,91,2,Black,RAL 9005,#111111
74,44,95,90,2,Black,RAL 9005,#111111
74,44,96,89,2,Black,RAL 9005,#111111
74,44,97,88,2,Black,RAL 9005,#111111
74,44,98,87,2,Black,RAL 9005,#111111
74,44,99,86,2,Black,RAL 9005,#111111
74,44,100,85,2,Black,RAL 9005,#111111
74,44,101,84,2,Black,RAL 9005,#111111
74,44,102,83,2,Black,RAL 9005,#111111
74,44,103,82,2,Black,RAL 9005,#111111
74,44,104,81,2,Black,RAL 9005,#111111
74,44,105,80,2,Black,RAL 9005,#111111
74,44,106,79,8,Gray,RAL 7040,#8E98A3
74,44,107,78,8,Gray,RAL 7040,#8E98A3
74,44,108,77,8,Gray,RAL 7040,#8E98A3
74,44,109,76,8,Gray,RAL 7040,#8E98A3
74,44,110,75,8,Gray,RAL 7040,#8E98A3
74,44,111,74,8,Gray,RAL 7040,#8E98A3
74,44,112,73,8,Gray,RAL 7040,#8E98A3
74,44,113,72,8,Gray,RAL 7040,#8E98A3
74,44,114,71,8,Gray,RAL 7040,#8E98A3
74,44,115,70,8,Gray,RAL 7040,#8E98A3
74,44,116,69,8,Gray,RAL 7040,#8E98A3
74,44,117,68,8,Gray,RAL 7040,#8E98A3
74,44,118,67,8,Gray,RAL 7040,#8E98A3
74,44,119,66,8,Gray,RAL 7040,#8E98A3
74,44,120,65,8,Gray,RAL 7040,#8E98A3
74,44,121,64,8,Gray,RAL 7040,#8E98A3
74,44,122,63,8,Gray,RAL 7040,#8E98A3
74,44,123,62,8,Gray,RAL 7040,#8E98A3
74,44,124,61,8,Gray,RAL 7040,#8E98A3
74,44,125,60,8,Gray,RAL 7040,#8E98A3
74,44,126,59,8,Gray,RAL 7040,#8E98A3
74,44,127,58,8,Gray,RAL 7040,#8E98A3
74,44,128,57,8,Gray,RAL 7040,#8E98A3
74,44,129,56,8,Gray,RAL 7040,#8E98A3
74,44,130,55,8,Gray,RAL 7040,#8E98A3
74,44,131,54,8,Gray,RAL 7040,#8E98A3
74,44,132,53,8,Gray,RAL 7040,#8E98A3
74,44,133,52,8,Gray,RAL 7040,#8E98A3
74,44,134,51,8,Gray,RAL 7040,#8E98A3
74,44,135,50,8,Gray,RAL 7040,#8E98A3
74,44,136,49,8,Gray,RAL 7040,#8E98A3
74,44,137,48,8,Gray,RAL 7040,#8E98A3
74,44,138,47,8,Gray,RAL 7040,#8E98A3
74,44,139,46,8,Gray,RAL 7040,#8E98A3
74,44,140,45,8,Gray,RAL 7040,#8E98A3
74,44,141,44,8,Gray,RAL 7040,#8E98A3
74,44,142,43,8,Gray,RAL 7040,#8E98A3
74,44,143,42,8,Gray,RAL 7040,#8E98A3
74,44,144,41,8,Gray,RAL 7040,#8E98A3
74,44,145,40,8,Gray,RAL 7040,#8E98A3
74,44,146,39,8,Gray,RAL 7040,#8E98A3
74,44,147,38,8,Gray,RAL 7040,#8E98A3
74,44,148,37,8,Gray,RAL 7040,#8E98A3
74,44,149,36,8,Gray,RAL 7040,#8E98A3
74,44,150,35,8,Gray,RAL 7040,#8E98A3
74,44,151,34,8,Gray,RAL 7040,#8E98A3
74,44,152,33,8,Gray,RAL 7040,#8E98A3
74,44,153,32,8,Gray,RAL 7040,#8E98A3
74,44,154,31,8,Gray,RAL 7040,#8E98A3
74,44,155,30,8,Gray,RAL 7040,#8E98A3
74,44,156,29,8,Gray,RAL 7040,#8E98A3
74,44,157,28,8,Gray,RAL 7040,#8E98A3
74,44,158,27,8,Gray,RAL 7040,#8E98A3
74,44,159,26,8,Gray,RAL 7040,#8E98A3
74,44,160,25,8,Gray,RAL 7040,#8E98A3
74,44,161,24,8,Gray,RAL 7040,#8E98A3
74,44,162,23,8,Gray,RAL 7040,#8E98A3
74,44,163,22,8,Gray,RAL 7040,#8E98A3
74,44,164,21,8,Gray,RAL 7040,#8E98A3
74,44,165,20,8,Gray,RAL 7040,#8E98A3
74,44,166,19,8,Gray,RAL 7040,#8E98A3
74,44,167,18,8,Gray,RAL 7040,#8E98A3
74,44,168,17,8,Gray,RAL 7040,#8E98A3
74,44,169,16,8,Gray,RAL 7040,#8E98A3
74,44,170,15,8,Gray,RAL 7040,#8E98A3
74,44,171,14,8,Gray,RAL 7040,#8E98A3
74,44,172,13,8,Gray,RAL 7040,#8E98A3
74,44,173,12,8,Gray,RAL 7040,#8E98A3
74,44,174,11,8,Gray,RAL 7040,#8E98A3
74,44,175,10,8,Gray,RAL 7040,#8E98A3
74,44,176,9,8,Gray,RAL 7040,#8E98A3
74,44,177,8,8,Gray,RAL 7040,#8E98A3
74,44,178,7,8,Gray,RAL 7040,#8E98A3
74,44,179,6,8,Gray,RAL 7040,#8E98A3
74,44,180,5,8,Gray,RAL 7040,#8E98A3
74,44,181,4,8,Gray,RAL 7040,#8E98A3
74,44,182,3,8,Gray,RAL 7040,#8E98A3
74,44,183,2,8,Gray,RAL 7040,#8E98A3
74,44,184,1,8,Gray,RAL 7040,#8E98A3
75,43,1,184,2,Black,RAL 9005,#111111
75,43,2,183,2,Black,RAL 9005,#111111
75,43,3,182,2,Black,RAL 9005,#111111
75,43,4,181,2,Black,RAL 9005,#111111
75,43,5,180,2,Black,RAL 9005,#111111
75,43,6,179,2,Black,RAL 9005,#111111
75,43,7,178,2,Black,RAL 9005,#111111
75,43,8,177,2,Black,RAL 9005,#111111
75,43,9,176,2,Black,RAL 9005,#111111
75,43,10,175,2,Black,RAL 9005,#111111
75,43,11,174,2,Black,RAL 9005,#111111
75,43,12,173,2,Black,RAL 9005,#111111
75,43,13,172,2,Black,RAL 9005,#111111
75,43,14,171,2,Black,RAL 9005,#111111
75,43,15,170,2,Black,RAL 9005,#111111
75,43,16,169,2,Black,RAL 9005,#111111
75,43,17,168,2,Black,RAL 9005,#111111
75,43,18,167,2,Black,RAL 9005,#111111
75,43,19,166,2,Black,RAL 9005,#111111
75,43,20,165,2,Black,RAL 9005,#111111
75,43,21,164,2,Black,RAL 9005,#111111
75,43,22,163,2,Black,RAL 9005,#111111
75,43,23,162,2,Black,RAL 9005,#111111
75,43,24,161,2,Black,RAL 9005,#111111
75,43,25,160,2,Black,RAL 9005,#111111
75,43,26,159,2,Black,RAL 9005,#111111
75,43,27,158,2,Black,RAL 9005,#111111
75,43,28,157,2,Black,RAL 9005,#111111
75,43,29,156,2,Black,RAL 9005,#111111
75,43,30,155,2,Black,RAL 9005,#111111
75,43,31,154,2,Black,RAL 9005,#111111
75,43,32,153,2,Black,RAL 9005,#111111
75,43,33,152,2,Black,RAL 9005,#111111
75,43,34,151,2,Black,RAL 9005,#111111
75,43,35,150,2,Black,RAL 9005,#111111
75,43,36,149,2,Black,RAL 9005,#111111
75,43,37,148,2,Black,RAL 9005,#111111
75,43,38,147,2,Black,RAL 9005,#111111
75,43,39,146,2,Black,RAL 9005,#111111
75,43,40,145,2,Black,RAL 9005,#111111
75,43,41,144,2,Black,RAL 9005,#111111
75,43,42,143,2,Black,RAL 9005,#111111
75,43,43,142,2,Black,RAL 9005,#111111
75,43,44,141,2,Black,RAL 9005,#111111
75,43,45,140,2,Black,RAL 9005,#111111
75,43,46,139,2,Black,RAL 9005,#111111
75,43,47,138,2,Black,RAL 9005,#111111
75,43,48,137,2,Black,RAL 9005,#111111
75,43,49,136,2,Black,RAL 9005,#111111
75,43,50,135,2,Black,RAL 9005,#111111
75,43,51,134,2,Black,RAL 9005,#111111
75,43,52,133,2,Black,RAL 9005,#111111
75,43,53,132,2,Black,RAL 9005,#111111
75,43,54,131,2,Black,RAL 9005,#111111
75,43,55,130,2,Black,RAL 9005,#111111
75,43,56,129,2,Black,RAL 9005,#111111
75,43,57,128,2,Black,RAL 9005,#111111
75,43,58,127,2,Black,RAL 9005,#111111
75,43,59,126,2,Black,RAL 9005,#111111
75,43,60,125,2,Black,RAL 9005,#111111
75,43,61,124,2,Black,RAL 9005,#111111
75,43,62,123,8,Gray,RAL 7040,#8E98A3
75,43,63,122,8,Gray,RAL 7040,#8E98A3
75,43,64,121,8,Gray,RAL 7040,#8E98A3
75,43,65,120,8,Gray,RAL 7040,#8E98A3
75,43,66,119,8,Gray,RAL 7040,#8E98A3
75,43,67,118,8,Gray,RAL 7040,#8E98A3
75,43,68,117,8,Gray,RAL 7040,#8E98A3
75,43,69,116,8,Gray,RAL 7040,#8E98A3
75,43,70,115,8,Gray,RAL 7040,#8E98A3
75,43,71,114,8,Gray,RAL 7040,#8E98A3
75,43,72,113,8,Gray,RAL 7040,#8E98A3
75,43,73,112,8,Gray,RAL 7040,#8E98A3
75,43,74,111,8,Gray,RAL 7040,#8E98A3
75,43,75,110,8,Gray,RAL 7040,#8E98A3
75,43,76,109,8,Gray,RAL 7040,#8E98A3
75,43,77,108,8,Gray,RAL 7040,#8E98A3
75,43,78,107,8,Gray,RAL 7040,#8E98A3
75,43,79,106,8,Gray,RAL 7040,#8E98A3
75,43,80,105,8,Gray,RAL 7040,#8E98A3
75,43,81,104,8,Gray,RAL 7040,#8E98A3
75,43,82,103,8,Gray,RAL 7040,#8E98A3
75,43,83,102,8,Gray,RAL 7040,#8E98A3
75,43,84,101,2,Black,RAL 9005,#111111
75,43,85,100,2,Black,RAL 9005,#111111
75,43,86,99,2,Black,RAL 9005,#111111
75,43,87,98,2,Black,RAL 9005,#111111
75,43,88,97,2,Black,RAL 9005,#111111
75,43,89,96,2,Black,RAL 9005,#111111
75,43,90,95,2,Black,RAL 9005,#111111
75,43,91,94,2,Black,RAL 9005,#111111
75,43,92,93,2,Black,RAL 9005,#111111
75,43,93,92,2,Black,RAL 9005,#111111
75,43,94,91,2,Black,RAL 9005,#111111
75,43,95,90,2,Black,RAL 9005,#111111
75,43,96,89,2,Black,RAL 9005,#111111
75,43,97,88,2,Black,RAL 9005,#111111
75,43,98,87,2,Black,RAL 9005,#111111
75,43,99,86,2,Black,RAL 9005,#111111
75,43,100,85,2,Black,RAL 9005,#111111
75,43,101,84,2,Black,RAL 9005,#111111
75,43,102,83,2,Black,RAL 9005,#111111
75,43,103,82,2,Black,RAL 9005,#111111
75,43,104,81,2,Black,RAL 9005,#111111
75,43,105,80,2,Black,RAL 9005,#111111
75,43,106,79,8,Gray,RAL 7040,#8E98A3
75,43,107,78,8,Gray,RAL 7040,#8E98A3
75,43,108,77,8,Gray,RAL 7040,#8E98A3
75,43,109,76,8,Gray,RAL 7040,#8E98A3
75,43,110,75,8,Gray,RAL 7040,#8E98A3
75,43,111,74,8,Gray,RAL 7040,#8E98A3
75,43,112,73,8,Gray,RAL 7040,#8E98A3
75,43,113,72,8,Gray,RAL 7040,#8E98A3
75,43,114,71,8,Gray,RAL 7040,#8E98A3
75,43,115,70,8,Gray,RAL 7040,#8E98A3
75,43,116,69,8,Gray,RAL 7040,#8E98A3
75,43,117,68,8,Gray,RAL 7040,#8E98A3
75,43,118,67,8,Gray,RAL 7040,#8E98A3
75,43,119,66,8,Gray,RAL 7040,#8E98A3
75,43,120,65,8,Gray,RAL 7040,#8E98A3
75,43,121,64,8,Gray,RAL 7040,#8E98A3
75,43,122,63,8,Gray,RAL 7040,#8E98A3
75,43,123,62,8,Gray,RAL 7040,#8E98A3
75,43,124,61,8,Gray,RAL 7040,#8E98A3
75,43,125,60,8,Gray,RAL 7040,#8E98A3
75,43,126,59,8,Gray,RAL 7040,#8E98A3
75,43,127,58,8,Gray,RAL 7040,#8E98A3
75,43,128,57,8,Gray,RAL 7040,#8E98A3
75,43,129,56,8,Gray,RAL 7040,#8E98A3
75,43,130,55,8,Gray,RAL 7040,#8E98A3
75,43,131,54,8,Gray,RAL 7040,#8E98A3
75,43,132,53,8,Gray,RAL 7040,#8E98A3
75,43,133,52,8,Gray,RAL 7040,#8E98A3
75,43,134,51,8,Gray,RAL 7040,#8E98A3
75,43,135,50,8,Gray,RAL 7040,#8E98A3
75,43,136,49,8,Gray,RAL 7040,#8E98A3
75,43,137,48,8,Gray,RAL 7040,#8E98A3
75,43,138,47,8,Gray,RAL 7040,#8E98A3
75,43,139,46,8,Gray,RAL 7040,#8E98A3
75,43,140,45,8,Gray,RAL 7040,#8E98A3
75,43,141,44,8,Gray,RAL 7040,#8E98A3
75,43,142,43,8,Gray,RAL 7040,#8E98A3
75,43,143,42,8,Gray,RAL 7040,#8E98A3
75,43,144,41,8,Gray,RAL 7040,#8E98A3
75,43,145,40,8,Gray,RAL 7040,#8E98A3
75,43,146,39,8,Gray,RAL 7040,#8E98A3
75,43,147,38,8,Gray,RAL 7040,#8E98A3
75,43,148,37,8,Gray,RAL 7040,#8E98A3
75,43,149,36,8,Gray,RAL 7040,#8E98A3
75,43,150,35,8,Gray,RAL 7040,#8E98A3
75,43,151,34,8,Gray,RAL 7040,#8E98A3
75,43,152,33,8,Gray,RAL 7040,#8E98A3
75,43,153,32,8,Gray,RAL 7040,#8E98A3
75,43,154,31,8,Gray,RAL 7040,#8E98A3
75,43,155,30,8,Gray,RAL 7040,#8E98A3
75,43,156,29,8,Gray,RAL 7040,#8E98A3
75,43,157,28,8,Gray,RAL 7040,#8E98A3
75,43,158,27,8,Gray,RAL 7040,#8E98A3
75,43,159,26,8,Gray,RAL 7040,#8E98A3
75,43,160,25,8,Gray,RAL 7040,#8E98A3
75,43,161,24,8,Gray,RAL 7040,#8E98A3
75,43,162,23,8,Gray,RAL 7040,#8E98A3
75,43,163,22,8,Gray,RAL 7040,#8E98A3
75,43,164,21,8,Gray,RAL 7040,#8E98A3
75,43,165,20,8,Gray,RAL 7040,#8E98A3
75,43,166,19,8,Gray,RAL 7040,#8E98A3
75,43,167,18,8,Gray,RAL 7040,#8E98A3
75,43,168,17,8,Gray,RAL 7040,#8E98A3
75,43,169,16,8,Gray,RAL 7040,#8E98A3
75,43,170,15,8,Gray,RAL 7040,#8E98A3
75,43,171,14,8,Gray,RAL 7040,#8E98A3
75,43,172,13,8,Gray,RAL 7040,#8E98A3
75,43,173,12,8,Gray,RAL 7040,#8E98A3
75,43,174,11,8,Gray,RAL 7040,#8E98A3
75,43,175,10,8,Gray,RAL 7040,#8E98A3
75,43,176,9,8,Gray,RAL 7040,#8E98A3
75,43,177,8,8,Gray,RAL 7040,#8E98A3
75,43,178,7,8,Gray,RAL 7040,#8E98A3
75,43,179,6,8,Gray,RAL 7040,#8E98A3
75,43,180,5,8,Gray,RAL 7040,#8E98A3
75,43,181,4,8,Gray,RAL 7040,#8E98A3
75,43,182,3,8,Gray,RAL 7040,#8E98A3
75,43,183,2,8,Gray,RAL 7040,#8E98A3
75,43,184,1,6,Green,RAL 6018,#2CA36A
76,42,1,184,2,Black,RAL 9005,#111111
76,42,2,183,2,Black,RAL 9005,#111111
76,42,3,182,2,Black,RAL 9005,#111111
76,42,4,181,2,Black,RAL 9005,#111111
76,42,5,180,2,Black,RAL 9005,#111111
76,42,6,179,2,Black,RAL 9005,#111111
76,42,7,178,2,Black,RAL 9005,#111111
76,42,8,177,2,Black,RAL 9005,#111111
76,42,9,176,2,Black,RAL 9005,#111111
76,42,10,175,2,Black,RAL 9005,#111111
76,42,11,174,2,Black,RAL 9005,#111111
76,42,12,173,2,Black,RAL 9005,#111111
76,42,13,172,2,Black,RAL 9005,#111111
76,42,14,171,2,Black,RAL 9005,#111111
76,42,15,170,2,Black,RAL 9005,#111111
76,42,16,169,2,Black,RAL 9005,#111111
76,42,17,168,2,Black,RAL 9005,#111111
76,42,18,167,2,Black,RAL 9005,#111111
76,42,19,166,2,Black,RAL 9005,#111111
76,42,20,165,2,Black,RAL 9005,#111111
76,42,21,164,2,Black,RAL 9005,#111111
76,42,22,163,2,Black,RAL 9005,#111111
76,42,23,162,2,Black,RAL 9005,#111111
76,42,24,161,2,Black,RAL 9005,#111111
76,42,25,160,2,Black,RAL 9005,#111111
76,42,26,159,2,Black,RAL 9005,#111111
76,42,27,158,2,Black,RAL 9005,#111111
76,42,28,157,2,Black,RAL 9005,#111111
76,42,29,156,2,Black,RAL 9005,#111111
76,42,30,155,2,Black,RAL 9005,#111111
76,42,31,154,2,Black,RAL 9005,#111111
76,42,32,153,2,Black,RAL 9005,#111111
76,42,33,152,2,Black,RAL 9005,#111111
76,42,34,151,2,Black,RAL 9005,#111111
76,42,35,150,2,Black,RAL 9005,#111111
76,42,36,149,2,Black,RAL 9005,#111111
76,42,37,148,2,Black,RAL 9005,#111111
76,42,38,147,2,Black,RAL 9005,#111111
76,42,39,146,2,Black,RAL 9005,#111111
76,42,40,145,2,Black,RAL 9005,#111111
76,42,41,144,2,Black,RAL 9005,#111111
76,42,42,143,2,Black,RAL 9005,#111111
76,42,43,142,2,Black,RAL 9005,#111111
76,42,44,141,2,Black,RAL 9005,#111111
76,42,45,140,2,Black,RAL 9005,#111111
76,42,46,139,2,Black,RAL 9005,#111111
76,42,47,138,2,Black,RAL 9005,#111111
76,42,48,137,2,Black,RAL 9005,#111111
76,42,49,136,2,Black,RAL 9005,#111111
76,42,50,135,2,Black,RAL 9005,#111111
76,42,51,134,2,Black,RAL 9005,#111111
76,42,52,133,2,Black,RAL 9005,#111111
76,42,53,132,2,Black,RAL 9005,#111111
76,42,54,131,2,Black,RAL 9005,#111111
76,42,55,130,2,Black,RAL 9005,#111111
76,42,56,129,2,Black,RAL 9005,#111111
76,42,57,128,2,Black,RAL 9005,#111111
76,42,58,127,2,Black,RAL 9005,#111111
76,42,59,126,2,Black,RAL 9005,#111111
76,42,60,125,2,Black,RAL 9005,#111111
76,42,61,124,2,Black,RAL 9005,#111111
76,42,62,123,2,Black,RAL 9005,#111111
76,42,63,122,8,Gray,RAL 7040,#8E98A3
76,42,64,121,8,Gray,RAL 7040,#8E98A3
76,42,65,120,8,Gray,RAL 7040,#8E98A3
76,42,66,119,8,Gray,RAL 7040,#8E98A3
76,42,67,118,8,Gray,RAL 7040,#8E98A3
76,42,68,117,8,Gray,RAL 7040,#8E98A3
76,42,69,116,8,Gray,RAL 7040,#8E98A3
76,42,70,115,8,Gray,RAL 7040,#8E98A3
76,42,71,114,8,Gray,RAL 7040,#8E98A3
76,42,72,113,8,Gray,RAL 7040,#8E98A3
76,42,73,112,8,Gray,RAL 7040,#8E98A3
76,42,74,111,8,Gray,RAL 7040,#8E98A3
76,42,75,110,8,Gray,RAL 7040,#8E98A3
76,42,76,109,8,Gray,RAL 7040,#8E98A3
76,42,77,108,8,Gray,RAL 7040,#8E98A3
76,42,78,107,8,Gray,RAL 7040,#8E98A3
76,42,79,106,8,Gray,RAL 7040,#8E98A3
76,42,80,105,8,Gray,RAL 7040,#8E98A3
76,42,81,104,8,Gray,RAL 7040,#8E98A3
76,42,82,103,8,Gray,RAL 7040,#8E98A3
76,42,83,102,2,Black,RAL 9005,#111111
76,42,84,101,2,Black,RAL 9005,#111111
76,42,85,100,2,Black,RAL 9005,#111111
76,42,86,99,2,Black,RAL 9005,#111111
76,42,87,98,2,Black,RAL 9005,#111111
76,42,88,97,2,Black,RAL 9005,#111111
76,42,89,96,2,Black,RAL 9005,#111111
76,42,90,95,2,Black,RAL 9005,#111111
76,42,91,94,2,Black,RAL 9005,#111111
76,42,92,93,2,Black,RAL 9005,#111111
76,42,93,92,2,Black,RAL 9005,#111111
76,42,94,91,2,Black,RAL 9005,#111111
76,42,95,90,2,Black,RAL 9005,#111111
76,42,96,89,2,Black,RAL 9005,#111111
76,42,97,88,2,Black,RAL 9005,#111111
76,42,98,87,2,Black,RAL 9005,#111111
76,42,99,86,2,Black,RAL 9005,#111111
76,42,100,85,2,Black,RAL 9005,#111111
76,42,101,84,2,Black,RAL 9005,#111111
76,42,102,83,2,Black,RAL 9005,#111111
76,42,103,82,2,Black,RAL 9005,#111111
76,42,104,81,2,Black,RAL 9005,#111111
76,42,105,80,2,Black,RAL 9005,#111111
76,42,106,79,2,Black,RAL 9005,#111111
76,42,107,78,8,Gray,RAL 7040,#8E98A3
76,42,108,77,8,Gray,RAL 7040,#8E98A3
76,42,109,76,8,Gray,RAL 7040,#8E98A3
76,42,110,75,8,Gray,RAL 7040,#8E98A3
76,42,111,74,8,Gray,RAL 7040,#8E98A3
76,42,112,73,8,Gray,RAL 7040,#8E98A3
76,42,113,72,8,Gray,RAL 7040,#8E98A3
76,42,114,71,8,Gray,RAL 7040,#8E98A3
76,42,115,70,8,Gray,RAL 7040,#8E98A3
76,42,116,69,8,Gray,RAL 7040,#8E98A3
76,42,117,68,8,Gray,RAL 7040,#8E98A3
76,42,118,67,8,Gray,RAL 7040,#8E98A3
76,42,119,66,8,Gray,RAL 7040,#8E98A3
76,42,120,65,8,Gray,RAL 7040,#8E98A3
76,42,121,64,8,Gray,RAL 7040,#8E98A3
76,42,122,63,8,Gray,RAL 7040,#8E98A3
76,42,123,62,8,Gray,RAL 7040,#8E98A3
76,42,124,61,8,Gray,RAL 7040,#8E98A3
76,42,125,60,8,Gray,RAL 7040,#8E98A3
76,42,126,59,8,Gray,RAL 7040,#8E98A3
76,42,127,58,8,Gray,RAL 7040,#8E98A3
76,42,128,57,8,Gray,RAL 7040,#8E98A3
76,42,129,56,8,Gray,RAL 7040,#8E98A3
76,42,130,55,8,Gray,RAL 7040,#8E98A3
76,42,131,54,8,Gray,RAL 7040,#8E98A3
76,42,132,53,8,Gray,RAL 7040,#8E98A3
76,42,133,52,8,Gray,RAL 7040,#8E98A3
76,42,134,51,8,Gray,RAL 7040,#8E98A3
76,42,135,50,8,Gray,RAL 7040,#8E98A3
76,42,136,49,8,Gray,RAL 7040,#8E98A3
76,42,137,48,8,Gray,RAL 7040,#8E98A3
76,42,138,47,8,Gray,RAL 7040,#8E98A3
76,42,139,46,8,Gray,RAL 7040,#8E98A3
76,42,140,45,8,Gray,RAL 7040,#8E98A3
76,42,141,44,8,Gray,RAL 7040,#8E98A3
76,42,142,43,8,Gray,RAL 7040,#8E98A3
76,42,143,42,8,Gray,RAL 7040,#8E98A3
76,42,144,41,8,Gray,RAL 7040,#8E98A3
76,42,145,40,8,Gray,RAL 7040,#8E98A3
76,42,146,39,8,Gray,RAL 7040,#8E98A3
76,42,147,38,8,Gray,RAL 7040,#8E98A3
76,42,148,37,8,Gray,RAL 7040,#8E98A3
76,42,149,36,8,Gray,RAL 7040,#8E98A3
76,42,150,35,8,Gray,RAL 7040,#8E98A3
76,42,151,34,8,Gray,RAL 7040,#8E98A3
76,42,152,33,8,Gray,RAL 7040,#8E98A3
76,42,153,32,8,Gray,RAL 7040,#8E98A3
76,42,154,31,8,Gray,RAL 7040,#8E98A3
76,42,155,30,8,Gray,RAL 7040,#8E98A3
76,42,156,29,8,Gray,RAL 7040,#8E98A3
76,42,157,28,8,Gray,RAL 7040,#8E98A3
76,42,158,27,8,Gray,RAL 7040,#8E98A3
76,42,159,26,8,Gray,RAL 7040,#8E98A3
76,42,160,25,8,Gray,RAL 7040,#8E98A3
76,42,161,24,8,Gray,RAL 7040,#8E98A3
76,42,162,23,8,Gray,RAL 7040,#8E98A3
76,42,163,22,8,Gray,RAL 7040,#8E98A3
76,42,164,21,8,Gray,RAL 7040,#8E98A3
76,42,165,20,8,Gray,RAL 7040,#8E98A3
76,42,166,19,8,Gray,RAL 7040,#8E98A3
76,42,167,18,8,Gray,RAL 7040,#8E98A3
76,42,168,17,8,Gray,RAL 7040,#8E98A3
76,42,169,16,8,Gray,RAL 7040,#8E98A3
76,42,170,15,8,Gray,RAL 7040,#8E98A3
76,42,171,14,8,Gray,RAL 7040,#8E98A3
76,42,172,13,8,Gray,RAL 7040,#8E98A3
76,42,173,12,8,Gray,RAL 7040,#8E98A3
76,42,174,11,8,Gray,RAL 7040,#8E98A3
76,42,175,10,8,Gray,RAL 7040,#8E98A3
76,42,176,9,8,Gray,RAL 7040,#8E98A3
76,42,177,8,8,Gray,RAL 7040,#8E98A3
76,42,178,7,8,Gray,RAL 7040,#8E98A3
76,42,179,6,8,Gray,RAL 7040,#8E98A3
76,42,180,5,8,Gray,RAL 7040,#8E98A3
76,42,181,4,8,Gray,RAL 7040,#8E98A3
76,42,182,3,8,Gray,RAL 7040,#8E98A3
76,42,183,2,8,Gray,RAL 7040,#8E98A3
76,42,184,1,6,Green,RAL 6018,#2CA36A
77,41,1,184,2,Black,RAL 9005,#111111
77,41,2,183,2,Black,RAL 9005,#111111
77,41,3,182,2,Black,RAL 9005,#111111
77,41,4,181,2,Black,RAL 9005,#111111
77,41,5,180,2,Black,RAL 9005,#111111
77,41,6,179,2,Black,RAL 9005,#111111
77,41,7,178,2,Black,RAL 9005,#111111
77,41,8,177,2,Black,RAL 9005,#111111
77,41,9,176,2,Black,RAL 9005,#111111
77,41,10,175,2,Black,RAL 9005,#111111
77,41,11,174,2,Black,RAL 9005,#111111
77,41,12,173,2,Black,RAL 9005,#111111
77,41,13,172,2,Black,RAL 9005,#111111
77,41,14,171,2,Black,RAL 9005,#111111
77,41,15,170,2,Black,RAL 9005,#111111
77,41,16,169,2,Black,RAL 9005,#111111
77,41,17,168,2,Black,RAL 9005,#111111
77,41,18,167,2,Black,RAL 9005,#111111
77,41,19,166,2,Black,RAL 9005,#111111
77,41,20,165,2,Black,RAL 9005,#111111
77,41,21,164,2,Black,RAL 9005,#111111
77,41,22,163,2,Black,RAL 9005,#111111
77,41,23,162,2,Black,RAL 9005,#111111
77,41,24,161,2,Black,RAL 9005,#111111
77,41,25,160,2,Black,RAL 9005,#111111
77,41,26,159,2,Black,RAL 9005,#111111
77,41,27,158,2,Black,RAL 9005,#111111
77,41,28,157,2,Black,RAL 9005,#111111
77,41,29,156,2,Black,RAL 9005,#111111
77,41,30,155,2,Black,RAL 9005,#111111
77,41,31,154,2,Black,RAL 9005,#111111
77,41,32,153,2,Black,RAL 9005,#111111
77,41,33,152,2,Black,RAL 9005,#111111
77,41,34,151,2,Black,RAL 9005,#111111
77,41,35,150,2,Black,RAL 9005,#111111
77,41,36,149,2,Black,RAL 9005,#111111
77,41,37,148,2,Black,RAL 9005,#111111
77,41,38,147,2,Black,RAL 9005,#111111
77,41,39,146,2,Black,RAL 9005,#111111
77,41,40,145,2,Black,RAL 9005,#111111
77,41,41,144,2,Black,RAL 9005,#111111
77,41,42,143,2,Black,RAL 9005,#111111
77,41,43,142,2,Black,RAL 9005,#111111
77,41,44,141,2,Black,RAL 9005,#111111
77,41,45,140,2,Black,RAL 9005,#111111
77,41,46,139,2,Black,RAL 9005,#111111
77,41,47,138,2,Black,RAL 9005,#111111
77,41,48,137,2,Black,RAL 9005,#111111
77,41,49,136,2,Black,RAL 9005,#111111
77,41,50,135,2,Black,RAL 9005,#111111
77,41,51,134,2,Black,RAL 9005,#111111
77,41,52,133,2,Black,RAL 9005,#111111
77,41,53,132,2,Black,RAL 9005,#111111
77,41,54,131,2,Black,RAL 9005,#111111
77,41,55,130,2,Black,RAL 9005,#111111
77,41,56,129,2,Black,RAL 9005,#111111
77,41,57,128,2,Black,RAL 9005,#111111
77,41,58,127,2,Black,RAL 9005,#111111
77,41,59,126,2,Black,RAL 9005,#111111
77,41,60,125,2,Black,RAL 9005,#111111
77,41,61,124,2,Black,RAL 9005,#111111
77,41,62,123,2,Black,RAL 9005,#111111
77,41,63,122,2,Black,RAL 9005,#111111
77,41,64,121,8,Gray,RAL 7040,#8E98A3
77,41,65,120,8,Gray,RAL 7040,#8E98A3
77,41,66,119,8,Gray,RAL 7040,#8E98A3
77,41,67,118,8,Gray,RAL 7040,#8E98A3
77,41,68,117,8,Gray,RAL 7040,#8E98A3
77,41,69,116,8,Gray,RAL 7040,#8E98A3
77,41,70,115,8,Gray,RAL 7040,#8E98A3
77,41,71,114,8,Gray,RAL 7040,#8E98A3
77,41,72,113,8,Gray,RAL 7040,#8E98A3
77,41,73,112,8,Gray,RAL 7040,#8E98A3
77,41,74,111,8,Gray,RAL 7040,#8E98A3
77,41,75,110,8,Gray,RAL 7040,#8E98A3
77,41,76,109,8,Gray,RAL 7040,#8E98A3
77,41,77,108,8,Gray,RAL 7040,#8E98A3
77,41,78,107,8,Gray,RAL 7040,#8E98A3
77,41,79,106,8,Gray,RAL 7040,#8E98A3
77,41,80,105,8,Gray,RAL 7040,#8E98A3
77,41,81,104,8,Gray,RAL 7040,#8E98A3
77,41,82,103,8,Gray,RAL 7040,#8E98A3
77,41,83,102,2,Black,RAL 9005,#111111
77,41,84,101,2,Black,RAL 9005,#111111
77,41,85,100,2,Black,RAL 9005,#111111
77,41,86,99,2,Black,RAL 9005,#111111
77,41,87,98,2,Black,RAL 9005,#111111
77,41,88,97,2,Black,RAL 9005,#111111
77,41,89,96,2,Black,RAL 9005,#111111
77,41,90,95,2,Black,RAL 9005,#111111
77,41,91,94,2,Black,RAL 9005,#111111
77,41,92,93,2,Black,RAL 9005,#111111
77,41,93,92,2,Black,RAL 9005,#111111
77,41,94,91,2,Black,RAL 9005,#111111
77,41,95,90,2,Black,RAL 9005,#111111
77,41,96,89,2,Black,RAL 9005,#111111
77,41,97,88,2,Black,RAL 9005,#111111
77,41,98,87,2,Black,RAL 9005,#111111
77,41,99,86,2,Black,RAL 9005,#111111
77,41,100,85,2,Black,RAL 9005,#111111
77,41,101,84,2,Black,RAL 9005,#111111
77,41,102,83,2,Black,RAL 9005,#111111
77,41,103,82,2,Black,RAL 9005,#111111
77,41,104,81,2,Black,RAL 9005,#111111
77,41,105,80,2,Black,RAL 9005,#111111
77,41,106,79,2,Black,RAL 9005,#111111
77,41,107,78,2,Black,RAL 9005,#111111
77,41,108,77,8,Gray,RAL 7040,#8E98A3
77,41,109,76,8,Gray,RAL 7040,#8E98A3
77,41,110,75,8,Gray,RAL 7040,#8E98A3
77,41,111,74,8,Gray,RAL 7040,#8E98A3
77,41,112,73,8,Gray,RAL 7040,#8E98A3
77,41,113,72,8,Gray,RAL 7040,#8E98A3
77,41,114,71,8,Gray,RAL 7040,#8E98A3
77,41,115,70,8,Gray,RAL 7040,#8E98A3
77,41,116,69,8,Gray,RAL 7040,#8E98A3
77,41,117,68,8,Gray,RAL 7040,#8E98A3
77,41,118,67,8,Gray,RAL 7040,#8E98A3
77,41,119,66,8,Gray,RAL 7040,#8E98A3
77,41,120,65,8,Gray,RAL 7040,#8E98A3
77,41,121,64,8,Gray,RAL 7040,#8E98A3
77,41,122,63,8,Gray,RAL 7040,#8E98A3
77,41,123,62,8,Gray,RAL 7040,#8E98A3
77,41,124,61,8,Gray,RAL 7040,#8E98A3
77,41,125,60,8,Gray,RAL 7040,#8E98A3
77,41,126,59,8,Gray,RAL 7040,#8E98A3
77,41,127,58,8,Gray,RAL 7040,#8E98A3
77,41,128,57,8,Gray,RAL 7040,#8E98A3
77,41,129,56,8,Gray,RAL 7040,#8E98A3
77,41,130,55,8,Gray,RAL 7040,#8E98A3
77,41,131,54,8,Gray,RAL 7040,#8E98A3
77,41,132,53,8,Gray,RAL 7040,#8E98A3
77,41,133,52,8,Gray,RAL 7040,#8E98A3
77,41,134,51,8,Gray,RAL 7040,#8E98A3
77,41,135,50,8,Gray,RAL 7040,#8E98A3
77,41,136,49,8,Gray,RAL 7040,#8E98A3
77,41,137,48,8,Gray,RAL 7040,#8E98A3
77,41,138,47,8,Gray,RAL 7040,#8E98A3
77,41,139,46,8,Gray,RAL 7040,#8E98A3
77,41,140,45,8,Gray,RAL 7040,#8E98A3
77,41,141,44,8,Gray,RAL 7040,#8E98A3
77,41,142,43,8,Gray,RAL 7040,#8E98A3
77,41,143,42,8,Gray,RAL 7040,#8E98A3
77,41,144,41,8,Gray,RAL 7040,#8E98A3
77,41,145,40,8,Gray,RAL 7040,#8E98A3
77,41,146,39,8,Gray,RAL 7040,#8E98A3
77,41,147,38,8,Gray,RAL 7040,#8E98A3
77,41,148,37,8,Gray,RAL 7040,#8E98A3
77,41,149,36,8,Gray,RAL 7040,#8E98A3
77,41,150,35,8,Gray,RAL 7040,#8E98A3
77,41,151,34,8,Gray,RAL 7040,#8E98A3
77,41,152,33,8,Gray,RAL 7040,#8E98A3
77,41,153,32,8,Gray,RAL 7040,#8E98A3
77,41,154,31,8,Gray,RAL 7040,#8E98A3
77,41,155,30,8,Gray,RAL 7040,#8E98A3
77,41,156,29,8,Gray,RAL 7040,#8E98A3
77,41,157,28,8,Gray,RAL 7040,#8E98A3
77,41,158,27,8,Gray,RAL 7040,#8E98A3
77,41,159,26,8,Gray,RAL 7040,#8E98A3
77,41,160,25,8,Gray,RAL 7040,#8E98A3
77,41,161,24,8,Gray,RAL 7040,#8E98A3
77,41,162,23,8,Gray,RAL 7040,#8E98A3
77,41,163,22,8,Gray,RAL 7040,#8E98A3
77,41,164,21,8,Gray,RAL 7040,#8E98A3
77,41,165,20,8,Gray,RAL 7040,#8E98A3
77,41,166,19,8,Gray,RAL 7040,#8E98A3
77,41,167,18,8,Gray,RAL 7040,#8E98A3
77,41,168,17,8,Gray,RAL 7040,#8E98A3
77,41,169,16,8,Gray,RAL 7040,#8E98A3
77,41,170,15,8,Gray,RAL 7040,#8E98A3
77,41,171,14,8,Gray,RAL 7040,#8E98A3
77,41,172,13,8,Gray,RAL 7040,#8E98A3
77,41,173,12,8,Gray,RAL 7040,#8E98A3
77,41,174,11,8,Gray,RAL 7040,#8E98A3
77,41,175,10,8,Gray,RAL 7040,#8E98A3
77,41,176,9,8,Gray,RAL 7040,#8E98A3
77,41,177,8,8,Gray,RAL 7040,#8E98A3
77,41,178,7,8,Gray,RAL 7040,#8E98A3
77,41,179,6,8,Gray,RAL 7040,#8E98A3
77,41,180,5,8,Gray,RAL 7040,#8E98A3
77,41,181,4,8,Gray,RAL 7040,#8E98A3
77,41,182,3,8,Gray,RAL 7040,#8E98A3
77,41,183,2,8,Gray,RAL 7040,#8E98A3
77,41,184,1,8,Gray,RAL 7040,#8E98A3
78,40,1,184,2,Black,RAL 9005,#111111
78,40,2,183,2,Black,RAL 9005,#111111
78,40,3,182,2,Black,RAL 9005,#111111
78,40,4,181,2,Black,RAL 9005,#111111
78,40,5,180,2,Black,RAL 9005,#111111
78,40,6,179,2,Black,RAL 9005,#111111
78,40,7,178,2,Black,RAL 9005,#111111
78,40,8,177,2,Black,RAL 9005,#111111
78,40,9,176,2,Black,RAL 9005,#111111
78,40,10,175,2,Black,RAL 9005,#111111
78,40,11,174,2,Black,RAL 9005,#111111
78,40,12,173,2,Black,RAL 9005,#111111
78,40,13,172,2,Black,RAL 9005,#111111
78,40,14,171,2,Black,RAL 9005,#111111
78,40,15,170,2,Black,RAL 9005,#111111
78,40,16,169,2,Black,RAL 9005,#111111
78,40,17,168,2,Black,RAL 9005,#111111
78,40,18,167,2,Black,RAL 9005,#111111
78,40,19,166,2,Black,RAL 9005,#111111
78,40,20,165,2,Black,RAL 9005,#111111
78,40,21,164,2,Black,RAL 9005,#111111
78,40,22,163,2,Black,RAL 9005,#111111
78,40,23,162,2,Black,RAL 9005,#111111
78,40,24,161,2,Black,RAL 9005,#111111
78,40,25,160,2,Black,RAL 9005,#111111
78,40,26,159,2,Black,RAL 9005,#111111
78,40,27,158,2,Black,RAL 9005,#111111
78,40,28,157,2,Black,RAL 9005,#111111
78,40,29,156,2,Black,RAL 9005,#111111
78,40,30,155,2,Black,RAL 9005,#111111
78,40,31,154,2,Black,RAL 9005,#111111
78,40,32,153,2,Black,RAL 9005,#111111
78,40,33,152,2,Black,RAL 9005,#111111
78,40,34,151,2,Black,RAL 9005,#111111
78,40,35,150,2,Black,RAL 9005,#111111
78,40,36,149,2,Black,RAL 9005,#111111
78,40,37,148,2,Black,RAL 9005,#111111
78,40,38,147,2,Black,RAL 9005,#111111
78,40,39,146,2,Black,RAL 9005,#111111
78,40,40,145,2,Black,RAL 9005,#111111
78,40,41,144,2,Black,RAL 9005,#111111
78,40,42,143,2,Black,RAL 9005,#111111
78,40,43,142,2,Black,RAL 9005,#111111
78,40,44,141,2,Black,RAL 9005,#111111
78,40,45,140,2,Black,RAL 9005,#111111
78,40,46,139,2,Black,RAL 9005,#111111
78,40,47,138,2,Black,RAL 9005,#111111
78,40,48,137,2,Black,RAL 9005,#111111
78,40,49,136,2,Black,RAL 9005,#111111
78,40,50,135,2,Black,RAL 9005,#111111
78,40,51,134,2,Black,RAL 9005,#111111
78,40,52,133,2,Black,RAL 9005,#111111
78,40,53,132,2,Black,RAL 9005,#111111
78,40,54,131,2,Black,RAL 9005,#111111
78,40,55,130,2,Black,RAL 9005,#111111
78,40,56,129,2,Black,RAL 9005,#111111
78,40,57,128,2,Black,RAL 9005,#111111
78,40,58,127,2,Black,RAL 9005,#111111
78,40,59,126,2,Black,RAL 9005,#111111
78,40,60,125,2,Black,RAL 9005,#111111
78,40,61,124,2,Black,RAL 9005,#111111
78,40,62,123,2,Black,RAL 9005,#111111
78,40,63,122,2,Black,RAL 9005,#111111
78,40,64,121,8,Gray,RAL 7040,#8E98A3
78,40,65,120,8,Gray,RAL 7040,#8E98A3
78,40,66,119,8,Gray,RAL 7040,#8E98A3
78,40,67,118,8,Gray,RAL 7040,#8E98A3
78,40,68,117,8,Gray,RAL 7040,#8E98A3
78,40,69,116,8,Gray,RAL 7040,#8E98A3
78,40,70,115,8,Gray,RAL 7040,#8E98A3
78,40,71,114,8,Gray,RAL 7040,#8E98A3
78,40,72,113,8,Gray,RAL 7040,#8E98A3
78,40,73,112,8,Gray,RAL 7040,#8E98A3
78,40,74,111,8,Gray,RAL 7040,#8E98A3
78,40,75,110,8,Gray,RAL 7040,#8E98A3
78,40,76,109,8,Gray,RAL 7040,#8E98A3
78,40,77,108,8,Gray,RAL 7040,#8E98A3
78,40,78,107,8,Gray,RAL 7040,#8E98A3
78,40,79,106,8,Gray,RAL 7040,#8E98A3
78,40,80,105,8,Gray,RAL 7040,#8E98A3
78,40,81,104,8,Gray,RAL 7040,#8E98A3
78,40,82,103,2,Black,RAL 9005,#111111
78,40,83,102,2,Black,RAL 9005,#111111
78,40,84,101,2,Black,RAL 9005,#111111
78,40,85,100,2,Black,RAL 9005,#111111
78,40,86,99,2,Black,RAL 9005,#111111
78,40,87,98,2,Black,RAL 9005,#111111
78,40,88,97,2,Black,RAL 9005,#111111
78,40,89,96,2,Black,RAL 9005,#111111
78,40,90,95,2,Black,RAL 9005,#111111
78,40,91,94,2,Black,RAL 9005,#111111
78,40,92,93,2,Black,RAL 9005,#111111
78,40,93,92,2,Black,RAL 9005,#111111
78,40,94,91,2,Black,RAL 9005,#111111
78,40,95,90,2,Black,RAL 9005,#111111
78,40,96,89,2,Black,RAL 9005,#111111
78,40,97,88,2,Black,RAL 9005,#111111
78,40,98,87,2,Black,RAL 9005,#111111
78,40,99,86,2,Black,RAL 9005,#111111
78,40,100,85,2,Black,RAL 9005,#111111
78,40,101,84,2,Black,RAL 9005,#111111
78,40,102,83,2,Black,RAL 9005,#111111
78,40,103,82,2,Black,RAL 9005,#111111
78,40,104,81,2,Black,RAL 9005,#111111
78,40,105,80,2,Black,RAL 9005,#111111
78,40,106,79,2,Black,RAL 9005,#111111
78,40,107,78,2,Black,RAL 9005,#111111
78,40,108,77,2,Black,RAL 9005,#111111
78,40,109,76,8,Gray,RAL 7040,#8E98A3
78,40,110,75,8,Gray,RAL 7040,#8E98A3
78,40,111,74,8,Gray,RAL 7040,#8E98A3
78,40,112,73,8,Gray,RAL 7040,#8E98A3
78,40,113,72,8,Gray,RAL 7040,#8E98A3
78,40,114,71,8,Gray,RAL 7040,#8E98A3
78,40,115,70,8,Gray,RAL 7040,#8E98A3
78,40,116,69,8,Gray,RAL 7040,#8E98A3
78,40,117,68,8,Gray,RAL 7040,#8E98A3
78,40,118,67,8,Gray,RAL 7040,#8E98A3
78,40,119,66,8,Gray,RAL 7040,#8E98A3
78,40,120,65,8,Gray,RAL 7040,#8E98A3
78,40,121,64,8,Gray,RAL 7040,#8E98A3
78,40,122,63,8,Gray,RAL 7040,#8E98A3
78,40,123,62,8,Gray,RAL 7040,#8E98A3
78,40,124,61,8,Gray,RAL 7040,#8E98A3
78,40,125,60,8,Gray,RAL 7040,#8E98A3
78,40,126,59,8,Gray,RAL 7040,#8E98A3
78,40,127,58,8,Gray,RAL 7040,#8E98A3
78,40,128,57,2,Black,RAL 9005,#111111
78,40,129,56,8,Gray,RAL 7040,#8E98A3
78,40,130,55,8,Gray,RAL 7040,#8E98A3
78,40,131,54,8,Gray,RAL 7040,#8E98A3
78,40,132,53,8,Gray,RAL 7040,#8E98A3
78,40,133,52,8,Gray,RAL 7040,#8E98A3
78,40,134,51,8,Gray,RAL 7040,#8E98A3
78,40,135,50,8,Gray,RAL 7040,#8E98A3
78,40,136,49,8,Gray,RAL 7040,#8E98A3
78,40,137,48,8,Gray,RAL 7040,#8E98A3
78,40,138,47,8,Gray,RAL 7040,#8E98A3
78,40,139,46,8,Gray,RAL 7040,#8E98A3
78,40,140,45,8,Gray,RAL 7040,#8E98A3
78,40,141,44,8,Gray,RAL 7040,#8E98A3
78,40,142,43,8,Gray,RAL 7040,#8E98A3
78,40,143,42,8,Gray,RAL 7040,#8E98A3
78,40,144,41,8,Gray,RAL 7040,#8E98A3
78,40,145,40,8,Gray,RAL 7040,#8E98A3
78,40,146,39,8,Gray,RAL 7040,#8E98A3
78,40,147,38,8,Gray,RAL 7040,#8E98A3
78,40,148,37,8,Gray,RAL 7040,#8E98A3
78,40,149,36,8,Gray,RAL 7040,#8E98A3
78,40,150,35,8,Gray,RAL 7040,#8E98A3
78,40,151,34,8,Gray,RAL 7040,#8E98A3
78,40,152,33,8,Gray,RAL 7040,#8E98A3
78,40,153,32,8,Gray,RAL 7040,#8E98A3
78,40,154,31,8,Gray,RAL 7040,#8E98A3
78,40,155,30,8,Gray,RAL 7040,#8E98A3
78,40,156,29,8,Gray,RAL 7040,#8E98A3
78,40,157,28,8,Gray,RAL 7040,#8E98A3
78,40,158,27,8,Gray,RAL 7040,#8E98A3
78,40,159,26,8,Gray,RAL 7040,#8E98A3
78,40,160,25,8,Gray,RAL 7040,#8E98A3
78,40,161,24,8,Gray,RAL 7040,#8E98A3
78,40,162,23,8,Gray,RAL 7040,#8E98A3
78,40,163,22,8,Gray,RAL 7040,#8E98A3
78,40,164,21,8,Gray,RAL 7040,#8E98A3
78,40,165,20,8,Gray,RAL 7040,#8E98A3
78,40,166,19,8,Gray,RAL 7040,#8E98A3
78,40,167,18,8,Gray,RAL 7040,#8E98A3
78,40,168,17,8,Gray,RAL 7040,#8E98A3
78,40,169,16,8,Gray,RAL 7040,#8E98A3
78,40,170,15,8,Gray,RAL 7040,#8E98A3
78,40,171,14,8,Gray,RAL 7040,#8E98A3
78,40,172,13,8,Gray,RAL 7040,#8E98A3
78,40,173,12,8,Gray,RAL 7040,#8E98A3
78,40,174,11,8,Gray,RAL 7040,#8E98A3
78,40,175,10,8,Gray,RAL 7040,#8E98A3
78,40,176,9,8,Gray,RAL 7040,#8E98A3
78,40,177,8,8,Gray,RAL 7040,#8E98A3
78,40,178,7,8,Gray,RAL 7040,#8E98A3
78,40,179,6,8,Gray,RAL 7040,#8E98A3
78,40,180,5,8,Gray,RAL 7040,#8E98A3
78,40,181,4,8,Gray,RAL 7040,#8E98A3
78,40,182,3,8,Gray,RAL 7040,#8E98A3
78,40,183,2,8,Gray,RAL 7040,#8E98A3
78,40,184,1,8,Gray,RAL 7040,#8E98A3
79,39,1,184,2,Black,RAL 9005,#111111
79,39,2,183,2,Black,RAL 9005,#111111
79,39,3,182,2,Black,RAL 9005,#111111
79,39,4,181,2,Black,RAL 9005,#111111
79,39,5,180,2,Black,RAL 9005,#111111
79,39,6,179,2,Black,RAL 9005,#111111
79,39,7,178,2,Black,RAL 9005,#111111
79,39,8,177,2,Black,RAL 9005,#111111
79,39,9,176,2,Black,RAL 9005,#111111
79,39,10,175,2,Black,RAL 9005,#111111
79,39,11,174,2,Black,RAL 9005,#111111
79,39,12,173,2,Black,RAL 9005,#111111
79,39,13,172,2,Black,RAL 9005,#111111
79,39,14,171,2,Black,RAL 9005,#111111
79,39,15,170,2,Black,RAL 9005,#111111
79,39,16,169,2,Black,RAL 9005,#111111
79,39,17,168,2,Black,RAL 9005,#111111
79,39,18,167,2,Black,RAL 9005,#111111
79,39,19,166,2,Black,RAL 9005,#111111
79,39,20,165,2,Black,RAL 9005,#111111
79,39,21,164,2,Black,RAL 9005,#111111
79,39,22,163,2,Black,RAL 9005,#111111
79,39,23,162,2,Black,RAL 9005,#111111
79,39,24,161,2,Black,RAL 9005,#111111
79,39,25,160,2,Black,RAL 9005,#111111
79,39,26,159,2,Black,RAL 9005,#111111
79,39,27,158,2,Black,RAL 9005,#111111
79,39,28,157,2,Black,RAL 9005,#111111
79,39,29,156,2,Black,RAL 9005,#111111
79,39,30,155,2,Black,RAL 9005,#111111
79,39,31,154,2,Black,RAL 9005,#111111
79,39,32,153,2,Black,RAL 9005,#111111
79,39,33,152,2,Black,RAL 9005,#111111
79,39,34,151,2,Black,RAL 9005,#111111
79,39,35,150,2,Black,RAL 9005,#111111
79,39,36,149,2,Black,RAL 9005,#111111
79,39,37,148,2,Black,RAL 9005,#111111
79,39,38,147,2,Black,RAL 9005,#111111
79,39,39,146,2,Black,RAL 9005,#111111
79,39,40,145,2,Black,RAL 9005,#111111
79,39,41,144,2,Black,RAL 9005,#111111
79,39,42,143,2,Black,RAL 9005,#111111
79,39,43,142,2,Black,RAL 9005,#111111
79,39,44,141,2,Black,RAL 9005,#111111
79,39,45,140,2,Black,RAL 9005,#111111
79,39,46,139,2,Black,RAL 9005,#111111
79,39,47,138,2,Black,RAL 9005,#111111
79,39,48,137,2,Black,RAL 9005,#111111
79,39,49,136,2,Black,RAL 9005,#111111
79,39,50,135,2,Black,RAL 9005,#111111
79,39,51,134,2,Black,RAL 9005,#111111
79,39,52,133,2,Black,RAL 9005,#111111
79,39,53,132,2,Black,RAL 9005,#111111
79,39,54,131,2,Black,RAL 9005,#111111
79,39,55,130,2,Black,RAL 9005,#111111
79,39,56,129,2,Black,RAL 9005,#111111
79,39,57,128,2,Black,RAL 9005,#111111
79,39,58,127,2,Black,RAL 9005,#111111
79,39,59,126,2,Black,RAL 9005,#111111
79,39,60,125,2,Black,RAL 9005,#111111
79,39,61,124,2,Black,RAL 9005,#111111
79,39,62,123,2,Black,RAL 9005,#111111
79,39,63,122,2,Black,RAL 9005,#111111
79,39,64,121,2,Black,RAL 9005,#111111
79,39,65,120,8,Gray,RAL 7040,#8E98A3
79,39,66,119,8,Gray,RAL 7040,#8E98A3
79,39,67,118,8,Gray,RAL 7040,#8E98A3
79,39,68,117,8,Gray,RAL 7040,#8E98A3
79,39,69,116,8,Gray,RAL 7040,#8E98A3
79,39,70,115,8,Gray,RAL 7040,#8E98A3
79,39,71,114,8,Gray,RAL 7040,#8E98A3
79,39,72,113,8,Gray,RAL 7040,#8E98A3
79,39,73,112,8,Gray,RAL 7040,#8E98A3
79,39,74,111,8,Gray,RAL 7040,#8E98A3
79,39,75,110,8,Gray,RAL 7040,#8E98A3
79,39,76,109,8,Gray,RAL 7040,#8E98A3
79,39,77,108,8,Gray,RAL 7040,#8E98A3
79,39,78,107,8,Gray,RAL 7040,#8E98A3
79,39,79,106,8,Gray,RAL 7040,#8E98A3
79,39,80,105,8,Gray,RAL 7040,#8E98A3
79,39,81,104,2,Black,RAL 9005,#111111
79,39,82,103,2,Black,RAL 9005,#111111
79,39,83,102,2,Black,RAL 9005,#111111
79,39,84,101,2,Black,RAL 9005,#111111
79,39,85,100,2,Black,RAL 9005,#111111
79,39,86,99,2,Black,RAL 9005,#111111
79,39,87,98,2,Black,RAL 9005,#111111
79,39,88,97,2,Black,RAL 9005,#111111
79,39,89,96,2,Black,RAL 9005,#111111
79,39,90,95,2,Black,RAL 9005,#111111
79,39,91,94,2,Black,RAL 9005,#111111
79,39,92,93,2,Black,RAL 9005,#111111
79,39,93,92,2,Black,RAL 9005,#111111
79,39,94,91,2,Black,RAL 9005,#111111
79,39,95,90,2,Black,RAL 9005,#111111
79,39,96,89,2,Black,RAL 9005,#111111
79,39,97,88,2,Black,RAL 9005,#111111
79,39,98,87,2,Black,RAL 9005,#111111
79,39,99,86,2,Black,RAL 9005,#111111
79,39,100,85,2,Black,RAL 9005,#111111
79,39,101,84,2,Black,RAL 9005,#111111
79,39,102,83,2,Black,RAL 9005,#111111
79,39,103,82,2,Black,RAL 9005,#111111
79,39,104,81,2,Black,RAL 9005,#111111
79,39,105,80,2,Black,RAL 9005,#111111
79,39,106,79,2,Black,RAL 9005,#111111
79,39,107,78,2,Black,RAL 9005,#111111
79,39,108,77,2,Black,RAL 9005,#111111
79,39,109,76,2,Black,RAL 9005,#111111
79,39,110,75,2,Black,RAL 9005,#111111
79,39,111,74,8,Gray,RAL 7040,#8E98A3
79,39,112,73,8,Gray,RAL 7040,#8E98A3
79,39,113,72,8,Gray,RAL 7040,#8E98A3
79,39,114,71,8,Gray,RAL 7040,#8E98A3
79,39,115,70,8,Gray,RAL 7040,#8E98A3
79,39,116,69,8,Gray,RAL 7040,#8E98A3
79,39,117,68,8,Gray,RAL 7040,#8E98A3
79,39,118,67,8,Gray,RAL 7040,#8E98A3
79,39,119,66,8,Gray,RAL 7040,#8E98A3
79,39,120,65,8,Gray,RAL 7040,#8E98A3
79,39,121,64,8,Gray,RAL 7040,#8E98A3
79,39,122,63,8,Gray,RAL 7040,#8E98A3
79,39,123,62,8,Gray,RAL 7040,#8E98A3
79,39,124,61,8,Gray,RAL 7040,#8E98A3
79,39,125,60,8,Gray,RAL 7040,#8E98A3
79,39,126,59,2,Black,RAL 9005,#111111
79,39,127,58,2,Black,RAL 9005,#111111
79,39,128,57,2,Black,RAL 9005,#111111
79,39,129,56,8,Gray,RAL 7040,#8E98A3
79,39,130,55,8,Gray,RAL 7040,#8E98A3
79,39,131,54,8,Gray,RAL 7040,#8E98A3
79,39,132,53,8,Gray,RAL 7040,#8E98A3
79,39,133,52,8,Gray,RAL 7040,#8E98A3
79,39,134,51,8,Gray,RAL 7040,#8E98A3
79,39,135,50,8,Gray,RAL 7040,#8E98A3
79,39,136,49,8,Gray,RAL 7040,#8E98A3
79,39,137,48,8,Gray,RAL 7040,#8E98A3
79,39,138,47,8,Gray,RAL 7040,#8E98A3
79,39,139,46,8,Gray,RAL 7040,#8E98A3
79,39,140,45,8,Gray,RAL 7040,#8E98A3
79,39,141,44,8,Gray,RAL 7040,#8E98A3
79,39,142,43,8,Gray,RAL 7040,#8E98A3
79,39,143,42,8,Gray,RAL 7040,#8E98A3
79,39,144,41,8,Gray,RAL 7040,#8E98A3
79,39,145,40,8,Gray,RAL 7040,#8E98A3
79,39,146,39,8,Gray,RAL 7040,#8E98A3
79,39,147,38,8,Gray,RAL 7040,#8E98A3
79,39,148,37,8,Gray,RAL 7040,#8E98A3
79,39,149,36,8,Gray,RAL 7040,#8E98A3
79,39,150,35,8,Gray,RAL 7040,#8E98A3
79,39,151,34,8,Gray,RAL 7040,#8E98A3
79,39,152,33,8,Gray,RAL 7040,#8E98A3
79,39,153,32,8,Gray,RAL 7040,#8E98A3
79,39,154,31,8,Gray,RAL 7040,#8E98A3
79,39,155,30,8,Gray,RAL 7040,#8E98A3
79,39,156,29,8,Gray,RAL 7040,#8E98A3
79,39,157,28,8,Gray,RAL 7040,#8E98A3
79,39,158,27,8,Gray,RAL 7040,#8E98A3
79,39,159,26,8,Gray,RAL 7040,#8E98A3
79,39,160,25,8,Gray,RAL 7040,#8E98A3
79,39,161,24,8,Gray,RAL 7040,#8E98A3
79,39,162,23,8,Gray,RAL 7040,#8E98A3
79,39,163,22,8,Gray,RAL 7040,#8E98A3
79,39,164,21,8,Gray,RAL 7040,#8E98A3
79,39,165,20,8,Gray,RAL 7040,#8E98A3
79,39,166,19,8,Gray,RAL 7040,#8E98A3
79,39,167,18,8,Gray,RAL 7040,#8E98A3
79,39,168,17,8,Gray,RAL 7040,#8E98A3
79,39,169,16,8,Gray,RAL 7040,#8E98A3
79,39,170,15,8,Gray,RAL 7040,#8E98A3
79,39,171,14,8,Gray,RAL 7040,#8E98A3
79,39,172,13,8,Gray,RAL 7040,#8E98A3
79,39,173,12,8,Gray,RAL 7040,#8E98A3
79,39,174,11,8,Gray,RAL 7040,#8E98A3
79,39,175,10,8,Gray,RAL 7040,#8E98A3
79,39,176,9,8,Gray,RAL 7040,#8E98A3
79,39,177,8,8,Gray,RAL 7040,#8E98A3
79,39,178,7,8,Gray,RAL 7040,#8E98A3
79,39,179,6,8,Gray,RAL 7040,#8E98A3
79,39,180,5,8,Gray,RAL 7040,#8E98A3
79,39,181,4,8,Gray,RAL 7040,#8E98A3
79,39,182,3,8,Gray,RAL 7040,#8E98A3
79,39,183,2,8,Gray,RAL 7040,#8E98A3
79,39,184,1,6,Green,RAL 6018,#2CA36A
80,38,1,184,2,Black,RAL 9005,#111111
80,38,2,183,2,Black,RAL 9005,#111111
80,38,3,182,2,Black,RAL 9005,#111111
80,38,4,181,2,Black,RAL 9005,#111111
80,38,5,180,2,Black,RAL 9005,#111111
80,38,6,179,2,Black,RAL 9005,#111111
80,38,7,178,2,Black,RAL 9005,#111111
80,38,8,177,2,Black,RAL 9005,#111111
80,38,9,176,2,Black,RAL 9005,#111111
80,38,10,175,2,Black,RAL 9005,#111111
80,38,11,174,2,Black,RAL 9005,#111111
80,38,12,173,2,Black,RAL 9005,#111111
80,38,13,172,2,Black,RAL 9005,#111111
80,38,14,171,2,Black,RAL 9005,#111111
80,38,15,170,2,Black,RAL 9005,#111111
80,38,16,169,2,Black,RAL 9005,#111111
80,38,17,168,2,Black,RAL 9005,#111111
80,38,18,167,2,Black,RAL 9005,#111111
80,38,19,166,2,Black,RAL 9005,#111111
80,38,20,165,2,Black,RAL 9005,#111111
80,38,21,164,2,Black,RAL 9005,#111111
80,38,22,163,2,Black,RAL 9005,#111111
80,38,23,162,2,Black,RAL 9005,#111111
80,38,24,161,2,Black,RAL 9005,#111111
80,38,25,160,2,Black,RAL 9005,#111111
80,38,26,159,2,Black,RAL 9005,#111111
80,38,27,158,2,Black,RAL 9005,#111111
80,38,28,157,2,Black,RAL 9005,#111111
80,38,29,156,2,Black,RAL 9005,#111111
80,38,30,155,2,Black,RAL 9005,#111111
80,38,31,154,2,Black,RAL 9005,#111111
80,38,32,153,2,Black,RAL 9005,#111111
80,38,33,152,2,Black,RAL 9005,#111111
80,38,34,151,2,Black,RAL 9005,#111111
80,38,35,150,2,Black,RAL 9005,#111111
80,38,36,149,2,Black,RAL 9005,#111111
80,38,37,148,2,Black,RAL 9005,#111111
80,38,38,147,2,Black,RAL 9005,#111111
80,38,39,146,2,Black,RAL 9005,#111111
80,38,40,145,2,Black,RAL 9005,#111111
80,38,41,144,2,Black,RAL 9005,#111111
80,38,42,143,2,Black,RAL 9005,#111111
80,38,43,142,2,Black,RAL 9005,#111111
80,38,44,141,2,Black,RAL 9005,#111111
80,38,45,140,2,Black,RAL 9005,#111111
80,38,46,139,2,Black,RAL 9005,#111111
80,38,47,138,2,Black,RAL 9005,#111111
80,38,48,137,2,Black,RAL 9005,#111111
80,38,49,136,2,Black,RAL 9005,#111111
80,38,50,135,2,Black,RAL 9005,#111111
80,38,51,134,2,Black,RAL 9005,#111111
80,38,52,133,2,Black,RAL 9005,#111111
80,38,53,132,2,Black,RAL 9005,#111111
80,38,54,131,2,Black,RAL 9005,#111111
80,38,55,130,2,Black,RAL 9005,#111111
80,38,56,129,2,Black,RAL 9005,#111111
80,38,57,128,2,Black,RAL 9005,#111111
80,38,58,127,2,Black,RAL 9005,#111111
80,38,59,126,2,Black,RAL 9005,#111111
80,38,60,125,2,Black,RAL 9005,#111111
80,38,61,124,2,Black,RAL 9005,#111111
80,38,62,123,2,Black,RAL 9005,#111111
80,38,63,122,2,Black,RAL 9005,#111111
80,38,64,121,2,Black,RAL 9005,#111111
80,38,65,120,2,Black,RAL 9005,#111111
80,38,66,119,2,Black,RAL 9005,#111111
80,38,67,118,8,Gray,RAL 7040,#8E98A3
80,38,68,117,8,Gray,RAL 7040,#8E98A3
80,38,69,116,8,Gray,RAL 7040,#8E98A3
80,38,70,115,8,Gray,RAL 7040,#8E98A3
80,38,71,114,8,Gray,RAL 7040,#8E98A3
80,38,72,113,8,Gray,RAL 7040,#8E98A3
80,38,73,112,8,Gray,RAL 7040,#8E98A3
80,38,74,111,8,Gray,RAL 7040,#8E98A3
80,38,75,110,8,Gray,RAL 7040,#8E98A3
80,38,76,109,8,Gray,RAL 7040,#8E98A3
80,38,77,108,8,Gray,RAL 7040,#8E98A3
80,38,78,107,8,Gray,RAL 7040,#8E98A3
80,38,79,106,8,Gray,RAL 7040,#8E98A3
80,38,80,105,2,Black,RAL 9005,#111111
80,38,81,104,2,Black,RAL 9005,#111111
80,38,82,103,2,Black,RAL 9005,#111111
80,38,83,102,2,Black,RAL 9005,#111111
80,38,84,101,2,Black,RAL 9005,#111111
80,38,85,100,2,Black,RAL 9005,#111111
80,38,86,99,2,Black,RAL 9005,#111111
80,38,87,98,2,Black,RAL 9005,#111111
80,38,88,97,2,Black,RAL 9005,#111111
80,38,89,96,2,Black,RAL 9005,#111111
80,38,90,95,2,Black,RAL 9005,#111111
80,38,91,94,2,Black,RAL 9005,#111111
80,38,92,93,2,Black,RAL 9005,#111111
80,38,93,92,2,Black,RAL 9005,#111111
80,38,94,91,2,Black,RAL 9005,#111111
80,38,95,90,2,Black,RAL 9005,#111111
80,38,96,89,2,Black,RAL 9005,#111111
80,38,97,88,2,Black,RAL 9005,#111111
80,38,98,87,2,Black,RAL 9005,#111111
80,38,99,86,2,Black,RAL 9005,#111111
80,38,100,85,2,Black,RAL 9005,#111111
80,38,101,84,2,Black,RAL 9005,#111111
80,38,102,83,2,Black,RAL 9005,#111111
80,38,103,82,2,Black,RAL 9005,#111111
80,38,104,81,2,Black,RAL 9005,#111111
80,38,105,80,2,Black,RAL 9005,#111111
80,38,106,79,2,Black,RAL 9005,#111111
80,38,107,78,2,Black,RAL 9005,#111111
80,38,108,77,2,Black,RAL 9005,#111111
80,38,109,76,2,Black,RAL 9005,#111111
80,38,110,75,2,Black,RAL 9005,#111111
80,38,111,74,2,Black,RAL 9005,#111111
80,38,112,73,2,Black,RAL 9005,#111111
80,38,113,72,8,Gray,RAL 7040,#8E98A3
80,38,114,71,8,Gray,RAL 7040,#8E98A3
80,38,115,70,8,Gray,RAL 7040,#8E98A3
80,38,116,69,8,Gray,RAL 7040,#8E98A3
80,38,117,68,8,Gray,RAL 7040,#8E98A3
80,38,118,67,8,Gray,RAL 7040,#8E98A3
80,38,119,66,8,Gray,RAL 7040,#8E98A3
80,38,120,65,8,Gray,RAL 7040,#8E98A3
80,38,121,64,8,Gray,RAL 7040,#8E98A3
80,38,122,63,8,Gray,RAL 7040,#8E98A3
80,38,123,62,8,Gray,RAL 7040,#8E98A3
80,38,124,61,2,Black,RAL 9005,#111111
80,38,125,60,2,Black,RAL 9005,#111111
80,38,126,59,2,Black,RAL 9005,#111111
80,38,127,58,2,Black,RAL 9005,#111111
80,38,128,57,2,Black,RAL 9005,#111111
80,38,129,56,8,Gray,RAL 7040,#8E98A3
80,38,130,55,8,Gray,RAL 7040,#8E98A3
80,38,131,54,8,Gray,RAL 7040,#8E98A3
80,38,132,53,8,Gray,RAL 7040,#8E98A3
80,38,133,52,8,Gray,RAL 7040,#8E98A3
80,38,134,51,8,Gray,RAL 7040,#8E98A3
80,38,135,50,8,Gray,RAL 7040,#8E98A3
80,38,136,49,8,Gray,RAL 7040,#8E98A3
80,38,137,48,8,Gray,RAL 7040,#8E98A3
80,38,138,47,8,Gray,RAL 7040,#8E98A3
80,38,139,46,8,Gray,RAL 7040,#8E98A3
80,38,140,45,8,Gray,RAL 7040,#8E98A3
80,38,141,44,8,Gray,RAL 7040,#8E98A3
80,38,142,43,8,Gray,RAL 7040,#8E98A3
80,38,143,42,8,Gray,RAL 7040,#8E98A3
80,38,144,41,8,Gray,RAL 7040,#8E98A3
80,38,145,40,8,Gray,RAL 7040,#8E98A3
80,38,146,39,8,Gray,RAL 7040,#8E98A3
80,38,147,38,8,Gray,RAL 7040,#8E98A3
80,38,148,37,8,Gray,RAL 7040,#8E98A3
80,38,149,36,8,Gray,RAL 7040,#8E98A3
80,38,150,35,8,Gray,RAL 7040,#8E98A3
80,38,151,34,8,Gray,RAL 7040,#8E98A3
80,38,152,33,8,Gray,RAL 7040,#8E98A3
80,38,153,32,8,Gray,RAL 7040,#8E98A3
80,38,154,31,8,Gray,RAL 7040,#8E98A3
80,38,155,30,8,Gray,RAL 7040,#8E98A3
80,38,156,29,8,Gray,RAL 7040,#8E98A3
80,38,157,28,8,Gray,RAL 7040,#8E98A3
80,38,158,27,8,Gray,RAL 7040,#8E98A3
80,38,159,26,8,Gray,RAL 7040,#8E98A3
80,38,160,25,8,Gray,RAL 7040,#8E98A3
80,38,161,24,8,Gray,RAL 7040,#8E98A3
80,38,162,23,8,Gray,RAL 7040,#8E98A3
80,38,163,22,8,Gray,RAL 7040,#8E98A3
80,38,164,21,8,Gray,RAL 7040,#8E98A3
80,38,165,20,8,Gray,RAL 7040,#8E98A3
80,38,166,19,8,Gray,RAL 7040,#8E98A3
80,38,167,18,8,Gray,RAL 7040,#8E98A3
80,38,168,17,8,Gray,RAL 7040,#8E98A3
80,38,169,16,8,Gray,RAL 7040,#8E98A3
80,38,170,15,8,Gray,RAL 7040,#8E98A3
80,38,171,14,8,Gray,RAL 7040,#8E98A3
80,38,172,13,8,Gray,RAL 7040,#8E98A3
80,38,173,12,8,Gray,RAL 7040,#8E98A3
80,38,174,11,8,Gray,RAL 7040,#8E98A3
80,38,175,10,8,Gray,RAL 7040,#8E98A3
80,38,176,9,8,Gray,RAL 7040,#8E98A3
80,38,177,8,8,Gray,RAL 7040,#8E98A3
80,38,178,7,8,Gray,RAL 7040,#8E98A3
80,38,179,6,8,Gray,RAL 7040,#8E98A3
80,38,180,5,8,Gray,RAL 7040,#8E98A3
80,38,181,4,8,Gray,RAL 7040,#8E98A3
80,38,182,3,8,Gray,RAL 7040,#8E98A3
80,38,183,2,8,Gray,RAL 7040,#8E98A3
80,38,184,1,6,Green,RAL 6018,#2CA36A
81,37,1,184,2,Black,RAL 9005,#111111
81,37,2,183,2,Black,RAL 9005,#111111
81,37,3,182,2,Black,RAL 9005,#111111
81,37,4,181,2,Black,RAL 9005,#111111
81,37,5,180,2,Black,RAL 9005,#111111
81,37,6,179,2,Black,RAL 9005,#111111
81,37,7,178,2,Black,RAL 9005,#111111
81,37,8,177,2,Black,RAL 9005,#111111
81,37,9,176,2,Black,RAL 9005,#111111
81,37,10,175,2,Black,RAL 9005,#111111
81,37,11,174,2,Black,RAL 9005,#111111
81,37,12,173,2,Black,RAL 9005,#111111
81,37,13,172,2,Black,RAL 9005,#111111
81,37,14,171,2,Black,RAL 9005,#111111
81,37,15,170,2,Black,RAL 9005,#111111
81,37,16,169,2,Black,RAL 9005,#111111
81,37,17,168,2,Black,RAL 9005,#111111
81,37,18,167,2,Black,RAL 9005,#111111
81,37,19,166,2,Black,RAL 9005,#111111
81,37,20,165,2,Black,RAL 9005,#111111
81,37,21,164,2,Black,RAL 9005,#111111
81,37,22,163,2,Black,RAL 9005,#111111
81,37,23,162,2,Black,RAL 9005,#111111
81,37,24,161,2,Black,RAL 9005,#111111
81,37,25,160,2,Black,RAL 9005,#111111
81,37,26,159,2,Black,RAL 9005,#111111
81,37,27,158,2,Black,RAL 9005,#111111
81,37,28,157,2,Black,RAL 9005,#111111
81,37,29,156,2,Black,RAL 9005,#111111
81,37,30,155,2,Black,RAL 9005,#111111
81,37,31,154,2,Black,RAL 9005,#111111
81,37,32,153,2,Black,RAL 9005,#111111
81,37,33,152,2,Black,RAL 9005,#111111
81,37,34,151,2,Black,RAL 9005,#111111
81,37,35,150,2,Black,RAL 9005,#111111
81,37,36,149,2,Black,RAL 9005,#111111
81,37,37,148,2,Black,RAL 9005,#111111
81,37,38,147,2,Black,RAL 9005,#111111
81,37,39,146,2,Black,RAL 9005,#111111
81,37,40,145,2,Black,RAL 9005,#111111
81,37,41,144,2,Black,RAL 9005,#111111
81,37,42,143,2,Black,RAL 9005,#111111
81,37,43,142,2,Black,RAL 9005,#111111
81,37,44,141,2,Black,RAL 9005,#111111
81,37,45,140,2,Black,RAL 9005,#111111
81,37,46,139,2,Black,RAL 9005,#111111
81,37,47,138,2,Black,RAL 9005,#111111
81,37,48,137,2,Black,RAL 9005,#111111
81,37,49,136,2,Black,RAL 9005,#111111
81,37,50,135,2,Black,RAL 9005,#111111
81,37,51,134,2,Black,RAL 9005,#111111
81,37,52,133,2,Black,RAL 9005,#111111
81,37,53,132,2,Black,RAL 9005,#111111
81,37,54,131,2,Black,RAL 9005,#111111
81,37,55,130,2,Black,RAL 9005,#111111
81,37,56,129,2,Black,RAL 9005,#111111
81,37,57,128,2,Black,RAL 9005,#111111
81,37,58,127,2,Black,RAL 9005,#111111
81,37,59,126,2,Black,RAL 9005,#111111
81,37,60,125,2,Black,RAL 9005,#111111
81,37,61,124,2,Black,RAL 9005,#111111
81,37,62,123,2,Black,RAL 9005,#111111
81,37,63,122,2,Black,RAL 9005,#111111
81,37,64,121,2,Black,RAL 9005,#111111
81,37,65,120,2,Black,RAL 9005,#111111
81,37,66,119,2,Black,RAL 9005,#111111
81,37,67,118,2,Black,RAL 9005,#111111
81,37,68,117,8,Gray,RAL 7040,#8E98A3
81,37,69,116,8,Gray,RAL 7040,#8E98A3
81,37,70,115,8,Gray,RAL 7040,#8E98A3
81,37,71,114,8,Gray,RAL 7040,#8E98A3
81,37,72,113,8,Gray,RAL 7040,#8E98A3
81,37,73,112,8,Gray,RAL 7040,#8E98A3
81,37,74,111,8,Gray,RAL 7040,#8E98A3
81,37,75,110,8,Gray,RAL 7040,#8E98A3
81,37,76,109,8,Gray,RAL 7040,#8E98A3
81,37,77,108,8,Gray,RAL 7040,#8E98A3
81,37,78,107,2,Black,RAL 9005,#111111
81,37,79,106,2,Black,RAL 9005,#111111
81,37,80,105,2,Black,RAL 9005,#111111
81,37,81,104,2,Black,RAL 9005,#111111
81,37,82,103,2,Black,RAL 9005,#111111
81,37,83,102,2,Black,RAL 9005,#111111
81,37,84,101,2,Black,RAL 9005,#111111
81,37,85,100,2,Black,RAL 9005,#111111
81,37,86,99,2,Black,RAL 9005,#111111
81,37,87,98,2,Black,RAL 9005,#111111
81,37,88,97,2,Black,RAL 9005,#111111
81,37,89,96,2,Black,RAL 9005,#111111
81,37,90,95,2,Black,RAL 9005,#111111
81,37,91,94,2,Black,RAL 9005,#111111
81,37,92,93,2,Black,RAL 9005,#111111
81,37,93,92,2,Black,RAL 9005,#111111
81,37,94,91,2,Black,RAL 9005,#111111
81,37,95,90,2,Black,RAL 9005,#111111
81,37,96,89,2,Black,RAL 9005,#111111
81,37,97,88,2,Black,RAL 9005,#111111
81,37,98,87,2,Black,RAL 9005,#111111
81,37,99,86,2,Black,RAL 9005,#111111
81,37,100,85,2,Black,RAL 9005,#111111
81,37,101,84,2,Black,RAL 9005,#111111
81,37,102,83,2,Black,RAL 9005,#111111
81,37,103,82,2,Black,RAL 9005,#111111
81,37,104,81,2,Black,RAL 9005,#111111
81,37,105,80,2,Black,RAL 9005,#111111
81,37,106,79,2,Black,RAL 9005,#111111
81,37,107,78,2,Black,RAL 9005,#111111
81,37,108,77,2,Black,RAL 9005,#111111
81,37,109,76,2,Black,RAL 9005,#111111
81,37,110,75,2,Black,RAL 9005,#111111
81,37,111,74,2,Black,RAL 9005,#111111
81,37,112,73,2,Black,RAL 9005,#111111
81,37,113,72,2,Black,RAL 9005,#111111
81,37,114,71,2,Black,RAL 9005,#111111
81,37,115,70,2,Black,RAL 9005,#111111
81,37,116,69,8,Gray,RAL 7040,#8E98A3
81,37,117,68,8,Gray,RAL 7040,#8E98A3
81,37,118,67,8,Gray,RAL 7040,#8E98A3
81,37,119,66,8,Gray,RAL 7040,#8E98A3
81,37,120,65,8,Gray,RAL 7040,#8E98A3
81,37,121,64,2,Black,RAL 9005,#111111
81,37,122,63,2,Black,RAL 9005,#111111
81,37,123,62,2,Black,RAL 9005,#111111
81,37,124,61,2,Black,RAL 9005,#111111
81,37,125,60,2,Black,RAL 9005,#111111
81,37,126,59,2,Black,RAL 9005,#111111
81,37,127,58,2,Black,RAL 9005,#111111
81,37,128,57,2,Black,RAL 9005,#111111
81,37,129,56,8,Gray,RAL 7040,#8E98A3
81,37,130,55,8,Gray,RAL 7040,#8E98A3
81,37,131,54,8,Gray,RAL 7040,#8E98A3
81,37,132,53,8,Gray,RAL 7040,#8E98A3
81,37,133,52,8,Gray,RAL 7040,#8E98A3
81,37,134,51,8,Gray,RAL 7040,#8E98A3
81,37,135,50,8,Gray,RAL 7040,#8E98A3
81,37,136,49,8,Gray,RAL 7040,#8E98A3
81,37,137,48,8,Gray,RAL 7040,#8E98A3
81,37,138,47,8,Gray,RAL 7040,#8E98A3
81,37,139,46,8,Gray,RAL 7040,#8E98A3
81,37,140,45,8,Gray,RAL 7040,#8E98A3
81,37,141,44,8,Gray,RAL 7040,#8E98A3
81,37,142,43,8,Gray,RAL 7040,#8E98A3
81,37,143,42,8,Gray,RAL 7040,#8E98A3
81,37,144,41,8,Gray,RAL 7040,#8E98A3
81,37,145,40,8,Gray,RAL 7040,#8E98A3
81,37,146,39,8,Gray,RAL 7040,#8E98A3
81,37,147,38,8,Gray,RAL 7040,#8E98A3
81,37,148,37,8,Gray,RAL 7040,#8E98A3
81,37,149,36,8,Gray,RAL 7040,#8E98A3
81,37,150,35,8,Gray,RAL 7040,#8E98A3
81,37,151,34,8,Gray,RAL 7040,#8E98A3
81,37,152,33,8,Gray,RAL 7040,#8E98A3
81,37,153,32,8,Gray,RAL 7040,#8E98A3
81,37,154,31,8,Gray,RAL 7040,#8E98A3
81,37,155,30,8,Gray,RAL 7040,#8E98A3
81,37,156,29,8,Gray,RAL 7040,#8E98A3
81,37,157,28,8,Gray,RAL 7040,#8E98A3
81,37,158,27,8,Gray,RAL 7040,#8E98A3
81,37,159,26,8,Gray,RAL 7040,#8E98A3
81,37,160,25,8,Gray,RAL 7040,#8E98A3
81,37,161,24,8,Gray,RAL 7040,#8E98A3
81,37,162,23,8,Gray,RAL 7040,#8E98A3
81,37,163,22,8,Gray,RAL 7040,#8E98A3
81,37,164,21,8,Gray,RAL 7040,#8E98A3
81,37,165,20,8,Gray,RAL 7040,#8E98A3
81,37,166,19,8,Gray,RAL 7040,#8E98A3
81,37,167,18,8,Gray,RAL 7040,#8E98A3
81,37,168,17,8,Gray,RAL 7040,#8E98A3
81,37,169,16,8,Gray,RAL 7040,#8E98A3
81,37,170,15,8,Gray,RAL 7040,#8E98A3
81,37,171,14,8,Gray,RAL 7040,#8E98A3
81,37,172,13,8,Gray,RAL 7040,#8E98A3
81,37,173,12,8,Gray,RAL 7040,#8E98A3
81,37,174,11,8,Gray,RAL 7040,#8E98A3
81,37,175,10,8,Gray,RAL 7040,#8E98A3
81,37,176,9,8,Gray,RAL 7040,#8E98A3
81,37,177,8,8,Gray,RAL 7040,#8E98A3
81,37,178,7,8,Gray,RAL 7040,#8E98A3
81,37,179,6,8,Gray,RAL 7040,#8E98A3
81,37,180,5,8,Gray,RAL 7040,#8E98A3
81,37,181,4,8,Gray,RAL 7040,#8E98A3
81,37,182,3,8,Gray,RAL 7040,#8E98A3
81,37,183,2,6,Green,RAL 6018,#2CA36A
81,37,184,1,6,Green,RAL 6018,#2CA36A
82,36,1,184,2,Black,RAL 9005,#111111
82,36,2,183,2,Black,RAL 9005,#111111
82,36,3,182,2,Black,RAL 9005,#111111
82,36,4,181,2,Black,RAL 9005,#111111
82,36,5,180,2,Black,RAL 9005,#111111
82,36,6,179,2,Black,RAL 9005,#111111
82,36,7,178,2,Black,RAL 9005,#111111
82,36,8,177,2,Black,RAL 9005,#111111
82,36,9,176,2,Black,RAL 9005,#111111
82,36,10,175,2,Black,RAL 9005,#111111
82,36,11,174,2,Black,RAL 9005,#111111
82,36,12,173,2,Black,RAL 9005,#111111
82,36,13,172,2,Black,RAL 9005,#111111
82,36,14,171,2,Black,RAL 9005,#111111
82,36,15,170,2,Black,RAL 9005,#111111
82,36,16,169,2,Black,RAL 9005,#111111
82,36,17,168,2,Black,RAL 9005,#111111
82,36,18,167,2,Black,RAL 9005,#111111
82,36,19,166,2,Black,RAL 9005,#111111
82,36,20,165,2,Black,RAL 9005,#111111
82,36,21,164,2,Black,RAL 9005,#111111
82,36,22,163,2,Black,RAL 9005,#111111
82,36,23,162,2,Black,RAL 9005,#111111
82,36,24,161,2,Black,RAL 9005,#111111
82,36,25,160,2,Black,RAL 9005,#111111
82,36,26,159,2,Black,RAL 9005,#111111
82,36,27,158,2,Black,RAL 9005,#111111
82,36,28,157,2,Black,RAL 9005,#111111
82,36,29,156,2,Black,RAL 9005,#111111
82,36,30,155,2,Black,RAL 9005,#111111
82,36,31,154,2,Black,RAL 9005,#111111
82,36,32,153,2,Black,RAL 9005,#111111
82,36,33,152,2,Black,RAL 9005,#111111
82,36,34,151,2,Black,RAL 9005,#111111
82,36,35,150,2,Black,RAL 9005,#111111
82,36,36,149,2,Black,RAL 9005,#111111
82,36,37,148,2,Black,RAL 9005,#111111
82,36,38,147,2,Black,RAL 9005,#111111
82,36,39,146,2,Black,RAL 9005,#111111
82,36,40,145,2,Black,RAL 9005,#111111
82,36,41,144,2,Black,RAL 9005,#111111
82,36,42,143,2,Black,RAL 9005,#111111
82,36,43,142,2,Black,RAL 9005,#111111
82,36,44,141,2,Black,RAL 9005,#111111
82,36,45,140,2,Black,RAL 9005,#111111
82,36,46,139,2,Black,RAL 9005,#111111
82,36,47,138,2,Black,RAL 9005,#111111
82,36,48,137,2,Black,RAL 9005,#111111
82,36,49,136,2,Black,RAL 9005,#111111
82,36,50,135,2,Black,RAL 9005,#111111
82,36,51,134,2,Black,RAL 9005,#111111
82,36,52,133,2,Black,RAL 9005,#111111
82,36,53,132,2,Black,RAL 9005,#111111
82,36,54,131,2,Black,RAL 9005,#111111
82,36,55,130,2,Black,RAL 9005,#111111
82,36,56,129,2,Black,RAL 9005,#111111
82,36,57,128,2,Black,RAL 9005,#111111
82,36,58,127,2,Black,RAL 9005,#111111
82,36,59,126,2,Black,RAL 9005,#111111
82,36,60,125,2,Black,RAL 9005,#111111
82,36,61,124,2,Black,RAL 9005,#111111
82,36,62,123,2,Black,RAL 9005,#111111
82,36,63,122,2,Black,RAL 9005,#111111
82,36,64,121,2,Black,RAL 9005,#111111
82,36,65,120,2,Black,RAL 9005,#111111
82,36,66,119,2,Black,RAL 9005,#111111
82,36,67,118,2,Black,RAL 9005,#111111
82,36,68,117,2,Black,RAL 9005,#111111
82,36,69,116,2,Black,RAL 9005,#111111
82,36,70,115,2,Black,RAL 9005,#111111
82,36,71,114,2,Black,RAL 9005,#111111
82,36,72,113,8,Gray,RAL 7040,#8E98A3
82,36,73,112,8,Gray,RAL 7040,#8E98A3
82,36,74,111,2,Black,RAL 9005,#111111
82,36,75,110,2,Black,RAL 9005,#111111
82,36,76,109,2,Black,RAL 9005,#111111
82,36,77,108,2,Black,RAL 9005,#111111
82,36,78,107,2,Black,RAL 9005,#111111
82,36,79,106,2,Black,RAL 9005,#111111
82,36,80,105,2,Black,RAL 9005,#111111
82,36,81,104,2,Black,RAL 9005,#111111
82,36,82,103,2,Black,RAL 9005,#111111
82,36,83,102,2,Black,RAL 9005,#111111
82,36,84,101,2,Black,RAL 9005,#111111
82,36,85,100,2,Black,RAL 9005,#111111
82,36,86,99,2,Black,RAL 9005,#111111
82,36,87,98,2,Black,RAL 9005,#111111
82,36,88,97,2,Black,RAL 9005,#111111
82,36,89,96,2,Black,RAL 9005,#111111
82,36,90,95,2,Black,RAL 9005,#111111
82,36,91,94,2,Black,RAL 9005,#111111
82,36,92,93,2,Black,RAL 9005,#111111
82,36,93,92,2,Black,RAL 9005,#111111
82,36,94,91,2,Black,RAL 9005,#111111
82,36,95,90,2,Black,RAL 9005,#111111
82,36,96,89,2,Black,RAL 9005,#111111
82,36,97,88,2,Black,RAL 9005,#111111
82,36,98,87,2,Black,RAL 9005,#111111
82,36,99,86,2,Black,RAL 9005,#111111
82,36,100,85,2,Black,RAL 9005,#111111
82,36,101,84,2,Black,RAL 9005,#111111
82,36,102,83,2,Black,RAL 9005,#111111
82,36,103,82,2,Black,RAL 9005,#111111
82,36,104,81,2,Black,RAL 9005,#111111
82,36,105,80,2,Black,RAL 9005,#111111
82,36,106,79,2,Black,RAL 9005,#111111
82,36,107,78,2,Black,RAL 9005,#111111
82,36,108,77,2,Black,RAL 9005,#111111
82,36,109,76,2,Black,RAL 9005,#111111
82,36,110,75,2,Black,RAL 9005,#111111
82,36,111,74,2,Black,RAL 9005,#111111
82,36,112,73,2,Black,RAL 9005,#111111
82,36,113,72,2,Black,RAL 9005,#111111
82,36,114,71,2,Black,RAL 9005,#111111
82,36,115,70,2,Black,RAL 9005,#111111
82,36,116,69,2,Black,RAL 9005,#111111
82,36,117,68,2,Black,RAL 9005,#111111
82,36,118,67,2,Black,RAL 9005,#111111
82,36,119,66,2,Black,RAL 9005,#111111
82,36,120,65,2,Black,RAL 9005,#111111
82,36,121,64,2,Black,RAL 9005,#111111
82,36,122,63,2,Black,RAL 9005,#111111
82,36,123,62,2,Black,RAL 9005,#111111
82,36,124,61,2,Black,RAL 9005,#111111
82,36,125,60,2,Black,RAL 9005,#111111
82,36,126,59,2,Black,RAL 9005,#111111
82,36,127,58,2,Black,RAL 9005,#111111
82,36,128,57,2,Black,RAL 9005,#111111
82,36,129,56,2,Black,RAL 9005,#111111
82,36,130,55,8,Gray,RAL 7040,#8E98A3
82,36,131,54,8,Gray,RAL 7040,#8E98A3
82,36,132,53,8,Gray,RAL 7040,#8E98A3
82,36,133,52,8,Gray,RAL 7040,#8E98A3
82,36,134,51,8,Gray,RAL 7040,#8E98A3
82,36,135,50,8,Gray,RAL 7040,#8E98A3
82,36,136,49,8,Gray,RAL 7040,#8E98A3
82,36,137,48,8,Gray,RAL 7040,#8E98A3
82,36,138,47,8,Gray,RAL 7040,#8E98A3
82,36,139,46,8,Gray,RAL 7040,#8E98A3
82,36,140,45,8,Gray,RAL 7040,#8E98A3
82,36,141,44,8,Gray,RAL 7040,#8E98A3
82,36,142,43,8,Gray,RAL 7040,#8E98A3
82,36,143,42,8,Gray,RAL 7040,#8E98A3
82,36,144,41,8,Gray,RAL 7040,#8E98A3
82,36,145,40,8,Gray,RAL 7040,#8E98A3
82,36,146,39,8,Gray,RAL 7040,#8E98A3
82,36,147,38,8,Gray,RAL 7040,#8E98A3
82,36,148,37,8,Gray,RAL 7040,#8E98A3
82,36,149,36,8,Gray,RAL 7040,#8E98A3
82,36,150,35,8,Gray,RAL 7040,#8E98A3
82,36,151,34,8,Gray,RAL 7040,#8E98A3
82,36,152,33,8,Gray,RAL 7040,#8E98A3
82,36,153,32,8,Gray,RAL 7040,#8E98A3
82,36,154,31,8,Gray,RAL 7040,#8E98A3
82,36,155,30,8,Gray,RAL 7040,#8E98A3
82,36,156,29,8,Gray,RAL 7040,#8E98A3
82,36,157,28,8,Gray,RAL 7040,#8E98A3
82,36,158,27,8,Gray,RAL 7040,#8E98A3
82,36,159,26,8,Gray,RAL 7040,#8E98A3
82,36,160,25,8,Gray,RAL 7040,#8E98A3
82,36,161,24,8,Gray,RAL 7040,#8E98A3
82,36,162,23,8,Gray,RAL 7040,#8E98A3
82,36,163,22,8,Gray,RAL 7040,#8E98A3
82,36,164,21,8,Gray,RAL 7040,#8E98A3
82,36,165,20,8,Gray,RAL 7040,#8E98A3
82,36,166,19,8,Gray,RAL 7040,#8E98A3
82,36,167,18,8,Gray,RAL 7040,#8E98A3
82,36,168,17,8,Gray,RAL 7040,#8E98A3
82,36,169,16,8,Gray,RAL 7040,#8E98A3
82,36,170,15,8,Gray,RAL 7040,#8E98A3
82,36,171,14,8,Gray,RAL 7040,#8E98A3
82,36,172,13,8,Gray,RAL 7040,#8E98A3
82,36,173,12,8,Gray,RAL 7040,#8E98A3
82,36,174,11,8,Gray,RAL 7040,#8E98A3
82,36,175,10,8,Gray,RAL 7040,#8E98A3
82,36,176,9,8,Gray,RAL 7040,#8E98A3
82,36,177,8,8,Gray,RAL 7040,#8E98A3
82,36,178,7,8,Gray,RAL 7040,#8E98A3
82,36,179,6,8,Gray,RAL 7040,#8E98A3
82,36,180,5,8,Gray,RAL 7040,#8E98A3
82,36,181,4,8,Gray,RAL 7040,#8E98A3
82,36,182,3,6,Green,RAL 6018,#2CA36A
82,36,183,2,6,Green,RAL 6018,#2CA36A
82,36,184,1,6,Green,RAL 6018,#2CA36A
83,35,1,184,2,Black,RAL 9005,#111111
83,35,2,183,2,Black,RAL 9005,#111111
83,35,3,182,2,Black,RAL 9005,#111111
83,35,4,181,2,Black,RAL 9005,#111111
83,35,5,180,2,Black,RAL 9005,#111111
83,35,6,179,2,Black,RAL 9005,#111111
83,35,7,178,2,Black,RAL 9005,#111111
83,35,8,177,2,Black,RAL 9005,#111111
83,35,9,176,2,Black,RAL 9005,#111111
83,35,10,175,2,Black,RAL 9005,#111111
83,35,11,174,2,Black,RAL 9005,#111111
83,35,12,173,2,Black,RAL 9005,#111111
83,35,13,172,2,Black,RAL 9005,#111111
83,35,14,171,2,Black,RAL 9005,#111111
83,35,15,170,2,Black,RAL 9005,#111111
83,35,16,169,2,Black,RAL 9005,#111111
83,35,17,168,2,Black,RAL 9005,#111111
83,35,18,167,2,Black,RAL 9005,#111111
83,35,19,166,2,Black,RAL 9005,#111111
83,35,20,165,2,Black,RAL 9005,#111111
83,35,21,164,2,Black,RAL 9005,#111111
83,35,22,163,2,Black,RAL 9005,#111111
83,35,23,162,2,Black,RAL 9005,#111111
83,35,24,161,2,Black,RAL 9005,#111111
83,35,25,160,2,Black,RAL 9005,#111111
83,35,26,159,2,Black,RAL 9005,#111111
83,35,27,158,2,Black,RAL 9005,#111111
83,35,28,157,2,Black,RAL 9005,#111111
83,35,29,156,2,Black,RAL 9005,#111111
83,35,30,155,2,Black,RAL 9005,#111111
83,35,31,154,2,Black,RAL 9005,#111111
83,35,32,153,2,Black,RAL 9005,#111111
83,35,33,152,2,Black,RAL 9005,#111111
83,35,34,151,2,Black,RAL 9005,#111111
83,35,35,150,2,Black,RAL 9005,#111111
83,35,36,149,2,Black,RAL 9005,#111111
83,35,37,148,2,Black,RAL 9005,#111111
83,35,38,147,2,Black,RAL 9005,#111111
83,35,39,146,2,Black,RAL 9005,#111111
83,35,40,145,2,Black,RAL 9005,#111111
83,35,41,144,2,Black,RAL 9005,#111111
83,35,42,143,2,Black,RAL 9005,#111111
83,35,43,142,2,Black,RAL 9005,#111111
83,35,44,141,2,Black,RAL 9005,#111111
83,35,45,140,2,Black,RAL 9005,#111111
83,35,46,139,2,Black,RAL 9005,#111111
83,35,47,138,2,Black,RAL 9005,#111111
83,35,48,137,2,Black,RAL 9005,#111111
83,35,49,136,2,Black,RAL 9005,#111111
83,35,50,135,2,Black,RAL 9005,#111111
83,35,51,134,2,Black,RAL 9005,#111111
83,35,52,133,2,Black,RAL 9005,#111111
83,35,53,132,2,Black,RAL 9005,#111111
83,35,54,131,2,Black,RAL 9005,#111111
83,35,55,130,2,Black,RAL 9005,#111111
83,35,56,129,2,Black,RAL 9005,#111111
83,35,57,128,2,Black,RAL 9005,#111111
83,35,58,127,2,Black,RAL 9005,#111111
83,35,59,126,2,Black,RAL 9005,#111111
83,35,60,125,2,Black,RAL 9005,#111111
83,35,61,124,2,Black,RAL 9005,#111111
83,35,62,123,2,Black,RAL 9005,#111111
83,35,63,122,2,Black,RAL 9005,#111111
83,35,64,121,2,Black,RAL 9005,#111111
83,35,65,120,2,Black,RAL 9005,#111111
83,35,66,119,2,Black,RAL 9005,#111111
83,35,67,118,2,Black,RAL 9005,#111111
83,35,68,117,2,Black,RAL 9005,#111111
83,35,69,116,2,Black,RAL 9005,#111111
83,35,70,115,2,Black,RAL 9005,#111111
83,35,71,114,2,Black,RAL 9005,#111111
83,35,72,113,2,Black,RAL 9005,#111111
83,35,73,112,2,Black,RAL 9005,#111111
83,35,74,111,2,Black,RAL 9005,#111111
83,35,75,110,2,Black,RAL 9005,#111111
83,35,76,109,2,Black,RAL 9005,#111111
83,35,77,108,2,Black,RAL 9005,#111111
83,35,78,107,2,Black,RAL 9005,#111111
83,35,79,106,2,Black,RAL 9005,#111111
83,35,80,105,2,Black,RAL 9005,#111111
83,35,81,104,2,Black,RAL 9005,#111111
83,35,82,103,2,Black,RAL 9005,#111111
83,35,83,102,2,Black,RAL 9005,#111111
83,35,84,101,2,Black,RAL 9005,#111111
83,35,85,100,2,Black,RAL 9005,#111111
83,35,86,99,2,Black,RAL 9005,#111111
83,35,87,98,2,Black,RAL 9005,#111111
83,35,88,97,2,Black,RAL 9005,#111111
83,35,89,96,2,Black,RAL 9005,#111111
83,35,90,95,2,Black,RAL 9005,#111111
83,35,91,94,2,Black,RAL 9005,#111111
83,35,92,93,2,Black,RAL 9005,#111111
83,35,93,92,2,Black,RAL 9005,#111111
83,35,94,91,2,Black,RAL 9005,#111111
83,35,95,90,2,Black,RAL 9005,#111111
83,35,96,89,2,Black,RAL 9005,#111111
83,35,97,88,2,Black,RAL 9005,#111111
83,35,98,87,2,Black,RAL 9005,#111111
83,35,99,86,2,Black,RAL 9005,#111111
83,35,100,85,2,Black,RAL 9005,#111111
83,35,101,84,2,Black,RAL 9005,#111111
83,35,102,83,2,Black,RAL 9005,#111111
83,35,103,82,2,Black,RAL 9005,#111111
83,35,104,81,2,Black,RAL 9005,#111111
83,35,105,80,2,Black,RAL 9005,#111111
83,35,106,79,2,Black,RAL 9005,#111111
83,35,107,78,2,Black,RAL 9005,#111111
83,35,108,77,2,Black,RAL 9005,#111111
83,35,109,76,2,Black,RAL 9005,#111111
83,35,110,75,2,Black,RAL 9005,#111111
83,35,111,74,2,Black,RAL 9005,#111111
83,35,112,73,2,Black,RAL 9005,#111111
83,35,113,72,2,Black,RAL 9005,#111111
83,35,114,71,2,Black,RAL 9005,#111111
83,35,115,70,2,Black,RAL 9005,#111111
83,35,116,69,2,Black,RAL 9005,#111111
83,35,117,68,2,Black,RAL 9005,#111111
83,35,118,67,2,Black,RAL 9005,#111111
83,35,119,66,2,Black,RAL 9005,#111111
83,35,120,65,2,Black,RAL 9005,#111111
83,35,121,64,2,Black,RAL 9005,#111111
83,35,122,63,2,Black,RAL 9005,#111111
83,35,123,62,2,Black,RAL 9005,#111111
83,35,124,61,2,Black,RAL 9005,#111111
83,35,125,60,2,Black,RAL 9005,#111111
83,35,126,59,2,Black,RAL 9005,#111111
83,35,127,58,2,Black,RAL 9005,#111111
83,35,128,57,2,Black,RAL 9005,#111111
83,35,129,56,8,Gray,RAL 7040,#8E98A3
83,35,130,55,8,Gray,RAL 7040,#8E98A3
83,35,131,54,8,Gray,RAL 7040,#8E98A3
83,35,132,53,8,Gray,RAL 7040,#8E98A3
83,35,133,52,8,Gray,RAL 7040,#8E98A3
83,35,134,51,8,Gray,RAL 7040,#8E98A3
83,35,135,50,8,Gray,RAL 7040,#8E98A3
83,35,136,49,8,Gray,RAL 7040,#8E98A3
83,35,137,48,8,Gray,RAL 7040,#8E98A3
83,35,138,47,8,Gray,RAL 7040,#8E98A3
83,35,139,46,8,Gray,RAL 7040,#8E98A3
83,35,140,45,8,Gray,RAL 7040,#8E98A3
83,35,141,44,8,Gray,RAL 7040,#8E98A3
83,35,142,43,8,Gray,RAL 7040,#8E98A3
83,35,143,42,8,Gray,RAL 7040,#8E98A3
83,35,144,41,8,Gray,RAL 7040,#8E98A3
83,35,145,40,8,Gray,RAL 7040,#8E98A3
83,35,146,39,8,Gray,RAL 7040,#8E98A3
83,35,147,38,8,Gray,RAL 7040,#8E98A3
83,35,148,37,8,Gray,RAL 7040,#8E98A3
83,35,149,36,8,Gray,RAL 7040,#8E98A3
83,35,150,35,8,Gray,RAL 7040,#8E98A3
83,35,151,34,8,Gray,RAL 7040,#8E98A3
83,35,152,33,8,Gray,RAL 7040,#8E98A3
83,35,153,32,8,Gray,RAL 7040,#8E98A3
83,35,154,31,8,Gray,RAL 7040,#8E98A3
83,35,155,30,8,Gray,RAL 7040,#8E98A3
83,35,156,29,8,Gray,RAL 7040,#8E98A3
83,35,157,28,8,Gray,RAL 7040,#8E98A3
83,35,158,27,8,Gray,RAL 7040,#8E98A3
83,35,159,26,8,Gray,RAL 7040,#8E98A3
83,35,160,25,8,Gray,RAL 7040,#8E98A3
83,35,161,24,8,Gray,RAL 7040,#8E98A3
83,35,162,23,8,Gray,RAL 7040,#8E98A3
83,35,163,22,8,Gray,RAL 7040,#8E98A3
83,35,164,21,8,Gray,RAL 7040,#8E98A3
83,35,165,20,8,Gray,RAL 7040,#8E98A3
83,35,166,19,8,Gray,RAL 7040,#8E98A3
83,35,167,18,8,Gray,RAL 7040,#8E98A3
83,35,168,17,8,Gray,RAL 7040,#8E98A3
83,35,169,16,8,Gray,RAL 7040,#8E98A3
83,35,170,15,8,Gray,RAL 7040,#8E98A3
83,35,171,14,8,Gray,RAL 7040,#8E98A3
83,35,172,13,8,Gray,RAL 7040,#8E98A3
83,35,173,12,8,Gray,RAL 7040,#8E98A3
83,35,174,11,8,Gray,RAL 7040,#8E98A3
83,35,175,10,6,Green,RAL 6018,#2CA36A
83,35,176,9,8,Gray,RAL 7040,#8E98A3
83,35,177,8,8,Gray,RAL 7040,#8E98A3
83,35,178,7,8,Gray,RAL 7040,#8E98A3
83,35,179,6,8,Gray,RAL 7040,#8E98A3
83,35,180,5,8,Gray,RAL 7040,#8E98A3
83,35,181,4,6,Green,RAL 6018,#2CA36A
83,35,182,3,6,Green,RAL 6018,#2CA36A
83,35,183,2,6,Green,RAL 6018,#2CA36A
83,35,184,1,6,Green,RAL 6018,#2CA36A
84,34,1,184,2,Black,RAL 9005,#111111
84,34,2,183,2,Black,RAL 9005,#111111
84,34,3,182,2,Black,RAL 9005,#111111
84,34,4,181,2,Black,RAL 9005,#111111
84,34,5,180,2,Black,RAL 9005,#111111
84,34,6,179,2,Black,RAL 9005,#111111
84,34,7,178,2,Black,RAL 9005,#111111
84,34,8,177,2,Black,RAL 9005,#111111
84,34,9,176,2,Black,RAL 9005,#111111
84,34,10,175,2,Black,RAL 9005,#111111
84,34,11,174,2,Black,RAL 9005,#111111
84,34,12,173,2,Black,RAL 9005,#111111
84,34,13,172,2,Black,RAL 9005,#111111
84,34,14,171,2,Black,RAL 9005,#111111
84,34,15,170,2,Black,RAL 9005,#111111
84,34,16,169,2,Black,RAL 9005,#111111
84,34,17,168,2,Black,RAL 9005,#111111
84,34,18,167,2,Black,RAL 9005,#111111
84,34,19,166,2,Black,RAL 9005,#111111
84,34,20,165,2,Black,RAL 9005,#111111
84,34,21,164,2,Black,RAL 9005,#111111
84,34,22,163,2,Black,RAL 9005,#111111
84,34,23,162,2,Black,RAL 9005,#111111
84,34,24,161,2,Black,RAL 9005,#111111
84,34,25,160,2,Black,RAL 9005,#111111
84,34,26,159,2,Black,RAL 9005,#111111
84,34,27,158,2,Black,RAL 9005,#111111
84,34,28,157,2,Black,RAL 9005,#111111
84,34,29,156,2,Black,RAL 9005,#111111
84,34,30,155,2,Black,RAL 9005,#111111
84,34,31,154,2,Black,RAL 9005,#111111
84,34,32,153,2,Black,RAL 9005,#111111
84,34,33,152,2,Black,RAL 9005,#111111
84,34,34,151,2,Black,RAL 9005,#111111
84,34,35,150,2,Black,RAL 9005,#111111
84,34,36,149,2,Black,RAL 9005,#111111
84,34,37,148,2,Black,RAL 9005,#111111
84,34,38,147,2,Black,RAL 9005,#111111
84,34,39,146,2,Black,RAL 9005,#111111
84,34,40,145,2,Black,RAL 9005,#111111
84,34,41,144,2,Black,RAL 9005,#111111
84,34,42,143,2,Black,RAL 9005,#111111
84,34,43,142,2,Black,RAL 9005,#111111
84,34,44,141,2,Black,RAL 9005,#111111
84,34,45,140,2,Black,RAL 9005,#111111
84,34,46,139,2,Black,RAL 9005,#111111
84,34,47,138,2,Black,RAL 9005,#111111
84,34,48,137,2,Black,RAL 9005,#111111
84,34,49,136,2,Black,RAL 9005,#111111
84,34,50,135,2,Black,RAL 9005,#111111
84,34,51,134,2,Black,RAL 9005,#111111
84,34,52,133,2,Black,RAL 9005,#111111
84,34,53,132,2,Black,RAL 9005,#111111
84,34,54,131,2,Black,RAL 9005,#111111
84,34,55,130,2,Black,RAL 9005,#111111
84,34,56,129,2,Black,RAL 9005,#111111
84,34,57,128,2,Black,RAL 9005,#111111
84,34,58,127,2,Black,RAL 9005,#111111
84,34,59,126,2,Black,RAL 9005,#111111
84,34,60,125,2,Black,RAL 9005,#111111
84,34,61,124,2,Black,RAL 9005,#111111
84,34,62,123,2,Black,RAL 9005,#111111
84,34,63,122,2,Black,RAL 9005,#111111
84,34,64,121,2,Black,RAL 9005,#111111
84,34,65,120,2,Black,RAL 9005,#111111
84,34,66,119,2,Black,RAL 9005,#111111
84,34,67,118,2,Black,RAL 9005,#111111
84,34,68,117,2,Black,RAL 9005,#111111
84,34,69,116,2,Black,RAL 9005,#111111
84,34,70,115,2,Black,RAL 9005,#111111
84,34,71,114,2,Black,RAL 9005,#111111
84,34,72,113,2,Black,RAL 9005,#111111
84,34,73,112,2,Black,RAL 9005,#111111
84,34,74,111,2,Black,RAL 9005,#111111
84,34,75,110,2,Black,RAL 9005,#111111
84,34,76,109,2,Black,RAL 9005,#111111
84,34,77,108,2,Black,RAL 9005,#111111
84,34,78,107,2,Black,RAL 9005,#111111
84,34,79,106,2,Black,RAL 9005,#111111
84,34,80,105,2,Black,RAL 9005,#111111
84,34,81,104,2,Black,RAL 9005,#111111
84,34,82,103,2,Black,RAL 9005,#111111
84,34,83,102,2,Black,RAL 9005,#111111
84,34,84,101,2,Black,RAL 9005,#111111
84,34,85,100,2,Black,RAL 9005,#111111
84,34,86,99,2,Black,RAL 9005,#111111
84,34,87,98,2,Black,RAL 9005,#111111
84,34,88,97,2,Black,RAL 9005,#111111
84,34,89,96,2,Black,RAL 9005,#111111
84,34,90,95,2,Black,RAL 9005,#111111
84,34,91,94,2,Black,RAL 9005,#111111
84,34,92,93,2,Black,RAL 9005,#111111
84,34,93,92,2,Black,RAL 9005,#111111
84,34,94,91,2,Black,RAL 9005,#111111
84,34,95,90,2,Black,RAL 9005,#111111
84,34,96,89,2,Black,RAL 9005,#111111
84,34,97,88,2,Black,RAL 9005,#111111
84,34,98,87,2,Black,RAL 9005,#111111
84,34,99,86,2,Black,RAL 9005,#111111
84,34,100,85,2,Black,RAL 9005,#111111
84,34,101,84,2,Black,RAL 9005,#111111
84,34,102,83,2,Black,RAL 9005,#111111
84,34,103,82,2,Black,RAL 9005,#111111
84,34,104,81,2,Black,RAL 9005,#111111
84,34,105,80,2,Black,RAL 9005,#111111
84,34,106,79,2,Black,RAL 9005,#111111
84,34,107,78,2,Black,RAL 9005,#111111
84,34,108,77,2,Black,RAL 9005,#111111
84,34,109,76,2,Black,RAL 9005,#111111
84,34,110,75,2,Black,RAL 9005,#111111
84,34,111,74,2,Black,RAL 9005,#111111
84,34,112,73,2,Black,RAL 9005,#111111
84,34,113,72,2,Black,RAL 9005,#111111
84,34,114,71,2,Black,RAL 9005,#111111
84,34,115,70,2,Black,RAL 9005,#111111
84,34,116,69,2,Black,RAL 9005,#111111
84,34,117,68,2,Black,RAL 9005,#111111
84,34,118,67,2,Black,RAL 9005,#111111
84,34,119,66,2,Black,RAL 9005,#111111
84,34,120,65,2,Black,RAL 9005,#111111
84,34,121,64,2,Black,RAL 9005,#111111
84,34,122,63,2,Black,RAL 9005,#111111
84,34,123,62,2,Black,RAL 9005,#111111
84,34,124,61,2,Black,RAL 9005,#111111
84,34,125,60,2,Black,RAL 9005,#111111
84,34,126,59,2,Black,RAL 9005,#111111
84,34,127,58,2,Black,RAL 9005,#111111
84,34,128,57,8,Gray,RAL 7040,#8E98A3
84,34,129,56,8,Gray,RAL 7040,#8E98A3
84,34,130,55,8,Gray,RAL 7040,#8E98A3
84,34,131,54,8,Gray,RAL 7040,#8E98A3
84,34,132,53,8,Gray,RAL 7040,#8E98A3
84,34,133,52,8,Gray,RAL 7040,#8E98A3
84,34,134,51,8,Gray,RAL 7040,#8E98A3
84,34,135,50,8,Gray,RAL 7040,#8E98A3
84,34,136,49,8,Gray,RAL 7040,#8E98A3
84,34,137,48,8,Gray,RAL 7040,#8E98A3
84,34,138,47,8,Gray,RAL 7040,#8E98A3
84,34,139,46,8,Gray,RAL 7040,#8E98A3
84,34,140,45,8,Gray,RAL 7040,#8E98A3
84,34,141,44,8,Gray,RAL 7040,#8E98A3
84,34,142,43,8,Gray,RAL 7040,#8E98A3
84,34,143,42,8,Gray,RAL 7040,#8E98A3
84,34,144,41,8,Gray,RAL 7040,#8E98A3
84,34,145,40,8,Gray,RAL 7040,#8E98A3
84,34,146,39,8,Gray,RAL 7040,#8E98A3
84,34,147,38,8,Gray,RAL 7040,#8E98A3
84,34,148,37,8,Gray,RAL 7040,#8E98A3
84,34,149,36,8,Gray,RAL 7040,#8E98A3
84,34,150,35,8,Gray,RAL 7040,#8E98A3
84,34,151,34,8,Gray,RAL 7040,#8E98A3
84,34,152,33,8,Gray,RAL 7040,#8E98A3
84,34,153,32,8,Gray,RAL 7040,#8E98A3
84,34,154,31,8,Gray,RAL 7040,#8E98A3
84,34,155,30,8,Gray,RAL 7040,#8E98A3
84,34,156,29,8,Gray,RAL 7040,#8E98A3
84,34,157,28,8,Gray,RAL 7040,#8E98A3
84,34,158,27,8,Gray,RAL 7040,#8E98A3
84,34,159,26,8,Gray,RAL 7040,#8E98A3
84,34,160,25,8,Gray,RAL 7040,#8E98A3
84,34,161,24,8,Gray,RAL 7040,#8E98A3
84,34,162,23,8,Gray,RAL 7040,#8E98A3
84,34,163,22,8,Gray,RAL 7040,#8E98A3
84,34,164,21,8,Gray,RAL 7040,#8E98A3
84,34,165,20,8,Gray,RAL 7040,#8E98A3
84,34,166,19,8,Gray,RAL 7040,#8E98A3
84,34,167,18,8,Gray,RAL 7040,#8E98A3
84,34,168,17,8,Gray,RAL 7040,#8E98A3
84,34,169,16,8,Gray,RAL 7040,#8E98A3
84,34,170,15,8,Gray,RAL 7040,#8E98A3
84,34,171,14,8,Gray,RAL 7040,#8E98A3
84,34,172,13,8,Gray,RAL 7040,#8E98A3
84,34,173,12,8,Gray,RAL 7040,#8E98A3
84,34,174,11,8,Gray,RAL 7040,#8E98A3
84,34,175,10,8,Gray,RAL 7040,#8E98A3
84,34,176,9,8,Gray,RAL 7040,#8E98A3
84,34,177,8,6,Green,RAL 6018,#2CA36A
84,34,178,7,6,Green,RAL 6018,#2CA36A
84,34,179,6,6,Green,RAL 6018,#2CA36A
84,34,180,5,8,Gray,RAL 7040,#8E98A3
84,34,181,4,8,Gray,RAL 7040,#8E98A3
84,34,182,3,6,Green,RAL 6018,#2CA36A
84,34,183,2,6,Green,RAL 6018,#2CA36A
84,34,184,1,6,Green,RAL 6018,#2CA36A
85,33,1,184,2,Black,RAL 9005,#111111
85,33,2,183,2,Black,RAL 9005,#111111
85,33,3,182,2,Black,RAL 9005,#111111
85,33,4,181,2,Black,RAL 9005,#111111
85,33,5,180,2,Black,RAL 9005,#111111
85,33,6,179,2,Black,RAL 9005,#111111
85,33,7,178,2,Black,RAL 9005,#111111
85,33,8,177,2,Black,RAL 9005,#111111
85,33,9,176,2,Black,RAL 9005,#111111
85,33,10,175,2,Black,RAL 9005,#111111
85,33,11,174,2,Black,RAL 9005,#111111
85,33,12,173,2,Black,RAL 9005,#111111
85,33,13,172,2,Black,RAL 9005,#111111
85,33,14,171,2,Black,RAL 9005,#111111
85,33,15,170,2,Black,RAL 9005,#111111
85,33,16,169,2,Black,RAL 9005,#111111
85,33,17,168,2,Black,RAL 9005,#111111
85,33,18,167,2,Black,RAL 9005,#111111
85,33,19,166,2,Black,RAL 9005,#111111
85,33,20,165,2,Black,RAL 9005,#111111
85,33,21,164,2,Black,RAL 9005,#111111
85,33,22,163,2,Black,RAL 9005,#111111
85,33,23,162,2,Black,RAL 9005,#111111
85,33,24,161,2,Black,RAL 9005,#111111
85,33,25,160,2,Black,RAL 9005,#111111
85,33,26,159,2,Black,RAL 9005,#111111
85,33,27,158,2,Black,RAL 9005,#111111
85,33,28,157,2,Black,RAL 9005,#111111
85,33,29,156,2,Black,RAL 9005,#111111
85,33,30,155,2,Black,RAL 9005,#111111
85,33,31,154,2,Black,RAL 9005,#111111
85,33,32,153,2,Black,RAL 9005,#111111
85,33,33,152,2,Black,RAL 9005,#111111
85,33,34,151,2,Black,RAL 9005,#111111
85,33,35,150,2,Black,RAL 9005,#111111
85,33,36,149,2,Black,RAL 9005,#111111
85,33,37,148,2,Black,RAL 9005,#111111
85,33,38,147,2,Black,RAL 9005,#111111
85,33,39,146,2,Black,RAL 9005,#111111
85,33,40,145,2,Black,RAL 9005,#111111
85,33,41,144,2,Black,RAL 9005,#111111
85,33,42,143,2,Black,RAL 9005,#111111
85,33,43,142,2,Black,RAL 9005,#111111
85,33,44,141,2,Black,RAL 9005,#111111
85,33,45,140,2,Black,RAL 9005,#111111
85,33,46,139,2,Black,RAL 9005,#111111
85,33,47,138,2,Black,RAL 9005,#111111
85,33,48,137,2,Black,RAL 9005,#111111
85,33,49,136,2,Black,RAL 9005,#111111
85,33,50,135,2,Black,RAL 9005,#111111
85,33,51,134,2,Black,RAL 9005,#111111
85,33,52,133,2,Black,RAL 9005,#111111
85,33,53,132,2,Black,RAL 9005,#111111
85,33,54,131,2,Black,RAL 9005,#111111
85,33,55,130,2,Black,RAL 9005,#111111
85,33,56,129,2,Black,RAL 9005,#111111
85,33,57,128,2,Black,RAL 9005,#111111
85,33,58,127,2,Black,RAL 9005,#111111
85,33,59,126,2,Black,RAL 9005,#111111
85,33,60,125,2,Black,RAL 9005,#111111
85,33,61,124,2,Black,RAL 9005,#111111
85,33,62,123,2,Black,RAL 9005,#111111
85,33,63,122,2,Black,RAL 9005,#111111
85,33,64,121,2,Black,RAL 9005,#111111
85,33,65,120,2,Black,RAL 9005,#111111
85,33,66,119,2,Black,RAL 9005,#111111
85,33,67,118,2,Black,RAL 9005,#111111
85,33,68,117,2,Black,RAL 9005,#111111
85,33,69,116,2,Black,RAL 9005,#111111
85,33,70,115,2,Black,RAL 9005,#111111
85,33,71,114,2,Black,RAL 9005,#111111
85,33,72,113,2,Black,RAL 9005,#111111
85,33,73,112,2,Black,RAL 9005,#111111
85,33,74,111,2,Black,RAL 9005,#111111
85,33,75,110,2,Black,RAL 9005,#111111
85,33,76,109,2,Black,RAL 9005,#111111
85,33,77,108,2,Black,RAL 9005,#111111
85,33,78,107,2,Black,RAL 9005,#111111
85,33,79,106,2,Black,RAL 9005,#111111
85,33,80,105,2,Black,RAL 9005,#111111
85,33,81,104,2,Black,RAL 9005,#111111
85,33,82,103,2,Black,RAL 9005,#111111
85,33,83,102,2,Black,RAL 9005,#111111
85,33,84,101,2,Black,RAL 9005,#111111
85,33,85,100,2,Black,RAL 9005,#111111
85,33,86,99,2,Black,RAL 9005,#111111
85,33,87,98,2,Black,RAL 9005,#111111
85,33,88,97,2,Black,RAL 9005,#111111
85,33,89,96,2,Black,RAL 9005,#111111
85,33,90,95,2,Black,RAL 9005,#111111
85,33,91,94,2,Black,RAL 9005,#111111
85,33,92,93,2,Black,RAL 9005,#111111
85,33,93,92,2,Black,RAL 9005,#111111
85,33,94,91,2,Black,RAL 9005,#111111
85,33,95,90,2,Black,RAL 9005,#111111
85,33,96,89,2,Black,RAL 9005,#111111
85,33,97,88,2,Black,RAL 9005,#111111
85,33,98,87,2,Black,RAL 9005,#111111
85,33,99,86,2,Black,RAL 9005,#111111
85,33,100,85,2,Black,RAL 9005,#111111
85,33,101,84,2,Black,RAL 9005,#111111
85,33,102,83,2,Black,RAL 9005,#111111
85,33,103,82,2,Black,RAL 9005,#111111
85,33,104,81,2,Black,RAL 9005,#111111
85,33,105,80,2,Black,RAL 9005,#111111
85,33,106,79,2,Black,RAL 9005,#111111
85,33,107,78,2,Black,RAL 9005,#111111
85,33,108,77,2,Black,RAL 9005,#111111
85,33,109,76,2,Black,RAL 9005,#111111
85,33,110,75,2,Black,RAL 9005,#111111
85,33,111,74,2,Black,RAL 9005,#111111
85,33,112,73,2,Black,RAL 9005,#111111
85,33,113,72,2,Black,RAL 9005,#111111
85,33,114,71,2,Black,RAL 9005,#111111
85,33,115,70,2,Black,RAL 9005,#111111
85,33,116,69,2,Black,RAL 9005,#111111
85,33,117,68,2,Black,RAL 9005,#111111
85,33,118,67,2,Black,RAL 9005,#111111
85,33,119,66,2,Black,RAL 9005,#111111
85,33,120,65,2,Black,RAL 9005,#111111
85,33,121,64,2,Black,RAL 9005,#111111
85,33,122,63,2,Black,RAL 9005,#111111
85,33,123,62,2,Black,RAL 9005,#111111
85,33,124,61,2,Black,RAL 9005,#111111
85,33,125,60,2,Black,RAL 9005,#111111
85,33,126,59,2,Black,RAL 9005,#111111
85,33,127,58,8,Gray,RAL 7040,#8E98A3
85,33,128,57,8,Gray,RAL 7040,#8E98A3
85,33,129,56,8,Gray,RAL 7040,#8E98A3
85,33,130,55,8,Gray,RAL 7040,#8E98A3
85,33,131,54,8,Gray,RAL 7040,#8E98A3
85,33,132,53,8,Gray,RAL 7040,#8E98A3
85,33,133,52,8,Gray,RAL 7040,#8E98A3
85,33,134,51,8,Gray,RAL 7040,#8E98A3
85,33,135,50,8,Gray,RAL 7040,#8E98A3
85,33,136,49,8,Gray,RAL 7040,#8E98A3
85,33,137,48,8,Gray,RAL 7040,#8E98A3
85,33,138,47,8,Gray,RAL 7040,#8E98A3
85,33,139,46,8,Gray,RAL 7040,#8E98A3
85,33,140,45,8,Gray,RAL 7040,#8E98A3
85,33,141,44,8,Gray,RAL 7040,#8E98A3
85,33,142,43,8,Gray,RAL 7040,#8E98A3
85,33,143,42,8,Gray,RAL 7040,#8E98A3
85,33,144,41,8,Gray,RAL 7040,#8E98A3
85,33,145,40,8,Gray,RAL 7040,#8E98A3
85,33,146,39,8,Gray,RAL 7040,#8E98A3
85,33,147,38,6,Green,RAL 6018,#2CA36A
85,33,148,37,6,Green,RAL 6018,#2CA36A
85,33,149,36,6,Green,RAL 6018,#2CA36A
85,33,150,35,6,Green,RAL 6018,#2CA36A
85,33,151,34,8,Gray,RAL 7040,#8E98A3
85,33,152,33,8,Gray,RAL 7040,#8E98A3
85,33,153,32,8,Gray,RAL 7040,#8E98A3
85,33,154,31,8,Gray,RAL 7040,#8E98A3
85,33,155,30,8,Gray,RAL 7040,#8E98A3
85,33,156,29,8,Gray,RAL 7040,#8E98A3
85,33,157,28,8,Gray,RAL 7040,#8E98A3
85,33,158,27,8,Gray,RAL 7040,#8E98A3
85,33,159,26,8,Gray,RAL 7040,#8E98A3
85,33,160,25,8,Gray,RAL 7040,#8E98A3
85,33,161,24,8,Gray,RAL 7040,#8E98A3
85,33,162,23,8,Gray,RAL 7040,#8E98A3
85,33,163,22,8,Gray,RAL 7040,#8E98A3
85,33,164,21,8,Gray,RAL 7040,#8E98A3
85,33,165,20,8,Gray,RAL 7040,#8E98A3
85,33,166,19,8,Gray,RAL 7040,#8E98A3
85,33,167,18,8,Gray,RAL 7040,#8E98A3
85,33,168,17,8,Gray,RAL 7040,#8E98A3
85,33,169,16,8,Gray,RAL 7040,#8E98A3
85,33,170,15,8,Gray,RAL 7040,#8E98A3
85,33,171,14,8,Gray,RAL 7040,#8E98A3
85,33,172,13,8,Gray,RAL 7040,#8E98A3
85,33,173,12,8,Gray,RAL 7040,#8E98A3
85,33,174,11,8,Gray,RAL 7040,#8E98A3
85,33,175,10,8,Gray,RAL 7040,#8E98A3
85,33,176,9,8,Gray,RAL 7040,#8E98A3
85,33,177,8,8,Gray,RAL 7040,#8E98A3
85,33,178,7,8,Gray,RAL 7040,#8E98A3
85,33,179,6,8,Gray,RAL 7040,#8E98A3
85,33,180,5,8,Gray,RAL 7040,#8E98A3
85,33,181,4,6,Green,RAL 6018,#2CA36A
85,33,182,3,6,Green,RAL 6018,#2CA36A
85,33,183,2,6,Green,RAL 6018,#2CA36A
85,33,184,1,6,Green,RAL 6018,#2CA36A
86,32,1,184,2,Black,RAL 9005,#111111
86,32,2,183,2,Black,RAL 9005,#111111
86,32,3,182,2,Black,RAL 9005,#111111
86,32,4,181,2,Black,RAL 9005,#111111
86,32,5,180,2,Black,RAL 9005,#111111
86,32,6,179,2,Black,RAL 9005,#111111
86,32,7,178,2,Black,RAL 9005,#111111
86,32,8,177,2,Black,RAL 9005,#111111
86,32,9,176,2,Black,RAL 9005,#111111
86,32,10,175,2,Black,RAL 9005,#111111
86,32,11,174,2,Black,RAL 9005,#111111
86,32,12,173,2,Black,RAL 9005,#111111
86,32,13,172,2,Black,RAL 9005,#111111
86,32,14,171,2,Black,RAL 9005,#111111
86,32,15,170,2,Black,RAL 9005,#111111
86,32,16,169,2,Black,RAL 9005,#111111
86,32,17,168,2,Black,RAL 9005,#111111
86,32,18,167,2,Black,RAL 9005,#111111
86,32,19,166,2,Black,RAL 9005,#111111
86,32,20,165,2,Black,RAL 9005,#111111
86,32,21,164,2,Black,RAL 9005,#111111
86,32,22,163,2,Black,RAL 9005,#111111
86,32,23,162,2,Black,RAL 9005,#111111
86,32,24,161,2,Black,RAL 9005,#111111
86,32,25,160,2,Black,RAL 9005,#111111
86,32,26,159,2,Black,RAL 9005,#111111
86,32,27,158,2,Black,RAL 9005,#111111
86,32,28,157,2,Black,RAL 9005,#111111
86,32,29,156,2,Black,RAL 9005,#111111
86,32,30,155,2,Black,RAL 9005,#111111
86,32,31,154,2,Black,RAL 9005,#111111
86,32,32,153,2,Black,RAL 9005,#111111
86,32,33,152,2,Black,RAL 9005,#111111
86,32,34,151,2,Black,RAL 9005,#111111
86,32,35,150,2,Black,RAL 9005,#111111
86,32,36,149,2,Black,RAL 9005,#111111
86,32,37,148,2,Black,RAL 9005,#111111
86,32,38,147,2,Black,RAL 9005,#111111
86,32,39,146,2,Black,RAL 9005,#111111
86,32,40,145,2,Black,RAL 9005,#111111
86,32,41,144,2,Black,RAL 9005,#111111
86,32,42,143,2,Black,RAL 9005,#111111
86,32,43,142,2,Black,RAL 9005,#111111
86,32,44,141,2,Black,RAL 9005,#111111
86,32,45,140,2,Black,RAL 9005,#111111
86,32,46,139,2,Black,RAL 9005,#111111
86,32,47,138,2,Black,RAL 9005,#111111
86,32,48,137,2,Black,RAL 9005,#111111
86,32,49,136,2,Black,RAL 9005,#111111
86,32,50,135,2,Black,RAL 9005,#111111
86,32,51,134,2,Black,RAL 9005,#111111
86,32,52,133,2,Black,RAL 9005,#111111
86,32,53,132,2,Black,RAL 9005,#111111
86,32,54,131,2,Black,RAL 9005,#111111
86,32,55,130,2,Black,RAL 9005,#111111
86,32,56,129,2,Black,RAL 9005,#111111
86,32,57,128,2,Black,RAL 9005,#111111
86,32,58,127,2,Black,RAL 9005,#111111
86,32,59,126,2,Black,RAL 9005,#111111
86,32,60,125,2,Black,RAL 9005,#111111
86,32,61,124,2,Black,RAL 9005,#111111
86,32,62,123,2,Black,RAL 9005,#111111
86,32,63,122,2,Black,RAL 9005,#111111
86,32,64,121,2,Black,RAL 9005,#111111
86,32,65,120,2,Black,RAL 9005,#111111
86,32,66,119,2,Black,RAL 9005,#111111
86,32,67,118,2,Black,RAL 9005,#111111
86,32,68,117,2,Black,RAL 9005,#111111
86,32,69,116,2,Black,RAL 9005,#111111
86,32,70,115,2,Black,RAL 9005,#111111
86,32,71,114,2,Black,RAL 9005,#111111
86,32,72,113,2,Black,RAL 9005,#111111
86,32,73,112,2,Black,RAL 9005,#111111
86,32,74,111,2,Black,RAL 9005,#111111
86,32,75,110,2,Black,RAL 9005,#111111
86,32,76,109,2,Black,RAL 9005,#111111
86,32,77,108,2,Black,RAL 9005,#111111
86,32,78,107,2,Black,RAL 9005,#111111
86,32,79,106,2,Black,RAL 9005,#111111
86,32,80,105,2,Black,RAL 9005,#111111
86,32,81,104,2,Black,RAL 9005,#111111
86,32,82,103,2,Black,RAL 9005,#111111
86,32,83,102,2,Black,RAL 9005,#111111
86,32,84,101,2,Black,RAL 9005,#111111
86,32,85,100,2,Black,RAL 9005,#111111
86,32,86,99,2,Black,RAL 9005,#111111
86,32,87,98,2,Black,RAL 9005,#111111
86,32,88,97,2,Black,RAL 9005,#111111
86,32,89,96,2,Black,RAL 9005,#111111
86,32,90,95,2,Black,RAL 9005,#111111
86,32,91,94,2,Black,RAL 9005,#111111
86,32,92,93,2,Black,RAL 9005,#111111
86,32,93,92,2,Black,RAL 9005,#111111
86,32,94,91,2,Black,RAL 9005,#111111
86,32,95,90,2,Black,RAL 9005,#111111
86,32,96,89,2,Black,RAL 9005,#111111
86,32,97,88,2,Black,RAL 9005,#111111
86,32,98,87,2,Black,RAL 9005,#111111
86,32,99,86,2,Black,RAL 9005,#111111
86,32,100,85,2,Black,RAL 9005,#111111
86,32,101,84,2,Black,RAL 9005,#111111
86,32,102,83,2,Black,RAL 9005,#111111
86,32,103,82,2,Black,RAL 9005,#111111
86,32,104,81,2,Black,RAL 9005,#111111
86,32,105,80,2,Black,RAL 9005,#111111
86,32,106,79,2,Black,RAL 9005,#111111
86,32,107,78,2,Black,RAL 9005,#111111
86,32,108,77,2,Black,RAL 9005,#111111
86,32,109,76,2,Black,RAL 9005,#111111
86,32,110,75,2,Black,RAL 9005,#111111
86,32,111,74,2,Black,RAL 9005,#111111
86,32,112,73,2,Black,RAL 9005,#111111
86,32,113,72,2,Black,RAL 9005,#111111
86,32,114,71,2,Black,RAL 9005,#111111
86,32,115,70,2,Black,RAL 9005,#111111
86,32,116,69,2,Black,RAL 9005,#111111
86,32,117,68,2,Black,RAL 9005,#111111
86,32,118,67,2,Black,RAL 9005,#111111
86,32,119,66,2,Black,RAL 9005,#111111
86,32,120,65,2,Black,RAL 9005,#111111
86,32,121,64,2,Black,RAL 9005,#111111
86,32,122,63,2,Black,RAL 9005,#111111
86,32,123,62,2,Black,RAL 9005,#111111
86,32,124,61,2,Black,RAL 9005,#111111
86,32,125,60,2,Black,RAL 9005,#111111
86,32,126,59,2,Black,RAL 9005,#111111
86,32,127,58,8,Gray,RAL 7040,#8E98A3
86,32,128,57,8,Gray,RAL 7040,#8E98A3
86,32,129,56,8,Gray,RAL 7040,#8E98A3
86,32,130,55,8,Gray,RAL 7040,#8E98A3
86,32,131,54,8,Gray,RAL 7040,#8E98A3
86,32,132,53,8,Gray,RAL 7040,#8E98A3
86,32,133,52,8,Gray,RAL 7040,#8E98A3
86,32,134,51,8,Gray,RAL 7040,#8E98A3
86,32,135,50,8,Gray,RAL 7040,#8E98A3
86,32,136,49,8,Gray,RAL 7040,#8E98A3
86,32,137,48,8,Gray,RAL 7040,#8E98A3
86,32,138,47,8,Gray,RAL 7040,#8E98A3
86,32,139,46,8,Gray,RAL 7040,#8E98A3
86,32,140,45,8,Gray,RAL 7040,#8E98A3
86,32,141,44,8,Gray,RAL 7040,#8E98A3
86,32,142,43,8,Gray,RAL 7040,#8E98A3
86,32,143,42,8,Gray,RAL 7040,#8E98A3
86,32,144,41,8,Gray,RAL 7040,#8E98A3
86,32,145,40,6,Green,RAL 6018,#2CA36A
86,32,146,39,6,Green,RAL 6018,#2CA36A
86,32,147,38,6,Green,RAL 6018,#2CA36A
86,32,148,37,6,Green,RAL 6018,#2CA36A
86,32,149,36,6,Green,RAL 6018,#2CA36A
86,32,150,35,6,Green,RAL 6018,#2CA36A
86,32,151,34,6,Green,RAL 6018,#2CA36A
86,32,152,33,6,Green,RAL 6018,#2CA36A
86,32,153,32,6,Green,RAL 6018,#2CA36A
86,32,154,31,6,Green,RAL 6018,#2CA36A
86,32,155,30,8,Gray,RAL 7040,#8E98A3
86,32,156,29,8,Gray,RAL 7040,#8E98A3
86,32,157,28,8,Gray,RAL 7040,#8E98A3
86,32,158,27,8,Gray,RAL 7040,#8E98A3
86,32,159,26,8,Gray,RAL 7040,#8E98A3
86,32,160,25,8,Gray,RAL 7040,#8E98A3
86,32,161,24,8,Gray,RAL 7040,#8E98A3
86,32,162,23,8,Gray,RAL 7040,#8E98A3
86,32,163,22,8,Gray,RAL 7040,#8E98A3
86,32,164,21,8,Gray,RAL 7040,#8E98A3
86,32,165,20,8,Gray,RAL 7040,#8E98A3
86,32,166,19,8,Gray,RAL 7040,#8E98A3
86,32,167,18,8,Gray,RAL 7040,#8E98A3
86,32,168,17,8,Gray,RAL 7040,#8E98A3
86,32,169,16,8,Gray,RAL 7040,#8E98A3
86,32,170,15,8,Gray,RAL 7040,#8E98A3
86,32,171,14,8,Gray,RAL 7040,#8E98A3
86,32,172,13,8,Gray,RAL 7040,#8E98A3
86,32,173,12,8,Gray,RAL 7040,#8E98A3
86,32,174,11,8,Gray,RAL 7040,#8E98A3
86,32,175,10,8,Gray,RAL 7040,#8E98A3
86,32,176,9,8,Gray,RAL 7040,#8E98A3
86,32,177,8,8,Gray,RAL 7040,#8E98A3
86,32,178,7,8,Gray,RAL 7040,#8E98A3
86,32,179,6,8,Gray,RAL 7040,#8E98A3
86,32,180,5,8,Gray,RAL 7040,#8E98A3
86,32,181,4,6,Green,RAL 6018,#2CA36A
86,32,182,3,6,Green,RAL 6018,#2CA36A
86,32,183,2,6,Green,RAL 6018,#2CA36A
86,32,184,1,6,Green,RAL 6018,#2CA36A
87,31,1,184,2,Black,RAL 9005,#111111
87,31,2,183,2,Black,RAL 9005,#111111
87,31,3,182,2,Black,RAL 9005,#111111
87,31,4,181,2,Black,RAL 9005,#111111
87,31,5,180,2,Black,RAL 9005,#111111
87,31,6,179,2,Black,RAL 9005,#111111
87,31,7,178,2,Black,RAL 9005,#111111
87,31,8,177,2,Black,RAL 9005,#111111
87,31,9,176,2,Black,RAL 9005,#111111
87,31,10,175,2,Black,RAL 9005,#111111
87,31,11,174,2,Black,RAL 9005,#111111
87,31,12,173,2,Black,RAL 9005,#111111
87,31,13,172,2,Black,RAL 9005,#111111
87,31,14,171,2,Black,RAL 9005,#111111
87,31,15,170,2,Black,RAL 9005,#111111
87,31,16,169,2,Black,RAL 9005,#111111
87,31,17,168,2,Black,RAL 9005,#111111
87,31,18,167,2,Black,RAL 9005,#111111
87,31,19,166,2,Black,RAL 9005,#111111
87,31,20,165,2,Black,RAL 9005,#111111
87,31,21,164,2,Black,RAL 9005,#111111
87,31,22,163,2,Black,RAL 9005,#111111
87,31,23,162,2,Black,RAL 9005,#111111
87,31,24,161,2,Black,RAL 9005,#111111
87,31,25,160,2,Black,RAL 9005,#111111
87,31,26,159,2,Black,RAL 9005,#111111
87,31,27,158,2,Black,RAL 9005,#111111
87,31,28,157,2,Black,RAL 9005,#111111
87,31,29,156,2,Black,RAL 9005,#111111
87,31,30,155,2,Black,RAL 9005,#111111
87,31,31,154,2,Black,RAL 9005,#111111
87,31,32,153,2,Black,RAL 9005,#111111
87,31,33,152,2,Black,RAL 9005,#111111
87,31,34,151,2,Black,RAL 9005,#111111
87,31,35,150,2,Black,RAL 9005,#111111
87,31,36,149,2,Black,RAL 9005,#111111
87,31,37,148,2,Black,RAL 9005,#111111
87,31,38,147,2,Black,RAL 9005,#111111
87,31,39,146,2,Black,RAL 9005,#111111
87,31,40,145,2,Black,RAL 9005,#111111
87,31,41,144,2,Black,RAL 9005,#111111
87,31,42,143,2,Black,RAL 9005,#111111
87,31,43,142,2,Black,RAL 9005,#111111
87,31,44,141,2,Black,RAL 9005,#111111
87,31,45,140,2,Black,RAL 9005,#111111
87,31,46,139,2,Black,RAL 9005,#111111
87,31,47,138,2,Black,RAL 9005,#111111
87,31,48,137,2,Black,RAL 9005,#111111
87,31,49,136,2,Black,RAL 9005,#111111
87,31,50,135,2,Black,RAL 9005,#111111
87,31,51,134,2,Black,RAL 9005,#111111
87,31,52,133,2,Black,RAL 9005,#111111
87,31,53,132,2,Black,RAL 9005,#111111
87,31,54,131,2,Black,RAL 9005,#111111
87,31,55,130,2,Black,RAL 9005,#111111
87,31,56,129,2,Black,RAL 9005,#111111
87,31,57,128,2,Black,RAL 9005,#111111
87,31,58,127,2,Black,RAL 9005,#111111
87,31,59,126,2,Black,RAL 9005,#111111
87,31,60,125,2,Black,RAL 9005,#111111
87,31,61,124,2,Black,RAL 9005,#111111
87,31,62,123,2,Black,RAL 9005,#111111
87,31,63,122,2,Black,RAL 9005,#111111
87,31,64,121,2,Black,RAL 9005,#111111
87,31,65,120,2,Black,RAL 9005,#111111
87,31,66,119,2,Black,RAL 9005,#111111
87,31,67,118,2,Black,RAL 9005,#111111
87,31,68,117,2,Black,RAL 9005,#111111
87,31,69,116,2,Black,RAL 9005,#111111
87,31,70,115,2,Black,RAL 9005,#111111
87,31,71,114,2,Black,RAL 9005,#111111
87,31,72,113,2,Black,RAL 9005,#111111
87,31,73,112,2,Black,RAL 9005,#111111
87,31,74,111,2,Black,RAL 9005,#111111
87,31,75,110,2,Black,RAL 9005,#111111
87,31,76,109,2,Black,RAL 9005,#111111
87,31,77,108,2,Black,RAL 9005,#111111
87,31,78,107,2,Black,RAL 9005,#111111
87,31,79,106,2,Black,RAL 9005,#111111
87,31,80,105,2,Black,RAL 9005,#111111
87,31,81,104,2,Black,RAL 9005,#111111
87,31,82,103,2,Black,RAL 9005,#111111
87,31,83,102,2,Black,RAL 9005,#111111
87,31,84,101,8,Gray,RAL 7040,#8E98A3
87,31,85,100,8,Gray,RAL 7040,#8E98A3
87,31,86,99,8,Gray,RAL 7040,#8E98A3
87,31,87,98,8,Gray,RAL 7040,#8E98A3
87,31,88,97,8,Gray,RAL 7040,#8E98A3
87,31,89,96,8,Gray,RAL 7040,#8E98A3
87,31,90,95,8,Gray,RAL 7040,#8E98A3
87,31,91,94,8,Gray,RAL 7040,#8E98A3
87,31,92,93,8,Gray,RAL 7040,#8E98A3
87,31,93,92,2,Black,RAL 9005,#111111
87,31,94,91,2,Black,RAL 9005,#111111
87,31,95,90,2,Black,RAL 9005,#111111
87,31,96,89,2,Black,RAL 9005,#111111
87,31,97,88,2,Black,RAL 9005,#111111
87,31,98,87,2,Black,RAL 9005,#111111
87,31,99,86,2,Black,RAL 9005,#111111
87,31,100,85,2,Black,RAL 9005,#111111
87,31,101,84,2,Black,RAL 9005,#111111
87,31,102,83,2,Black,RAL 9005,#111111
87,31,103,82,2,Black,RAL 9005,#111111
87,31,104,81,2,Black,RAL 9005,#111111
87,31,105,80,2,Black,RAL 9005,#111111
87,31,106,79,2,Black,RAL 9005,#111111
87,31,107,78,2,Black,RAL 9005,#111111
87,31,108,77,2,Black,RAL 9005,#111111
87,31,109,76,2,Black,RAL 9005,#111111
87,31,110,75,2,Black,RAL 9005,#111111
87,31,111,74,2,Black,RAL 9005,#111111
87,31,112,73,2,Black,RAL 9005,#111111
87,31,113,72,2,Black,RAL 9005,#111111
87,31,114,71,2,Black,RAL 9005,#111111
87,31,115,70,2,Black,RAL 9005,#111111
87,31,116,69,2,Black,RAL 9005,#111111
87,31,117,68,2,Black,RAL 9005,#111111
87,31,118,67,2,Black,RAL 9005,#111111
87,31,119,66,2,Black,RAL 9005,#111111
87,31,120,65,2,Black,RAL 9005,#111111
87,31,121,64,2,Black,RAL 9005,#111111
87,31,122,63,2,Black,RAL 9005,#111111
87,31,123,62,2,Black,RAL 9005,#111111
87,31,124,61,2,Black,RAL 9005,#111111
87,31,125,60,2,Black,RAL 9005,#111111
87,31,126,59,8,Gray,RAL 7040,#8E98A3
87,31,127,58,8,Gray,RAL 7040,#8E98A3
87,31,128,57,8,Gray,RAL 7040,#8E98A3
87,31,129,56,8,Gray,RAL 7040,#8E98A3
87,31,130,55,8,Gray,RAL 7040,#8E98A3
87,31,131,54,8,Gray,RAL 7040,#8E98A3
87,31,132,53,8,Gray,RAL 7040,#8E98A3
87,31,133,52,8,Gray,RAL 7040,#8E98A3
87,31,134,51,8,Gray,RAL 7040,#8E98A3
87,31,135,50,8,Gray,RAL 7040,#8E98A3
87,31,136,49,8,Gray,RAL 7040,#8E98A3
87,31,137,48,8,Gray,RAL 7040,#8E98A3
87,31,138,47,8,Gray,RAL 7040,#8E98A3
87,31,139,46,8,Gray,RAL 7040,#8E98A3
87,31,140,45,8,Gray,RAL 7040,#8E98A3
87,31,141,44,8,Gray,RAL 7040,#8E98A3
87,31,142,43,8,Gray,RAL 7040,#8E98A3
87,31,143,42,8,Gray,RAL 7040,#8E98A3
87,31,144,41,8,Gray,RAL 7040,#8E98A3
87,31,145,40,8,Gray,RAL 7040,#8E98A3
87,31,146,39,6,Green,RAL 6018,#2CA36A
87,31,147,38,6,Green,RAL 6018,#2CA36A
87,31,148,37,6,Green,RAL 6018,#2CA36A
87,31,149,36,6,Green,RAL 6018,#2CA36A
87,31,150,35,6,Green,RAL 6018,#2CA36A
87,31,151,34,6,Green,RAL 6018,#2CA36A
87,31,152,33,6,Green,RAL 6018,#2CA36A
87,31,153,32,6,Green,RAL 6018,#2CA36A
87,31,154,31,6,Green,RAL 6018,#2CA36A
87,31,155,30,6,Green,RAL 6018,#2CA36A
87,31,156,29,6,Green,RAL 6018,#2CA36A
87,31,157,28,8,Gray,RAL 7040,#8E98A3
87,31,158,27,8,Gray,RAL 7040,#8E98A3
87,31,159,26,8,Gray,RAL 7040,#8E98A3
87,31,160,25,8,Gray,RAL 7040,#8E98A3
87,31,161,24,8,Gray,RAL 7040,#8E98A3
87,31,162,23,8,Gray,RAL 7040,#8E98A3
87,31,163,22,8,Gray,RAL 7040,#8E98A3
87,31,164,21,8,Gray,RAL 7040,#8E98A3
87,31,165,20,8,Gray,RAL 7040,#8E98A3
87,31,166,19,8,Gray,RAL 7040,#8E98A3
87,31,167,18,8,Gray,RAL 7040,#8E98A3
87,31,168,17,8,Gray,RAL 7040,#8E98A3
87,31,169,16,8,Gray,RAL 7040,#8E98A3
87,31,170,15,8,Gray,RAL 7040,#8E98A3
87,31,171,14,8,Gray,RAL 7040,#8E98A3
87,31,172,13,8,Gray,RAL 7040,#8E98A3
87,31,173,12,8,Gray,RAL 7040,#8E98A3
87,31,174,11,8,Gray,RAL 7040,#8E98A3
87,31,175,10,8,Gray,RAL 7040,#8E98A3
87,31,176,9,8,Gray,RAL 7040,#8E98A3
87,31,177,8,8,Gray,RAL 7040,#8E98A3
87,31,178,7,8,Gray,RAL 7040,#8E98A3
87,31,179,6,8,Gray,RAL 7040,#8E98A3
87,31,180,5,8,Gray,RAL 7040,#8E98A3
87,31,181,4,6,Green,RAL 6018,#2CA36A
87,31,182,3,6,Green,RAL 6018,#2CA36A
87,31,183,2,6,Green,RAL 6018,#2CA36A
87,31,184,1,6,Green,RAL 6018,#2CA36A
88,30,1,184,2,Black,RAL 9005,#111111
88,30,2,183,2,Black,RAL 9005,#111111
88,30,3,182,2,Black,RAL 9005,#111111
88,30,4,181,2,Black,RAL 9005,#111111
88,30,5,180,2,Black,RAL 9005,#111111
88,30,6,179,2,Black,RAL 9005,#111111
88,30,7,178,2,Black,RAL 9005,#111111
88,30,8,177,2,Black,RAL 9005,#111111
88,30,9,176,2,Black,RAL 9005,#111111
88,30,10,175,2,Black,RAL 9005,#111111
88,30,11,174,2,Black,RAL 9005,#111111
88,30,12,173,2,Black,RAL 9005,#111111
88,30,13,172,2,Black,RAL 9005,#111111
88,30,14,171,2,Black,RAL 9005,#111111
88,30,15,170,2,Black,RAL 9005,#111111
88,30,16,169,2,Black,RAL 9005,#111111
88,30,17,168,2,Black,RAL 9005,#111111
88,30,18,167,2,Black,RAL 9005,#111111
88,30,19,166,2,Black,RAL 9005,#111111
88,30,20,165,2,Black,RAL 9005,#111111
88,30,21,164,2,Black,RAL 9005,#111111
88,30,22,163,2,Black,RAL 9005,#111111
88,30,23,162,2,Black,RAL 9005,#111111
88,30,24,161,2,Black,RAL 9005,#111111
88,30,25,160,2,Black,RAL 9005,#111111
88,30,26,159,2,Black,RAL 9005,#111111
88,30,27,158,2,Black,RAL 9005,#111111
88,30,28,157,2,Black,RAL 9005,#111111
88,30,29,156,2,Black,RAL 9005,#111111
88,30,30,155,2,Black,RAL 9005,#111111
88,30,31,154,2,Black,RAL 9005,#111111
88,30,32,153,2,Black,RAL 9005,#111111
88,30,33,152,2,Black,RAL 9005,#111111
88,30,34,151,2,Black,RAL 9005,#111111
88,30,35,150,2,Black,RAL 9005,#111111
88,30,36,149,2,Black,RAL 9005,#111111
88,30,37,148,2,Black,RAL 9005,#111111
88,30,38,147,2,Black,RAL 9005,#111111
88,30,39,146,2,Black,RAL 9005,#111111
88,30,40,145,2,Black,RAL 9005,#111111
88,30,41,144,2,Black,RAL 9005,#111111
88,30,42,143,2,Black,RAL 9005,#111111
88,30,43,142,2,Black,RAL 9005,#111111
88,30,44,141,2,Black,RAL 9005,#111111
88,30,45,140,2,Black,RAL 9005,#111111
88,30,46,139,2,Black,RAL 9005,#111111
88,30,47,138,2,Black,RAL 9005,#111111
88,30,48,137,2,Black,RAL 9005,#111111
88,30,49,136,2,Black,RAL 9005,#111111
88,30,50,135,2,Black,RAL 9005,#111111
88,30,51,134,2,Black,RAL 9005,#111111
88,30,52,133,2,Black,RAL 9005,#111111
88,30,53,132,2,Black,RAL 9005,#111111
88,30,54,131,2,Black,RAL 9005,#111111
88,30,55,130,2,Black,RAL 9005,#111111
88,30,56,129,2,Black,RAL 9005,#111111
88,30,57,128,2,Black,RAL 9005,#111111
88,30,58,127,2,Black,RAL 9005,#111111
88,30,59,126,2,Black,RAL 9005,#111111
88,30,60,125,2,Black,RAL 9005,#111111
88,30,61,124,2,Black,RAL 9005,#111111
88,30,62,123,2,Black,RAL 9005,#111111
88,30,63,122,2,Black,RAL 9005,#111111
88,30,64,121,2,Black,RAL 9005,#111111
88,30,65,120,2,Black,RAL 9005,#111111
88,30,66,119,2,Black,RAL 9005,#111111
88,30,67,118,2,Black,RAL 9005,#111111
88,30,68,117,2,Black,RAL 9005,#111111
88,30,69,116,2,Black,RAL 9005,#111111
88,30,70,115,2,Black,RAL 9005,#111111
88,30,71,114,2,Black,RAL 9005,#111111
88,30,72,113,2,Black,RAL 9005,#111111
88,30,73,112,2,Black,RAL 9005,#111111
88,30,74,111,2,Black,RAL 9005,#111111
88,30,75,110,2,Black,RAL 9005,#111111
88,30,76,109,2,Black,RAL 9005,#111111
88,30,77,108,2,Black,RAL 9005,#111111
88,30,78,107,2,Black,RAL 9005,#111111
88,30,79,106,2,Black,RAL 9005,#111111
88,30,80,105,2,Black,RAL 9005,#111111
88,30,81,104,2,Black,RAL 9005,#111111
88,30,82,103,8,Gray,RAL 7040,#8E98A3
88,30,83,102,8,Gray,RAL 7040,#8E98A3
88,30,84,101,8,Gray,RAL 7040,#8E98A3
88,30,85,100,8,Gray,RAL 7040,#8E98A3
88,30,86,99,8,Gray,RAL 7040,#8E98A3
88,30,87,98,8,Gray,RAL 7040,#8E98A3
88,30,88,97,8,Gray,RAL 7040,#8E98A3
88,30,89,96,8,Gray,RAL 7040,#8E98A3
88,30,90,95,8,Gray,RAL 7040,#8E98A3
88,30,91,94,8,Gray,RAL 7040,#8E98A3
88,30,92,93,8,Gray,RAL 7040,#8E98A3
88,30,93,92,8,Gray,RAL 7040,#8E98A3
88,30,94,91,2,Black,RAL 9005,#111111
88,30,95,90,2,Black,RAL 9005,#111111
88,30,96,89,2,Black,RAL 9005,#111111
88,30,97,88,2,Black,RAL 9005,#111111
88,30,98,87,2,Black,RAL 9005,#111111
88,30,99,86,2,Black,RAL 9005,#111111
88,30,100,85,2,Black,RAL 9005,#111111
88,30,101,84,2,Black,RAL 9005,#111111
88,30,102,83,2,Black,RAL 9005,#111111
88,30,103,82,2,Black,RAL 9005,#111111
88,30,104,81,2,Black,RAL 9005,#111111
88,30,105,80,2,Black,RAL 9005,#111111
88,30,106,79,2,Black,RAL 9005,#111111
88,30,107,78,2,Black,RAL 9005,#111111
88,30,108,77,2,Black,RAL 9005,#111111
88,30,109,76,2,Black,RAL 9005,#111111
88,30,110,75,2,Black,RAL 9005,#111111
88,30,111,74,2,Black,RAL 9005,#111111
88,30,112,73,2,Black,RAL 9005,#111111
88,30,113,72,2,Black,RAL 9005,#111111
88,30,114,71,2,Black,RAL 9005,#111111
88,30,115,70,2,Black,RAL 9005,#111111
88,30,116,69,2,Black,RAL 9005,#111111
88,30,117,68,2,Black,RAL 9005,#111111
88,30,118,67,2,Black,RAL 9005,#111111
88,30,119,66,2,Black,RAL 9005,#111111
88,30,120,65,2,Black,RAL 9005,#111111
88,30,121,64,2,Black,RAL 9005,#111111
88,30,122,63,2,Black,RAL 9005,#111111
88,30,123,62,2,Black,RAL 9005,#111111
88,30,124,61,2,Black,RAL 9005,#111111
88,30,125,60,2,Black,RAL 9005,#111111
88,30,126,59,8,Gray,RAL 7040,#8E98A3
88,30,127,58,8,Gray,RAL 7040,#8E98A3
88,30,128,57,8,Gray,RAL 7040,#8E98A3
88,30,129,56,8,Gray,RAL 7040,#8E98A3
88,30,130,55,8,Gray,RAL 7040,#8E98A3
88,30,131,54,8,Gray,RAL 7040,#8E98A3
88,30,132,53,8,Gray,RAL 7040,#8E98A3
88,30,133,52,8,Gray,RAL 7040,#8E98A3
88,30,134,51,8,Gray,RAL 7040,#8E98A3
88,30,135,50,8,Gray,RAL 7040,#8E98A3
88,30,136,49,8,Gray,RAL 7040,#8E98A3
88,30,137,48,8,Gray,RAL 7040,#8E98A3
88,30,138,47,8,Gray,RAL 7040,#8E98A3
88,30,139,46,8,Gray,RAL 7040,#8E98A3
88,30,140,45,8,Gray,RAL 7040,#8E98A3
88,30,141,44,8,Gray,RAL 7040,#8E98A3
88,30,142,43,8,Gray,RAL 7040,#8E98A3
88,30,143,42,8,Gray,RAL 7040,#8E98A3
88,30,144,41,8,Gray,RAL 7040,#8E98A3
88,30,145,40,8,Gray,RAL 7040,#8E98A3
88,30,146,39,6,Green,RAL 6018,#2CA36A
88,30,147,38,6,Green,RAL 6018,#2CA36A
88,30,148,37,6,Green,RAL 6018,#2CA36A
88,30,149,36,6,Green,RAL 6018,#2CA36A
88,30,150,35,6,Green,RAL 6018,#2CA36A
88,30,151,34,6,Green,RAL 6018,#2CA36A
88,30,152,33,6,Green,RAL 6018,#2CA36A
88,30,153,32,6,Green,RAL 6018,#2CA36A
88,30,154,31,6,Green,RAL 6018,#2CA36A
88,30,155,30,6,Green,RAL 6018,#2CA36A
88,30,156,29,6,Green,RAL 6018,#2CA36A
88,30,157,28,6,Green,RAL 6018,#2CA36A
88,30,158,27,8,Gray,RAL 7040,#8E98A3
88,30,159,26,8,Gray,RAL 7040,#8E98A3
88,30,160,25,8,Gray,RAL 7040,#8E98A3
88,30,161,24,8,Gray,RAL 7040,#8E98A3
88,30,162,23,8,Gray,RAL 7040,#8E98A3
88,30,163,22,8,Gray,RAL 7040,#8E98A3
88,30,164,21,8,Gray,RAL 7040,#8E98A3
88,30,165,20,8,Gray,RAL 7040,#8E98A3
88,30,166,19,8,Gray,RAL 7040,#8E98A3
88,30,167,18,8,Gray,RAL 7040,#8E98A3
88,30,168,17,8,Gray,RAL 7040,#8E98A3
88,30,169,16,8,Gray,RAL 7040,#8E98A3
88,30,170,15,8,Gray,RAL 7040,#8E98A3
88,30,171,14,8,Gray,RAL 7040,#8E98A3
88,30,172,13,8,Gray,RAL 7040,#8E98A3
88,30,173,12,8,Gray,RAL 7040,#8E98A3
88,30,174,11,8,Gray,RAL 7040,#8E98A3
88,30,175,10,8,Gray,RAL 7040,#8E98A3
88,30,176,9,8,Gray,RAL 7040,#8E98A3
88,30,177,8,8,Gray,RAL 7040,#8E98A3
88,30,178,7,8,Gray,RAL 7040,#8E98A3
88,30,179,6,8,Gray,RAL 7040,#8E98A3
88,30,180,5,6,Green,RAL 6018,#2CA36A
88,30,181,4,6,Green,RAL 6018,#2CA36A
88,30,182,3,6,Green,RAL 6018,#2CA36A
88,30,183,2,6,Green,RAL 6018,#2CA36A
88,30,184,1,6,Green,RAL 6018,#2CA36A
89,29,1,184,2,Black,RAL 9005,#111111
89,29,2,183,2,Black,RAL 9005,#111111
89,29,3,182,2,Black,RAL 9005,#111111
89,29,4,181,2,Black,RAL 9005,#111111
89,29,5,180,2,Black,RAL 9005,#111111
89,29,6,179,2,Black,RAL 9005,#111111
89,29,7,178,2,Black,RAL 9005,#111111
89,29,8,177,2,Black,RAL 9005,#111111
89,29,9,176,2,Black,RAL 9005,#111111
89,29,10,175,2,Black,RAL 9005,#111111
89,29,11,174,2,Black,RAL 9005,#111111
89,29,12,173,2,Black,RAL 9005,#111111
89,29,13,172,2,Black,RAL 9005,#111111
89,29,14,171,2,Black,RAL 9005,#111111
89,29,15,170,2,Black,RAL 9005,#111111
89,29,16,169,2,Black,RAL 9005,#111111
89,29,17,168,2,Black,RAL 9005,#111111
89,29,18,167,2,Black,RAL 9005,#111111
89,29,19,166,2,Black,RAL 9005,#111111
89,29,20,165,2,Black,RAL 9005,#111111
89,29,21,164,2,Black,RAL 9005,#111111
89,29,22,163,2,Black,RAL 9005,#111111
89,29,23,162,2,Black,RAL 9005,#111111
89,29,24,161,2,Black,RAL 9005,#111111
89,29,25,160,2,Black,RAL 9005,#111111
89,29,26,159,2,Black,RAL 9005,#111111
89,29,27,158,2,Black,RAL 9005,#111111
89,29,28,157,2,Black,RAL 9005,#111111
89,29,29,156,2,Black,RAL 9005,#111111
89,29,30,155,2,Black,RAL 9005,#111111
89,29,31,154,2,Black,RAL 9005,#111111
89,29,32,153,2,Black,RAL 9005,#111111
89,29,33,152,2,Black,RAL 9005,#111111
89,29,34,151,2,Black,RAL 9005,#111111
89,29,35,150,2,Black,RAL 9005,#111111
89,29,36,149,2,Black,RAL 9005,#111111
89,29,37,148,2,Black,RAL 9005,#111111
89,29,38,147,2,Black,RAL 9005,#111111
89,29,39,146,2,Black,RAL 9005,#111111
89,29,40,145,2,Black,RAL 9005,#111111
89,29,41,144,2,Black,RAL 9005,#111111
89,29,42,143,2,Black,RAL 9005,#111111
89,29,43,142,2,Black,RAL 9005,#111111
89,29,44,141,2,Black,RAL 9005,#111111
89,29,45,140,2,Black,RAL 9005,#111111
89,29,46,139,2,Black,RAL 9005,#111111
89,29,47,138,2,Black,RAL 9005,#111111
89,29,48,137,2,Black,RAL 9005,#111111
89,29,49,136,2,Black,RAL 9005,#111111
89,29,50,135,2,Black,RAL 9005,#111111
89,29,51,134,2,Black,RAL 9005,#111111
89,29,52,133,2,Black,RAL 9005,#111111
89,29,53,132,2,Black,RAL 9005,#111111
89,29,54,131,2,Black,RAL 9005,#111111
89,29,55,130,2,Black,RAL 9005,#111111
89,29,56,129,2,Black,RAL 9005,#111111
89,29,57,128,2,Black,RAL 9005,#111111
89,29,58,127,2,Black,RAL 9005,#111111
89,29,59,126,2,Black,RAL 9005,#111111
89,29,60,125,2,Black,RAL 9005,#111111
89,29,61,124,2,Black,RAL 9005,#111111
89,29,62,123,2,Black,RAL 9005,#111111
89,29,63,122,2,Black,RAL 9005,#111111
89,29,64,121,2,Black,RAL 9005,#111111
89,29,65,120,2,Black,RAL 9005,#111111
89,29,66,119,2,Black,RAL 9005,#111111
89,29,67,118,2,Black,RAL 9005,#111111
89,29,68,117,2,Black,RAL 9005,#111111
89,29,69,116,2,Black,RAL 9005,#111111
89,29,70,115,2,Black,RAL 9005,#111111
89,29,71,114,2,Black,RAL 9005,#111111
89,29,72,113,2,Black,RAL 9005,#111111
89,29,73,112,2,Black,RAL 9005,#111111
89,29,74,111,2,Black,RAL 9005,#111111
89,29,75,110,2,Black,RAL 9005,#111111
89,29,76,109,2,Black,RAL 9005,#111111
89,29,77,108,2,Black,RAL 9005,#111111
89,29,78,107,2,Black,RAL 9005,#111111
89,29,79,106,2,Black,RAL 9005,#111111
89,29,80,105,8,Gray,RAL 7040,#8E98A3
89,29,81,104,8,Gray,RAL 7040,#8E98A3
89,29,82,103,8,Gray,RAL 7040,#8E98A3
89,29,83,102,8,Gray,RAL 7040,#8E98A3
89,29,84,101,8,Gray,RAL 7040,#8E98A3
89,29,85,100,8,Gray,RAL 7040,#8E98A3
89,29,86,99,8,Gray,RAL 7040,#8E98A3
89,29,87,98,8,Gray,RAL 7040,#8E98A3
89,29,88,97,8,Gray,RAL 7040,#8E98A3
89,29,89,96,8,Gray,RAL 7040,#8E98A3
89,29,90,95,8,Gray,RAL 7040,#8E98A3
89,29,91,94,8,Gray,RAL 7040,#8E98A3
89,29,92,93,8,Gray,RAL 7040,#8E98A3
89,29,93,92,8,Gray,RAL 7040,#8E98A3
89,29,94,91,4,Blue,RAL 5015,#2B7FFF
89,29,95,90,4,Blue,RAL 5015,#2B7FFF
89,29,96,89,2,Black,RAL 9005,#111111
89,29,97,88,2,Black,RAL 9005,#111111
89,29,98,87,2,Black,RAL 9005,#111111
89,29,99,86,2,Black,RAL 9005,#111111
89,29,100,85,2,Black,RAL 9005,#111111
89,29,101,84,2,Black,RAL 9005,#111111
89,29,102,83,2,Black,RAL 9005,#111111
89,29,103,82,2,Black,RAL 9005,#111111
89,29,104,81,2,Black,RAL 9005,#111111
89,29,105,80,2,Black,RAL 9005,#111111
89,29,106,79,2,Black,RAL 9005,#111111
89,29,107,78,2,Black,RAL 9005,#111111
89,29,108,77,2,Black,RAL 9005,#111111
89,29,109,76,2,Black,RAL 9005,#111111
89,29,110,75,2,Black,RAL 9005,#111111
89,29,111,74,2,Black,RAL 9005,#111111
89,29,112,73,2,Black,RAL 9005,#111111
89,29,113,72,2,Black,RAL 9005,#111111
89,29,114,71,2,Black,RAL 9005,#111111
89,29,115,70,2,Black,RAL 9005,#111111
89,29,116,69,2,Black,RAL 9005,#111111
89,29,117,68,2,Black,RAL 9005,#111111
89,29,118,67,2,Black,RAL 9005,#111111
89,29,119,66,2,Black,RAL 9005,#111111
89,29,120,65,2,Black,RAL 9005,#111111
89,29,121,64,2,Black,RAL 9005,#111111
89,29,122,63,8,Gray,RAL 7040,#8E98A3
89,29,123,62,8,Gray,RAL 7040,#8E98A3
89,29,124,61,2,Black,RAL 9005,#111111
89,29,125,60,2,Black,RAL 9005,#111111
89,29,126,59,8,Gray,RAL 7040,#8E98A3
89,29,127,58,8,Gray,RAL 7040,#8E98A3
89,29,128,57,8,Gray,RAL 7040,#8E98A3
89,29,129,56,8,Gray,RAL 7040,#8E98A3
89,29,130,55,8,Gray,RAL 7040,#8E98A3
89,29,131,54,8,Gray,RAL 7040,#8E98A3
89,29,132,53,8,Gray,RAL 7040,#8E98A3
89,29,133,52,8,Gray,RAL 7040,#8E98A3
89,29,134,51,8,Gray,RAL 7040,#8E98A3
89,29,135,50,8,Gray,RAL 7040,#8E98A3
89,29,136,49,8,Gray,RAL 7040,#8E98A3
89,29,137,48,8,Gray,RAL 7040,#8E98A3
89,29,138,47,8,Gray,RAL 7040,#8E98A3
89,29,139,46,8,Gray,RAL 7040,#8E98A3
89,29,140,45,8,Gray,RAL 7040,#8E98A3
89,29,141,44,8,Gray,RAL 7040,#8E98A3
89,29,142,43,8,Gray,RAL 7040,#8E98A3
89,29,143,42,8,Gray,RAL 7040,#8E98A3
89,29,144,41,8,Gray,RAL 7040,#8E98A3
89,29,145,40,8,Gray,RAL 7040,#8E98A3
89,29,146,39,6,Green,RAL 6018,#2CA36A
89,29,147,38,6,Green,RAL 6018,#2CA36A
89,29,148,37,6,Green,RAL 6018,#2CA36A
89,29,149,36,6,Green,RAL 6018,#2CA36A
89,29,150,35,6,Green,RAL 6018,#2CA36A
89,29,151,34,6,Green,RAL 6018,#2CA36A
89,29,152,33,6,Green,RAL 6018,#2CA36A
89,29,153,32,6,Green,RAL 6018,#2CA36A
89,29,154,31,6,Green,RAL 6018,#2CA36A
89,29,155,30,6,Green,RAL 6018,#2CA36A
89,29,156,29,6,Green,RAL 6018,#2CA36A
89,29,157,28,6,Green,RAL 6018,#2CA36A
89,29,158,27,6,Green,RAL 6018,#2CA36A
89,29,159,26,8,Gray,RAL 7040,#8E98A3
89,29,160,25,8,Gray,RAL 7040,#8E98A3
89,29,161,24,8,Gray,RAL 7040,#8E98A3
89,29,162,23,8,Gray,RAL 7040,#8E98A3
89,29,163,22,8,Gray,RAL 7040,#8E98A3
89,29,164,21,8,Gray,RAL 7040,#8E98A3
89,29,165,20,8,Gray,RAL 7040,#8E98A3
89,29,166,19,8,Gray,RAL 7040,#8E98A3
89,29,167,18,8,Gray,RAL 7040,#8E98A3
89,29,168,17,8,Gray,RAL 7040,#8E98A3
89,29,169,16,8,Gray,RAL 7040,#8E98A3
89,29,170,15,8,Gray,RAL 7040,#8E98A3
89,29,171,14,8,Gray,RAL 7040,#8E98A3
89,29,172,13,8,Gray,RAL 7040,#8E98A3
89,29,173,12,8,Gray,RAL 7040,#8E98A3
89,29,174,11,8,Gray,RAL 7040,#8E98A3
89,29,175,10,8,Gray,RAL 7040,#8E98A3
89,29,176,9,8,Gray,RAL 7040,#8E98A3
89,29,177,8,8,Gray,RAL 7040,#8E98A3
89,29,178,7,8,Gray,RAL 7040,#8E98A3
89,29,179,6,8,Gray,RAL 7040,#8E98A3
89,29,180,5,6,Green,RAL 6018,#2CA36A
89,29,181,4,6,Green,RAL 6018,#2CA36A
89,29,182,3,6,Green,RAL 6018,#2CA36A
89,29,183,2,6,Green,RAL 6018,#2CA36A
89,29,184,1,6,Green,RAL 6018,#2CA36A
90,28,1,184,2,Black,RAL 9005,#111111
90,28,2,183,2,Black,RAL 9005,#111111
90,28,3,182,2,Black,RAL 9005,#111111
90,28,4,181,2,Black,RAL 9005,#111111
90,28,5,180,2,Black,RAL 9005,#111111
90,28,6,179,2,Black,RAL 9005,#111111
90,28,7,178,2,Black,RAL 9005,#111111
90,28,8,177,2,Black,RAL 9005,#111111
90,28,9,176,2,Black,RAL 9005,#111111
90,28,10,175,2,Black,RAL 9005,#111111
90,28,11,174,2,Black,RAL 9005,#111111
90,28,12,173,2,Black,RAL 9005,#111111
90,28,13,172,2,Black,RAL 9005,#111111
90,28,14,171,2,Black,RAL 9005,#111111
90,28,15,170,2,Black,RAL 9005,#111111
90,28,16,169,2,Black,RAL 9005,#111111
90,28,17,168,2,Black,RAL 9005,#111111
90,28,18,167,2,Black,RAL 9005,#111111
90,28,19,166,2,Black,RAL 9005,#111111
90,28,20,165,2,Black,RAL 9005,#111111
90,28,21,164,2,Black,RAL 9005,#111111
90,28,22,163,2,Black,RAL 9005,#111111
90,28,23,162,2,Black,RAL 9005,#111111
90,28,24,161,2,Black,RAL 9005,#111111
90,28,25,160,2,Black,RAL 9005,#111111
90,28,26,159,2,Black,RAL 9005,#111111
90,28,27,158,2,Black,RAL 9005,#111111
90,28,28,157,2,Black,RAL 9005,#111111
90,28,29,156,2,Black,RAL 9005,#111111
90,28,30,155,2,Black,RAL 9005,#111111
90,28,31,154,2,Black,RAL 9005,#111111
90,28,32,153,2,Black,RAL 9005,#111111
90,28,33,152,2,Black,RAL 9005,#111111
90,28,34,151,2,Black,RAL 9005,#111111
90,28,35,150,2,Black,RAL 9005,#111111
90,28,36,149,2,Black,RAL 9005,#111111
90,28,37,148,2,Black,RAL 9005,#111111
90,28,38,147,2,Black,RAL 9005,#111111
90,28,39,146,2,Black,RAL 9005,#111111
90,28,40,145,2,Black,RAL 9005,#111111
90,28,41,144,2,Black,RAL 9005,#111111
90,28,42,143,2,Black,RAL 9005,#111111
90,28,43,142,2,Black,RAL 9005,#111111
90,28,44,141,2,Black,RAL 9005,#111111
90,28,45,140,2,Black,RAL 9005,#111111
90,28,46,139,2,Black,RAL 9005,#111111
90,28,47,138,2,Black,RAL 9005,#111111
90,28,48,137,2,Black,RAL 9005,#111111
90,28,49,136,2,Black,RAL 9005,#111111
90,28,50,135,2,Black,RAL 9005,#111111
90,28,51,134,2,Black,RAL 9005,#111111
90,28,52,133,2,Black,RAL 9005,#111111
90,28,53,132,2,Black,RAL 9005,#111111
90,28,54,131,2,Black,RAL 9005,#111111
90,28,55,130,2,Black,RAL 9005,#111111
90,28,56,129,2,Black,RAL 9005,#111111
90,28,57,128,2,Black,RAL 9005,#111111
90,28,58,127,2,Black,RAL 9005,#111111
90,28,59,126,2,Black,RAL 9005,#111111
90,28,60,125,2,Black,RAL 9005,#111111
90,28,61,124,2,Black,RAL 9005,#111111
90,28,62,123,2,Black,RAL 9005,#111111
90,28,63,122,2,Black,RAL 9005,#111111
90,28,64,121,2,Black,RAL 9005,#111111
90,28,65,120,2,Black,RAL 9005,#111111
90,28,66,119,2,Black,RAL 9005,#111111
90,28,67,118,2,Black,RAL 9005,#111111
90,28,68,117,2,Black,RAL 9005,#111111
90,28,69,116,2,Black,RAL 9005,#111111
90,28,70,115,2,Black,RAL 9005,#111111
90,28,71,114,2,Black,RAL 9005,#111111
90,28,72,113,2,Black,RAL 9005,#111111
90,28,73,112,2,Black,RAL 9005,#111111
90,28,74,111,2,Black,RAL 9005,#111111
90,28,75,110,2,Black,RAL 9005,#111111
90,28,76,109,2,Black,RAL 9005,#111111
90,28,77,108,2,Black,RAL 9005,#111111
90,28,78,107,2,Black,RAL 9005,#111111
90,28,79,106,8,Gray,RAL 7040,#8E98A3
90,28,80,105,4,Blue,RAL 5015,#2B7FFF
90,28,81,104,8,Gray,RAL 7040,#8E98A3
90,28,82,103,8,Gray,RAL 7040,#8E98A3
90,28,83,102,8,Gray,RAL 7040,#8E98A3
90,28,84,101,8,Gray,RAL 7040,#8E98A3
90,28,85,100,8,Gray,RAL 7040,#8E98A3
90,28,86,99,8,Gray,RAL 7040,#8E98A3
90,28,87,98,8,Gray,RAL 7040,#8E98A3
90,28,88,97,8,Gray,RAL 7040,#8E98A3
90,28,89,96,8,Gray,RAL 7040,#8E98A3
90,28,90,95,8,Gray,RAL 7040,#8E98A3
90,28,91,94,8,Gray,RAL 7040,#8E98A3
90,28,92,93,8,Gray,RAL 7040,#8E98A3
90,28,93,92,8,Gray,RAL 7040,#8E98A3
90,28,94,91,4,Blue,RAL 5015,#2B7FFF
90,28,95,90,4,Blue,RAL 5015,#2B7FFF
90,28,96,89,4,Blue,RAL 5015,#2B7FFF
90,28,97,88,8,Gray,RAL 7040,#8E98A3
90,28,98,87,2,Black,RAL 9005,#111111
90,28,99,86,2,Black,RAL 9005,#111111
90,28,100,85,2,Black,RAL 9005,#111111
90,28,101,84,2,Black,RAL 9005,#111111
90,28,102,83,2,Black,RAL 9005,#111111
90,28,103,82,2,Black,RAL 9005,#111111
90,28,104,81,2,Black,RAL 9005,#111111
90,28,105,80,2,Black,RAL 9005,#111111
90,28,106,79,2,Black,RAL 9005,#111111
90,28,107,78,2,Black,RAL 9005,#111111
90,28,108,77,2,Black,RAL 9005,#111111
90,28,109,76,2,Black,RAL 9005,#111111
90,28,110,75,2,Black,RAL 9005,#111111
90,28,111,74,2,Black,RAL 9005,#111111
90,28,112,73,2,Black,RAL 9005,#111111
90,28,113,72,2,Black,RAL 9005,#111111
90,28,114,71,2,Black,RAL 9005,#111111
90,28,115,70,2,Black,RAL 9005,#111111
90,28,116,69,2,Black,RAL 9005,#111111
90,28,117,68,2,Black,RAL 9005,#111111
90,28,118,67,8,Gray,RAL 7040,#8E98A3
90,28,119,66,8,Gray,RAL 7040,#8E98A3
90,28,120,65,8,Gray,RAL 7040,#8E98A3
90,28,121,64,8,Gray,RAL 7040,#8E98A3
90,28,122,63,8,Gray,RAL 7040,#8E98A3
90,28,123,62,8,Gray,RAL 7040,#8E98A3
90,28,124,61,8,Gray,RAL 7040,#8E98A3
90,28,125,60,8,Gray,RAL 7040,#8E98A3
90,28,126,59,8,Gray,RAL 7040,#8E98A3
90,28,127,58,8,Gray,RAL 7040,#8E98A3
90,28,128,57,8,Gray,RAL 7040,#8E98A3
90,28,129,56,8,Gray,RAL 7040,#8E98A3
90,28,130,55,8,Gray,RAL 7040,#8E98A3
90,28,131,54,8,Gray,RAL 7040,#8E98A3
90,28,132,53,8,Gray,RAL 7040,#8E98A3
90,28,133,52,8,Gray,RAL 7040,#8E98A3
90,28,134,51,8,Gray,RAL 7040,#8E98A3
90,28,135,50,8,Gray,RAL 7040,#8E98A3
90,28,136,49,8,Gray,RAL 7040,#8E98A3
90,28,137,48,8,Gray,RAL 7040,#8E98A3
90,28,138,47,8,Gray,RAL 7040,#8E98A3
90,28,139,46,8,Gray,RAL 7040,#8E98A3
90,28,140,45,8,Gray,RAL 7040,#8E98A3
90,28,141,44,8,Gray,RAL 7040,#8E98A3
90,28,142,43,8,Gray,RAL 7040,#8E98A3
90,28,143,42,8,Gray,RAL 7040,#8E98A3
90,28,144,41,8,Gray,RAL 7040,#8E98A3
90,28,145,40,8,Gray,RAL 7040,#8E98A3
90,28,146,39,8,Gray,RAL 7040,#8E98A3
90,28,147,38,6,Green,RAL 6018,#2CA36A
90,28,148,37,6,Green,RAL 6018,#2CA36A
90,28,149,36,6,Green,RAL 6018,#2CA36A
90,28,150,35,6,Green,RAL 6018,#2CA36A
90,28,151,34,6,Green,RAL 6018,#2CA36A
90,28,152,33,6,Green,RAL 6018,#2CA36A
90,28,153,32,6,Green,RAL 6018,#2CA36A
90,28,154,31,6,Green,RAL 6018,#2CA36A
90,28,155,30,6,Green,RAL 6018,#2CA36A
90,28,156,29,6,Green,RAL 6018,#2CA36A
90,28,157,28,6,Green,RAL 6018,#2CA36A
90,28,158,27,6,Green,RAL 6018,#2CA36A
90,28,159,26,6,Green,RAL 6018,#2CA36A
90,28,160,25,8,Gray,RAL 7040,#8E98A3
90,28,161,24,8,Gray,RAL 7040,#8E98A3
90,28,162,23,8,Gray,RAL 7040,#8E98A3
90,28,163,22,8,Gray,RAL 7040,#8E98A3
90,28,164,21,8,Gray,RAL 7040,#8E98A3
90,28,165,20,8,Gray,RAL 7040,#8E98A3
90,28,166,19,8,Gray,RAL 7040,#8E98A3
90,28,167,18,8,Gray,RAL 7040,#8E98A3
90,28,168,17,8,Gray,RAL 7040,#8E98A3
90,28,169,16,8,Gray,RAL 7040,#8E98A3
90,28,170,15,8,Gray,RAL 7040,#8E98A3
90,28,171,14,8,Gray,RAL 7040,#8E98A3
90,28,172,13,8,Gray,RAL 7040,#8E98A3
90,28,173,12,8,Gray,RAL 7040,#8E98A3
90,28,174,11,8,Gray,RAL 7040,#8E98A3
90,28,175,10,8,Gray,RAL 7040,#8E98A3
90,28,176,9,8,Gray,RAL 7040,#8E98A3
90,28,177,8,8,Gray,RAL 7040,#8E98A3
90,28,178,7,8,Gray,RAL 7040,#8E98A3
90,28,179,6,6,Green,RAL 6018,#2CA36A
90,28,180,5,6,Green,RAL 6018,#2CA36A
90,28,181,4,6,Green,RAL 6018,#2CA36A
90,28,182,3,6,Green,RAL 6018,#2CA36A
90,28,183,2,6,Green,RAL 6018,#2CA36A
90,28,184,1,6,Green,RAL 6018,#2CA36A
91,27,1,184,2,Black,RAL 9005,#111111
91,27,2,183,2,Black,RAL 9005,#111111
91,27,3,182,2,Black,RAL 9005,#111111
91,27,4,181,2,Black,RAL 9005,#111111
91,27,5,180,2,Black,RAL 9005,#111111
91,27,6,179,2,Black,RAL 9005,#111111
91,27,7,178,2,Black,RAL 9005,#111111
91,27,8,177,2,Black,RAL 9005,#111111
91,27,9,176,2,Black,RAL 9005,#111111
91,27,10,175,2,Black,RAL 9005,#111111
91,27,11,174,2,Black,RAL 9005,#111111
91,27,12,173,2,Black,RAL 9005,#111111
91,27,13,172,2,Black,RAL 9005,#111111
91,27,14,171,2,Black,RAL 9005,#111111
91,27,15,170,2,Black,RAL 9005,#111111
91,27,16,169,2,Black,RAL 9005,#111111
91,27,17,168,2,Black,RAL 9005,#111111
91,27,18,167,2,Black,RAL 9005,#111111
91,27,19,166,2,Black,RAL 9005,#111111
91,27,20,165,2,Black,RAL 9005,#111111
91,27,21,164,2,Black,RAL 9005,#111111
91,27,22,163,2,Black,RAL 9005,#111111
91,27,23,162,2,Black,RAL 9005,#111111
91,27,24,161,2,Black,RAL 9005,#111111
91,27,25,160,2,Black,RAL 9005,#111111
91,27,26,159,2,Black,RAL 9005,#111111
91,27,27,158,2,Black,RAL 9005,#111111
91,27,28,157,2,Black,RAL 9005,#111111
91,27,29,156,2,Black,RAL 9005,#111111
91,27,30,155,2,Black,RAL 9005,#111111
91,27,31,154,2,Black,RAL 9005,#111111
91,27,32,153,2,Black,RAL 9005,#111111
91,27,33,152,2,Black,RAL 9005,#111111
91,27,34,151,2,Black,RAL 9005,#111111
91,27,35,150,2,Black,RAL 9005,#111111
91,27,36,149,2,Black,RAL 9005,#111111
91,27,37,148,2,Black,RAL 9005,#111111
91,27,38,147,2,Black,RAL 9005,#111111
91,27,39,146,2,Black,RAL 9005,#111111
91,27,40,145,2,Black,RAL 9005,#111111
91,27,41,144,2,Black,RAL 9005,#111111
91,27,42,143,2,Black,RAL 9005,#111111
91,27,43,142,2,Black,RAL 9005,#111111
91,27,44,141,2,Black,RAL 9005,#111111
91,27,45,140,2,Black,RAL 9005,#111111
91,27,46,139,2,Black,RAL 9005,#111111
91,27,47,138,2,Black,RAL 9005,#111111
91,27,48,137,2,Black,RAL 9005,#111111
91,27,49,136,2,Black,RAL 9005,#111111
91,27,50,135,2,Black,RAL 9005,#111111
91,27,51,134,2,Black,RAL 9005,#111111
91,27,52,133,2,Black,RAL 9005,#111111
91,27,53,132,2,Black,RAL 9005,#111111
91,27,54,131,2,Black,RAL 9005,#111111
91,27,55,130,2,Black,RAL 9005,#111111
91,27,56,129,2,Black,RAL 9005,#111111
91,27,57,128,2,Black,RAL 9005,#111111
91,27,58,127,2,Black,RAL 9005,#111111
91,27,59,126,2,Black,RAL 9005,#111111
91,27,60,125,2,Black,RAL 9005,#111111
91,27,61,124,2,Black,RAL 9005,#111111
91,27,62,123,2,Black,RAL 9005,#111111
91,27,63,122,2,Black,RAL 9005,#111111
91,27,64,121,2,Black,RAL 9005,#111111
91,27,65,120,2,Black,RAL 9005,#111111
91,27,66,119,2,Black,RAL 9005,#111111
91,27,67,118,2,Black,RAL 9005,#111111
91,27,68,117,2,Black,RAL 9005,#111111
91,27,69,116,2,Black,RAL 9005,#111111
91,27,70,115,2,Black,RAL 9005,#111111
91,27,71,114,2,Black,RAL 9005,#111111
91,27,72,113,2,Black,RAL 9005,#111111
91,27,73,112,2,Black,RAL 9005,#111111
91,27,74,111,2,Black,RAL 9005,#111111
91,27,75,110,2,Black,RAL 9005,#111111
91,27,76,109,2,Black,RAL 9005,#111111
91,27,77,108,2,Black,RAL 9005,#111111
91,27,78,107,8,Gray,RAL 7040,#8E98A3
91,27,79,106,4,Blue,RAL 5015,#2B7FFF
91,27,80,105,8,Gray,RAL 7040,#8E98A3
91,27,81,104,8,Gray,RAL 7040,#8E98A3
91,27,82,103,8,Gray,RAL 7040,#8E98A3
91,27,83,102,8,Gray,RAL 7040,#8E98A3
91,27,84,101,8,Gray,RAL 7040,#8E98A3
91,27,85,100,8,Gray,RAL 7040,#8E98A3
91,27,86,99,8,Gray,RAL 7040,#8E98A3
91,27,87,98,8,Gray,RAL 7040,#8E98A3
91,27,88,97,8,Gray,RAL 7040,#8E98A3
91,27,89,96,8,Gray,RAL 7040,#8E98A3
91,27,90,95,8,Gray,RAL 7040,#8E98A3
91,27,91,94,8,Gray,RAL 7040,#8E98A3
91,27,92,93,8,Gray,RAL 7040,#8E98A3
91,27,93,92,8,Gray,RAL 7040,#8E98A3
91,27,94,91,8,Gray,RAL 7040,#8E98A3
91,27,95,90,4,Blue,RAL 5015,#2B7FFF
91,27,96,89,4,Blue,RAL 5015,#2B7FFF
91,27,97,88,4,Blue,RAL 5015,#2B7FFF
91,27,98,87,4,Blue,RAL 5015,#2B7FFF
91,27,99,86,2,Black,RAL 9005,#111111
91,27,100,85,2,Black,RAL 9005,#111111
91,27,101,84,2,Black,RAL 9005,#111111
91,27,102,83,2,Black,RAL 9005,#111111
91,27,103,82,2,Black,RAL 9005,#111111
91,27,104,81,2,Black,RAL 9005,#111111
91,27,105,80,2,Black,RAL 9005,#111111
91,27,106,79,2,Black,RAL 9005,#111111
91,27,107,78,2,Black,RAL 9005,#111111
91,27,108,77,2,Black,RAL 9005,#111111
91,27,109,76,2,Black,RAL 9005,#111111
91,27,110,75,2,Black,RAL 9005,#111111
91,27,111,74,2,Black,RAL 9005,#111111
91,27,112,73,2,Black,RAL 9005,#111111
91,27,113,72,2,Black,RAL 9005,#111111
91,27,114,71,2,Black,RAL 9005,#111111
91,27,115,70,2,Black,RAL 9005,#111111
91,27,116,69,8,Gray,RAL 7040,#8E98A3
91,27,117,68,8,Gray,RAL 7040,#8E98A3
91,27,118,67,8,Gray,RAL 7040,#8E98A3
91,27,119,66,8,Gray,RAL 7040,#8E98A3
91,27,120,65,8,Gray,RAL 7040,#8E98A3
91,27,121,64,8,Gray,RAL 7040,#8E98A3
91,27,122,63,8,Gray,RAL 7040,#8E98A3
91,27,123,62,8,Gray,RAL 7040,#8E98A3
91,27,124,61,8,Gray,RAL 7040,#8E98A3
91,27,125,60,8,Gray,RAL 7040,#8E98A3
91,27,126,59,8,Gray,RAL 7040,#8E98A3
91,27,127,58,8,Gray,RAL 7040,#8E98A3
91,27,128,57,8,Gray,RAL 7040,#8E98A3
91,27,129,56,8,Gray,RAL 7040,#8E98A3
91,27,130,55,8,Gray,RAL 7040,#8E98A3
91,27,131,54,8,Gray,RAL 7040,#8E98A3
91,27,132,53,8,Gray,RAL 7040,#8E98A3
91,27,133,52,8,Gray,RAL 7040,#8E98A3
91,27,134,51,8,Gray,RAL 7040,#8E98A3
91,27,135,50,8,Gray,RAL 7040,#8E98A3
91,27,136,49,8,Gray,RAL 7040,#8E98A3
91,27,137,48,8,Gray,RAL 7040,#8E98A3
91,27,138,47,8,Gray,RAL 7040,#8E98A3
91,27,139,46,8,Gray,RAL 7040,#8E98A3
91,27,140,45,8,Gray,RAL 7040,#8E98A3
91,27,141,44,8,Gray,RAL 7040,#8E98A3
91,27,142,43,8,Gray,RAL 7040,#8E98A3
91,27,143,42,8,Gray,RAL 7040,#8E98A3
91,27,144,41,8,Gray,RAL 7040,#8E98A3
91,27,145,40,8,Gray,RAL 7040,#8E98A3
91,27,146,39,8,Gray,RAL 7040,#8E98A3
91,27,147,38,6,Green,RAL 6018,#2CA36A
91,27,148,37,6,Green,RAL 6018,#2CA36A
91,27,149,36,6,Green,RAL 6018,#2CA36A
91,27,150,35,6,Green,RAL 6018,#2CA36A
91,27,151,34,6,Green,RAL 6018,#2CA36A
91,27,152,33,6,Green,RAL 6018,#2CA36A
91,27,153,32,6,Green,RAL 6018,#2CA36A
91,27,154,31,6,Green,RAL 6018,#2CA36A
91,27,155,30,6,Green,RAL 6018,#2CA36A
91,27,156,29,6,Green,RAL 6018,#2CA36A
91,27,157,28,6,Green,RAL 6018,#2CA36A
91,27,158,27,6,Green,RAL 6018,#2CA36A
91,27,159,26,6,Green,RAL 6018,#2CA36A
91,27,160,25,6,Green,RAL 6018,#2CA36A
91,27,161,24,8,Gray,RAL 7040,#8E98A3
91,27,162,23,8,Gray,RAL 7040,#8E98A3
91,27,163,22,8,Gray,RAL 7040,#8E98A3
91,27,164,21,8,Gray,RAL 7040,#8E98A3
91,27,165,20,8,Gray,RAL 7040,#8E98A3
91,27,166,19,8,Gray,RAL 7040,#8E98A3
91,27,167,18,8,Gray,RAL 7040,#8E98A3
91,27,168,17,8,Gray,RAL 7040,#8E98A3
91,27,169,16,8,Gray,RAL 7040,#8E98A3
91,27,170,15,8,Gray,RAL 7040,#8E98A3
91,27,171,14,8,Gray,RAL 7040,#8E98A3
91,27,172,13,8,Gray,RAL 7040,#8E98A3
91,27,173,12,8,Gray,RAL 7040,#8E98A3
91,27,174,11,8,Gray,RAL 7040,#8E98A3
91,27,175,10,8,Gray,RAL 7040,#8E98A3
91,27,176,9,8,Gray,RAL 7040,#8E98A3
91,27,177,8,8,Gray,RAL 7040,#8E98A3
91,27,178,7,8,Gray,RAL 7040,#8E98A3
91,27,179,6,6,Green,RAL 6018,#2CA36A
91,27,180,5,6,Green,RAL 6018,#2CA36A
91,27,181,4,6,Green,RAL 6018,#2CA36A
91,27,182,3,6,Green,RAL 6018,#2CA36A
91,27,183,2,6,Green,RAL 6018,#2CA36A
91,27,184,1,6,Green,RAL 6018,#2CA36A
92,26,1,184,2,Black,RAL 9005,#111111
92,26,2,183,2,Black,RAL 9005,#111111
92,26,3,182,2,Black,RAL 9005,#111111
92,26,4,181,2,Black,RAL 9005,#111111
92,26,5,180,2,Black,RAL 9005,#111111
92,26,6,179,2,Black,RAL 9005,#111111
92,26,7,178,2,Black,RAL 9005,#111111
92,26,8,177,2,Black,RAL 9005,#111111
92,26,9,176,2,Black,RAL 9005,#111111
92,26,10,175,2,Black,RAL 9005,#111111
92,26,11,174,2,Black,RAL 9005,#111111
92,26,12,173,2,Black,RAL 9005,#111111
92,26,13,172,2,Black,RAL 9005,#111111
92,26,14,171,2,Black,RAL 9005,#111111
92,26,15,170,2,Black,RAL 9005,#111111
92,26,16,169,2,Black,RAL 9005,#111111
92,26,17,168,2,Black,RAL 9005,#111111
92,26,18,167,2,Black,RAL 9005,#111111
92,26,19,166,2,Black,RAL 9005,#111111
92,26,20,165,2,Black,RAL 9005,#111111
92,26,21,164,2,Black,RAL 9005,#111111
92,26,22,163,2,Black,RAL 9005,#111111
92,26,23,162,2,Black,RAL 9005,#111111
92,26,24,161,2,Black,RAL 9005,#111111
92,26,25,160,2,Black,RAL 9005,#111111
92,26,26,159,2,Black,RAL 9005,#111111
92,26,27,158,2,Black,RAL 9005,#111111
92,26,28,157,2,Black,RAL 9005,#111111
92,26,29,156,2,Black,RAL 9005,#111111
92,26,30,155,2,Black,RAL 9005,#111111
92,26,31,154,2,Black,RAL 9005,#111111
92,26,32,153,2,Black,RAL 9005,#111111
92,26,33,152,2,Black,RAL 9005,#111111
92,26,34,151,2,Black,RAL 9005,#111111
92,26,35,150,2,Black,RAL 9005,#111111
92,26,36,149,2,Black,RAL 9005,#111111
92,26,37,148,2,Black,RAL 9005,#111111
92,26,38,147,2,Black,RAL 9005,#111111
92,26,39,146,2,Black,RAL 9005,#111111
92,26,40,145,2,Black,RAL 9005,#111111
92,26,41,144,2,Black,RAL 9005,#111111
92,26,42,143,2,Black,RAL 9005,#111111
92,26,43,142,2,Black,RAL 9005,#111111
92,26,44,141,2,Black,RAL 9005,#111111
92,26,45,140,2,Black,RAL 9005,#111111
92,26,46,139,2,Black,RAL 9005,#111111
92,26,47,138,2,Black,RAL 9005,#111111
92,26,48,137,2,Black,RAL 9005,#111111
92,26,49,136,2,Black,RAL 9005,#111111
92,26,50,135,2,Black,RAL 9005,#111111
92,26,51,134,2,Black,RAL 9005,#111111
92,26,52,133,2,Black,RAL 9005,#111111
92,26,53,132,2,Black,RAL 9005,#111111
92,26,54,131,2,Black,RAL 9005,#111111
92,26,55,130,2,Black,RAL 9005,#111111
92,26,56,129,2,Black,RAL 9005,#111111
92,26,57,128,2,Black,RAL 9005,#111111
92,26,58,127,2,Black,RAL 9005,#111111
92,26,59,126,2,Black,RAL 9005,#111111
92,26,60,125,2,Black,RAL 9005,#111111
92,26,61,124,2,Black,RAL 9005,#111111
92,26,62,123,2,Black,RAL 9005,#111111
92,26,63,122,2,Black,RAL 9005,#111111
92,26,64,121,2,Black,RAL 9005,#111111
92,26,65,120,2,Black,RAL 9005,#111111
92,26,66,119,2,Black,RAL 9005,#111111
92,26,67,118,2,Black,RAL 9005,#111111
92,26,68,117,2,Black,RAL 9005,#111111
92,26,69,116,2,Black,RAL 9005,#111111
92,26,70,115,2,Black,RAL 9005,#111111
92,26,71,114,2,Black,RAL 9005,#111111
92,26,72,113,2,Black,RAL 9005,#111111
92,26,73,112,2,Black,RAL 9005,#111111
92,26,74,111,2,Black,RAL 9005,#111111
92,26,75,110,2,Black,RAL 9005,#111111
92,26,76,109,2,Black,RAL 9005,#111111
92,26,77,108,8,Gray,RAL 7040,#8E98A3
92,26,78,107,4,Blue,RAL 5015,#2B7FFF
92,26,79,106,4,Blue,RAL 5015,#2B7FFF
92,26,80,105,8,Gray,RAL 7040,#8E98A3
92,26,81,104,8,Gray,RAL 7040,#8E98A3
92,26,82,103,8,Gray,RAL 7040,#8E98A3
92,26,83,102,8,Gray,RAL 7040,#8E98A3
92,26,84,101,8,Gray,RAL 7040,#8E98A3
92,26,85,100,8,Gray,RAL 7040,#8E98A3
92,26,86,99,8,Gray,RAL 7040,#8E98A3
92,26,87,98,8,Gray,RAL 7040,#8E98A3
92,26,88,97,8,Gray,RAL 7040,#8E98A3
92,26,89,96,8,Gray,RAL 7040,#8E98A3
92,26,90,95,8,Gray,RAL 7040,#8E98A3
92,26,91,94,8,Gray,RAL 7040,#8E98A3
92,26,92,93,8,Gray,RAL 7040,#8E98A3
92,26,93,92,8,Gray,RAL 7040,#8E98A3
92,26,94,91,8,Gray,RAL 7040,#8E98A3
92,26,95,90,4,Blue,RAL 5015,#2B7FFF
92,26,96,89,4,Blue,RAL 5015,#2B7FFF
92,26,97,88,4,Blue,RAL 5015,#2B7FFF
92,26,98,87,4,Blue,RAL 5015,#2B7FFF
92,26,99,86,4,Blue,RAL 5015,#2B7FFF
92,26,100,85,2,Black,RAL 9005,#111111
92,26,101,84,2,Black,RAL 9005,#111111
92,26,102,83,2,Black,RAL 9005,#111111
92,26,103,82,2,Black,RAL 9005,#111111
92,26,104,81,2,Black,RAL 9005,#111111
92,26,105,80,2,Black,RAL 9005,#111111
92,26,106,79,2,Black,RAL 9005,#111111
92,26,107,78,2,Black,RAL 9005,#111111
92,26,108,77,2,Black,RAL 9005,#111111
92,26,109,76,2,Black,RAL 9005,#111111
92,26,110,75,2,Black,RAL 9005,#111111
92,26,111,74,2,Black,RAL 9005,#111111
92,26,112,73,2,Black,RAL 9005,#111111
92,26,113,72,2,Black,RAL 9005,#111111
92,26,114,71,2,Black,RAL 9005,#111111
92,26,115,70,8,Gray,RAL 7040,#8E98A3
92,26,116,69,8,Gray,RAL 7040,#8E98A3
92,26,117,68,8,Gray,RAL 7040,#8E98A3
92,26,118,67,8,Gray,RAL 7040,#8E98A3
92,26,119,66,8,Gray,RAL 7040,#8E98A3
92,26,120,65,8,Gray,RAL 7040,#8E98A3
92,26,121,64,8,Gray,RAL 7040,#8E98A3
92,26,122,63,8,Gray,RAL 7040,#8E98A3
92,26,123,62,8,Gray,RAL 7040,#8E98A3
92,26,124,61,8,Gray,RAL 7040,#8E98A3
92,26,125,60,8,Gray,RAL 7040,#8E98A3
92,26,126,59,8,Gray,RAL 7040,#8E98A3
92,26,127,58,8,Gray,RAL 7040,#8E98A3
92,26,128,57,8,Gray,RAL 7040,#8E98A3
92,26,129,56,8,Gray,RAL 7040,#8E98A3
92,26,130,55,8,Gray,RAL 7040,#8E98A3
92,26,131,54,8,Gray,RAL 7040,#8E98A3
92,26,132,53,8,Gray,RAL 7040,#8E98A3
92,26,133,52,8,Gray,RAL 7040,#8E98A3
92,26,134,51,8,Gray,RAL 7040,#8E98A3
92,26,135,50,8,Gray,RAL 7040,#8E98A3
92,26,136,49,8,Gray,RAL 7040,#8E98A3
92,26,137,48,8,Gray,RAL 7040,#8E98A3
92,26,138,47,8,Gray,RAL 7040,#8E98A3
92,26,139,46,8,Gray,RAL 7040,#8E98A3
92,26,140,45,8,Gray,RAL 7040,#8E98A3
92,26,141,44,8,Gray,RAL 7040,#8E98A3
92,26,142,43,8,Gray,RAL 7040,#8E98A3
92,26,143,42,8,Gray,RAL 7040,#8E98A3
92,26,144,41,8,Gray,RAL 7040,#8E98A3
92,26,145,40,8,Gray,RAL 7040,#8E98A3
92,26,146,39,8,Gray,RAL 7040,#8E98A3
92,26,147,38,6,Green,RAL 6018,#2CA36A
92,26,148,37,6,Green,RAL 6018,#2CA36A
92,26,149,36,6,Green,RAL 6018,#2CA36A
92,26,150,35,6,Green,RAL 6018,#2CA36A
92,26,151,34,6,Green,RAL 6018,#2CA36A
92,26,152,33,6,Green,RAL 6018,#2CA36A
92,26,153,32,6,Green,RAL 6018,#2CA36A
92,26,154,31,6,Green,RAL 6018,#2CA36A
92,26,155,30,6,Green,RAL 6018,#2CA36A
92,26,156,29,6,Green,RAL 6018,#2CA36A
92,26,157,28,6,Green,RAL 6018,#2CA36A
92,26,158,27,6,Green,RAL 6018,#2CA36A
92,26,159,26,6,Green,RAL 6018,#2CA36A
92,26,160,25,6,Green,RAL 6018,#2CA36A
92,26,161,24,8,Gray,RAL 7040,#8E98A3
92,26,162,23,8,Gray,RAL 7040,#8E98A3
92,26,163,22,8,Gray,RAL 7040,#8E98A3
92,26,164,21,8,Gray,RAL 7040,#8E98A3
92,26,165,20,8,Gray,RAL 7040,#8E98A3
92,26,166,19,8,Gray,RAL 7040,#8E98A3
92,26,167,18,8,Gray,RAL 7040,#8E98A3
92,26,168,17,8,Gray,RAL 7040,#8E98A3
92,26,169,16,8,Gray,RAL 7040,#8E98A3
92,26,170,15,8,Gray,RAL 7040,#8E98A3
92,26,171,14,8,Gray,RAL 7040,#8E98A3
92,26,172,13,8,Gray,RAL 7040,#8E98A3
92,26,173,12,8,Gray,RAL 7040,#8E98A3
92,26,174,11,8,Gray,RAL 7040,#8E98A3
92,26,175,10,8,Gray,RAL 7040,#8E98A3
92,26,176,9,8,Gray,RAL 7040,#8E98A3
92,26,177,8,8,Gray,RAL 7040,#8E98A3
92,26,178,7,6,Green,RAL 6018,#2CA36A
92,26,179,6,6,Green,RAL 6018,#2CA36A
92,26,180,5,6,Green,RAL 6018,#2CA36A
92,26,181,4,6,Green,RAL 6018,#2CA36A
92,26,182,3,6,Green,RAL 6018,#2CA36A
92,26,183,2,6,Green,RAL 6018,#2CA36A
92,26,184,1,6,Green,RAL 6018,#2CA36A
93,25,1,184,2,Black,RAL 9005,#111111
93,25,2,183,2,Black,RAL 9005,#111111
93,25,3,182,2,Black,RAL 9005,#111111
93,25,4,181,2,Black,RAL 9005,#111111
93,25,5,180,2,Black,RAL 9005,#111111
93,25,6,179,2,Black,RAL 9005,#111111
93,25,7,178,2,Black,RAL 9005,#111111
93,25,8,177,2,Black,RAL 9005,#111111
93,25,9,176,2,Black,RAL 9005,#111111
93,25,10,175,2,Black,RAL 9005,#111111
93,25,11,174,2,Black,RAL 9005,#111111
93,25,12,173,2,Black,RAL 9005,#111111
93,25,13,172,2,Black,RAL 9005,#111111
93,25,14,171,2,Black,RAL 9005,#111111
93,25,15,170,2,Black,RAL 9005,#111111
93,25,16,169,2,Black,RAL 9005,#111111
93,25,17,168,2,Black,RAL 9005,#111111
93,25,18,167,2,Black,RAL 9005,#111111
93,25,19,166,2,Black,RAL 9005,#111111
93,25,20,165,2,Black,RAL 9005,#111111
93,25,21,164,2,Black,RAL 9005,#111111
93,25,22,163,2,Black,RAL 9005,#111111
93,25,23,162,2,Black,RAL 9005,#111111
93,25,24,161,2,Black,RAL 9005,#111111
93,25,25,160,2,Black,RAL 9005,#111111
93,25,26,159,2,Black,RAL 9005,#111111
93,25,27,158,2,Black,RAL 9005,#111111
93,25,28,157,2,Black,RAL 9005,#111111
93,25,29,156,2,Black,RAL 9005,#111111
93,25,30,155,2,Black,RAL 9005,#111111
93,25,31,154,2,Black,RAL 9005,#111111
93,25,32,153,2,Black,RAL 9005,#111111
93,25,33,152,2,Black,RAL 9005,#111111
93,25,34,151,2,Black,RAL 9005,#111111
93,25,35,150,2,Black,RAL 9005,#111111
93,25,36,149,2,Black,RAL 9005,#111111
93,25,37,148,2,Black,RAL 9005,#111111
93,25,38,147,2,Black,RAL 9005,#111111
93,25,39,146,2,Black,RAL 9005,#111111
93,25,40,145,2,Black,RAL 9005,#111111
93,25,41,144,2,Black,RAL 9005,#111111
93,25,42,143,2,Black,RAL 9005,#111111
93,25,43,142,2,Black,RAL 9005,#111111
93,25,44,141,2,Black,RAL 9005,#111111
93,25,45,140,2,Black,RAL 9005,#111111
93,25,46,139,2,Black,RAL 9005,#111111
93,25,47,138,2,Black,RAL 9005,#111111
93,25,48,137,2,Black,RAL 9005,#111111
93,25,49,136,2,Black,RAL 9005,#111111
93,25,50,135,2,Black,RAL 9005,#111111
93,25,51,134,2,Black,RAL 9005,#111111
93,25,52,133,2,Black,RAL 9005,#111111
93,25,53,132,2,Black,RAL 9005,#111111
93,25,54,131,2,Black,RAL 9005,#111111
93,25,55,130,2,Black,RAL 9005,#111111
93,25,56,129,2,Black,RAL 9005,#111111
93,25,57,128,2,Black,RAL 9005,#111111
93,25,58,127,2,Black,RAL 9005,#111111
93,25,59,126,2,Black,RAL 9005,#111111
93,25,60,125,2,Black,RAL 9005,#111111
93,25,61,124,2,Black,RAL 9005,#111111
93,25,62,123,2,Black,RAL 9005,#111111
93,25,63,122,2,Black,RAL 9005,#111111
93,25,64,121,2,Black,RAL 9005,#111111
93,25,65,120,2,Black,RAL 9005,#111111
93,25,66,119,2,Black,RAL 9005,#111111
93,25,67,118,2,Black,RAL 9005,#111111
93,25,68,117,2,Black,RAL 9005,#111111
93,25,69,116,2,Black,RAL 9005,#111111
93,25,70,115,2,Black,RAL 9005,#111111
93,25,71,114,2,Black,RAL 9005,#111111
93,25,72,113,2,Black,RAL 9005,#111111
93,25,73,112,2,Black,RAL 9005,#111111
93,25,74,111,2,Black,RAL 9005,#111111
93,25,75,110,2,Black,RAL 9005,#111111
93,25,76,109,8,Gray,RAL 7040,#8E98A3
93,25,77,108,4,Blue,RAL 5015,#2B7FFF
93,25,78,107,4,Blue,RAL 5015,#2B7FFF
93,25,79,106,8,Gray,RAL 7040,#8E98A3
93,25,80,105,8,Gray,RAL 7040,#8E98A3
93,25,81,104,8,Gray,RAL 7040,#8E98A3
93,25,82,103,8,Gray,RAL 7040,#8E98A3
93,25,83,102,8,Gray,RAL 7040,#8E98A3
93,25,84,101,8,Gray,RAL 7040,#8E98A3
93,25,85,100,8,Gray,RAL 7040,#8E98A3
93,25,86,99,8,Gray,RAL 7040,#8E98A3
93,25,87,98,8,Gray,RAL 7040,#8E98A3
93,25,88,97,8,Gray,RAL 7040,#8E98A3
93,25,89,96,8,Gray,RAL 7040,#8E98A3
93,25,90,95,8,Gray,RAL 7040,#8E98A3
93,25,91,94,8,Gray,RAL 7040,#8E98A3
93,25,92,93,8,Gray,RAL 7040,#8E98A3
93,25,93,92,8,Gray,RAL 7040,#8E98A3
93,25,94,91,8,Gray,RAL 7040,#8E98A3
93,25,95,90,4,Blue,RAL 5015,#2B7FFF
93,25,96,89,4,Blue,RAL 5015,#2B7FFF
93,25,97,88,4,Blue,RAL 5015,#2B7FFF
93,25,98,87,4,Blue,RAL 5015,#2B7FFF
93,25,99,86,4,Blue,RAL 5015,#2B7FFF
93,25,100,85,8,Gray,RAL 7040,#8E98A3
93,25,101,84,2,Black,RAL 9005,#111111
93,25,102,83,2,Black,RAL 9005,#111111
93,25,103,82,2,Black,RAL 9005,#111111
93,25,104,81,2,Black,RAL 9005,#111111
93,25,105,80,2,Black,RAL 9005,#111111
93,25,106,79,2,Black,RAL 9005,#111111
93,25,107,78,2,Black,RAL 9005,#111111
93,25,108,77,2,Black,RAL 9005,#111111
93,25,109,76,2,Black,RAL 9005,#111111
93,25,110,75,2,Black,RAL 9005,#111111
93,25,111,74,2,Black,RAL 9005,#111111
93,25,112,73,2,Black,RAL 9005,#111111
93,25,113,72,2,Black,RAL 9005,#111111
93,25,114,71,8,Gray,RAL 7040,#8E98A3
93,25,115,70,8,Gray,RAL 7040,#8E98A3
93,25,116,69,8,Gray,RAL 7040,#8E98A3
93,25,117,68,8,Gray,RAL 7040,#8E98A3
93,25,118,67,8,Gray,RAL 7040,#8E98A3
93,25,119,66,8,Gray,RAL 7040,#8E98A3
93,25,120,65,8,Gray,RAL 7040,#8E98A3
93,25,121,64,8,Gray,RAL 7040,#8E98A3
93,25,122,63,8,Gray,RAL 7040,#8E98A3
93,25,123,62,8,Gray,RAL 7040,#8E98A3
93,25,124,61,8,Gray,RAL 7040,#8E98A3
93,25,125,60,8,Gray,RAL 7040,#8E98A3
93,25,126,59,8,Gray,RAL 7040,#8E98A3
93,25,127,58,8,Gray,RAL 7040,#8E98A3
93,25,128,57,8,Gray,RAL 7040,#8E98A3
93,25,129,56,8,Gray,RAL 7040,#8E98A3
93,25,130,55,8,Gray,RAL 7040,#8E98A3
93,25,131,54,8,Gray,RAL 7040,#8E98A3
93,25,132,53,8,Gray,RAL 7040,#8E98A3
93,25,133,52,8,Gray,RAL 7040,#8E98A3
93,25,134,51,8,Gray,RAL 7040,#8E98A3
93,25,135,50,8,Gray,RAL 7040,#8E98A3
93,25,136,49,8,Gray,RAL 7040,#8E98A3
93,25,137,48,8,Gray,RAL 7040,#8E98A3
93,25,138,47,8,Gray,RAL 7040,#8E98A3
93,25,139,46,8,Gray,RAL 7040,#8E98A3
93,25,140,45,8,Gray,RAL 7040,#8E98A3
93,25,141,44,8,Gray,RAL 7040,#8E98A3
93,25,142,43,8,Gray,RAL 7040,#8E98A3
93,25,143,42,8,Gray,RAL 7040,#8E98A3
93,25,144,41,8,Gray,RAL 7040,#8E98A3
93,25,145,40,8,Gray,RAL 7040,#8E98A3
93,25,146,39,8,Gray,RAL 7040,#8E98A3
93,25,147,38,6,Green,RAL 6018,#2CA36A
93,25,148,37,6,Green,RAL 6018,#2CA36A
93,25,149,36,6,Green,RAL 6018,#2CA36A
93,25,150,35,6,Green,RAL 6018,#2CA36A
93,25,151,34,6,Green,RAL 6018,#2CA36A
93,25,152,33,6,Green,RAL 6018,#2CA36A
93,25,153,32,6,Green,RAL 6018,#2CA36A
93,25,154,31,6,Green,RAL 6018,#2CA36A
93,25,155,30,6,Green,RAL 6018,#2CA36A
93,25,156,29,6,Green,RAL 6018,#2CA36A
93,25,157,28,6,Green,RAL 6018,#2CA36A
93,25,158,27,6,Green,RAL 6018,#2CA36A
93,25,159,26,6,Green,RAL 6018,#2CA36A
93,25,160,25,6,Green,RAL 6018,#2CA36A
93,25,161,24,6,Green,RAL 6018,#2CA36A
93,25,162,23,8,Gray,RAL 7040,#8E98A3
93,25,163,22,8,Gray,RAL 7040,#8E98A3
93,25,164,21,8,Gray,RAL 7040,#8E98A3
93,25,165,20,8,Gray,RAL 7040,#8E98A3
93,25,166,19,8,Gray,RAL 7040,#8E98A3
93,25,167,18,8,Gray,RAL 7040,#8E98A3
93,25,168,17,8,Gray,RAL 7040,#8E98A3
93,25,169,16,8,Gray,RAL 7040,#8E98A3
93,25,170,15,8,Gray,RAL 7040,#8E98A3
93,25,171,14,8,Gray,RAL 7040,#8E98A3
93,25,172,13,8,Gray,RAL 7040,#8E98A3
93,25,173,12,8,Gray,RAL 7040,#8E98A3
93,25,174,11,8,Gray,RAL 7040,#8E98A3
93,25,175,10,8,Gray,RAL 7040,#8E98A3
93,25,176,9,8,Gray,RAL 7040,#8E98A3
93,25,177,8,8,Gray,RAL 7040,#8E98A3
93,25,178,7,6,Green,RAL 6018,#2CA36A
93,25,179,6,6,Green,RAL 6018,#2CA36A
93,25,180,5,6,Green,RAL 6018,#2CA36A
93,25,181,4,6,Green,RAL 6018,#2CA36A
93,25,182,3,6,Green,RAL 6018,#2CA36A
93,25,183,2,6,Green,RAL 6018,#2CA36A
93,25,184,1,6,Green,RAL 6018,#2CA36A
94,24,1,184,2,Black,RAL 9005,#111111
94,24,2,183,2,Black,RAL 9005,#111111
94,24,3,182,2,Black,RAL 9005,#111111
94,24,4,181,2,Black,RAL 9005,#111111
94,24,5,180,2,Black,RAL 9005,#111111
94,24,6,179,2,Black,RAL 9005,#111111
94,24,7,178,2,Black,RAL 9005,#111111
94,24,8,177,2,Black,RAL 9005,#111111
94,24,9,176,2,Black,RAL 9005,#111111
94,24,10,175,2,Black,RAL 9005,#111111
94,24,11,174,2,Black,RAL 9005,#111111
94,24,12,173,2,Black,RAL 9005,#111111
94,24,13,172,2,Black,RAL 9005,#111111
94,24,14,171,2,Black,RAL 9005,#111111
94,24,15,170,2,Black,RAL 9005,#111111
94,24,16,169,2,Black,RAL 9005,#111111
94,24,17,168,2,Black,RAL 9005,#111111
94,24,18,167,2,Black,RAL 9005,#111111
94,24,19,166,2,Black,RAL 9005,#111111
94,24,20,165,2,Black,RAL 9005,#111111
94,24,21,164,2,Black,RAL 9005,#111111
94,24,22,163,2,Black,RAL 9005,#111111
94,24,23,162,2,Black,RAL 9005,#111111
94,24,24,161,2,Black,RAL 9005,#111111
94,24,25,160,2,Black,RAL 9005,#111111
94,24,26,159,2,Black,RAL 9005,#111111
94,24,27,158,2,Black,RAL 9005,#111111
94,24,28,157,2,Black,RAL 9005,#111111
94,24,29,156,2,Black,RAL 9005,#111111
94,24,30,155,2,Black,RAL 9005,#111111
94,24,31,154,2,Black,RAL 9005,#111111
94,24,32,153,2,Black,RAL 9005,#111111
94,24,33,152,2,Black,RAL 9005,#111111
94,24,34,151,2,Black,RAL 9005,#111111
94,24,35,150,2,Black,RAL 9005,#111111
94,24,36,149,2,Black,RAL 9005,#111111
94,24,37,148,2,Black,RAL 9005,#111111
94,24,38,147,2,Black,RAL 9005,#111111
94,24,39,146,2,Black,RAL 9005,#111111
94,24,40,145,2,Black,RAL 9005,#111111
94,24,41,144,2,Black,RAL 9005,#111111
94,24,42,143,2,Black,RAL 9005,#111111
94,24,43,142,2,Black,RAL 9005,#111111
94,24,44,141,2,Black,RAL 9005,#111111
94,24,45,140,2,Black,RAL 9005,#111111
94,24,46,139,2,Black,RAL 9005,#111111
94,24,47,138,2,Black,RAL 9005,#111111
94,24,48,137,2,Black,RAL 9005,#111111
94,24,49,136,2,Black,RAL 9005,#111111
94,24,50,135,2,Black,RAL 9005,#111111
94,24,51,134,2,Black,RAL 9005,#111111
94,24,52,133,2,Black,RAL 9005,#111111
94,24,53,132,2,Black,RAL 9005,#111111
94,24,54,131,2,Black,RAL 9005,#111111
94,24,55,130,2,Black,RAL 9005,#111111
94,24,56,129,2,Black,RAL 9005,#111111
94,24,57,128,2,Black,RAL 9005,#111111
94,24,58,127,2,Black,RAL 9005,#111111
94,24,59,126,2,Black,RAL 9005,#111111
94,24,60,125,2,Black,RAL 9005,#111111
94,24,61,124,2,Black,RAL 9005,#111111
94,24,62,123,2,Black,RAL 9005,#111111
94,24,63,122,2,Black,RAL 9005,#111111
94,24,64,121,2,Black,RAL 9005,#111111
94,24,65,120,2,Black,RAL 9005,#111111
94,24,66,119,2,Black,RAL 9005,#111111
94,24,67,118,2,Black,RAL 9005,#111111
94,24,68,117,2,Black,RAL 9005,#111111
94,24,69,116,2,Black,RAL 9005,#111111
94,24,70,115,2,Black,RAL 9005,#111111
94,24,71,114,2,Black,RAL 9005,#111111
94,24,72,113,2,Black,RAL 9005,#111111
94,24,73,112,2,Black,RAL 9005,#111111
94,24,74,111,2,Black,RAL 9005,#111111
94,24,75,110,8,Gray,RAL 7040,#8E98A3
94,24,76,109,4,Blue,RAL 5015,#2B7FFF
94,24,77,108,4,Blue,RAL 5015,#2B7FFF
94,24,78,107,4,Blue,RAL 5015,#2B7FFF
94,24,79,106,8,Gray,RAL 7040,#8E98A3
94,24,80,105,8,Gray,RAL 7040,#8E98A3
94,24,81,104,8,Gray,RAL 7040,#8E98A3
94,24,82,103,8,Gray,RAL 7040,#8E98A3
94,24,83,102,8,Gray,RAL 7040,#8E98A3
94,24,84,101,8,Gray,RAL 7040,#8E98A3
94,24,85,100,8,Gray,RAL 7040,#8E98A3
94,24,86,99,8,Gray,RAL 7040,#8E98A3
94,24,87,98,8,Gray,RAL 7040,#8E98A3
94,24,88,97,8,Gray,RAL 7040,#8E98A3
94,24,89,96,8,Gray,RAL 7040,#8E98A3
94,24,90,95,8,Gray,RAL 7040,#8E98A3
94,24,91,94,8,Gray,RAL 7040,#8E98A3
94,24,92,93,8,Gray,RAL 7040,#8E98A3
94,24,93,92,8,Gray,RAL 7040,#8E98A3
94,24,94,91,8,Gray,RAL 7040,#8E98A3
94,24,95,90,8,Gray,RAL 7040,#8E98A3
94,24,96,89,4,Blue,RAL 5015,#2B7FFF
94,24,97,88,4,Blue,RAL 5015,#2B7FFF
94,24,98,87,4,Blue,RAL 5015,#2B7FFF
94,24,99,86,4,Blue,RAL 5015,#2B7FFF
94,24,100,85,4,Blue,RAL 5015,#2B7FFF
94,24,101,84,2,Black,RAL 9005,#111111
94,24,102,83,2,Black,RAL 9005,#111111
94,24,103,82,2,Black,RAL 9005,#111111
94,24,104,81,2,Black,RAL 9005,#111111
94,24,105,80,2,Black,RAL 9005,#111111
94,24,106,79,2,Black,RAL 9005,#111111
94,24,107,78,2,Black,RAL 9005,#111111
94,24,108,77,2,Black,RAL 9005,#111111
94,24,109,76,2,Black,RAL 9005,#111111
94,24,110,75,2,Black,RAL 9005,#111111
94,24,111,74,2,Black,RAL 9005,#111111
94,24,112,73,2,Black,RAL 9005,#111111
94,24,113,72,8,Gray,RAL 7040,#8E98A3
94,24,114,71,8,Gray,RAL 7040,#8E98A3
94,24,115,70,8,Gray,RAL 7040,#8E98A3
94,24,116,69,8,Gray,RAL 7040,#8E98A3
94,24,117,68,8,Gray,RAL 7040,#8E98A3
94,24,118,67,8,Gray,RAL 7040,#8E98A3
94,24,119,66,8,Gray,RAL 7040,#8E98A3
94,24,120,65,8,Gray,RAL 7040,#8E98A3
94,24,121,64,8,Gray,RAL 7040,#8E98A3
94,24,122,63,8,Gray,RAL 7040,#8E98A3
94,24,123,62,8,Gray,RAL 7040,#8E98A3
94,24,124,61,8,Gray,RAL 7040,#8E98A3
94,24,125,60,8,Gray,RAL 7040,#8E98A3
94,24,126,59,8,Gray,RAL 7040,#8E98A3
94,24,127,58,8,Gray,RAL 7040,#8E98A3
94,24,128,57,8,Gray,RAL 7040,#8E98A3
94,24,129,56,8,Gray,RAL 7040,#8E98A3
94,24,130,55,8,Gray,RAL 7040,#8E98A3
94,24,131,54,8,Gray,RAL 7040,#8E98A3
94,24,132,53,8,Gray,RAL 7040,#8E98A3
94,24,133,52,8,Gray,RAL 7040,#8E98A3
94,24,134,51,8,Gray,RAL 7040,#8E98A3
94,24,135,50,8,Gray,RAL 7040,#8E98A3
94,24,136,49,8,Gray,RAL 7040,#8E98A3
94,24,137,48,8,Gray,RAL 7040,#8E98A3
94,24,138,47,8,Gray,RAL 7040,#8E98A3
94,24,139,46,8,Gray,RAL 7040,#8E98A3
94,24,140,45,8,Gray,RAL 7040,#8E98A3
94,24,141,44,8,Gray,RAL 7040,#8E98A3
94,24,142,43,8,Gray,RAL 7040,#8E98A3
94,24,143,42,8,Gray,RAL 7040,#8E98A3
94,24,144,41,8,Gray,RAL 7040,#8E98A3
94,24,145,40,8,Gray,RAL 7040,#8E98A3
94,24,146,39,6,Green,RAL 6018,#2CA36A
94,24,147,38,6,Green,RAL 6018,#2CA36A
94,24,148,37,6,Green,RAL 6018,#2CA36A
94,24,149,36,6,Green,RAL 6018,#2CA36A
94,24,150,35,6,Green,RAL 6018,#2CA36A
94,24,151,34,6,Green,RAL 6018,#2CA36A
94,24,152,33,6,Green,RAL 6018,#2CA36A
94,24,153,32,6,Green,RAL 6018,#2CA36A
94,24,154,31,6,Green,RAL 6018,#2CA36A
94,24,155,30,6,Green,RAL 6018,#2CA36A
94,24,156,29,6,Green,RAL 6018,#2CA36A
94,24,157,28,6,Green,RAL 6018,#2CA36A
94,24,158,27,6,Green,RAL 6018,#2CA36A
94,24,159,26,6,Green,RAL 6018,#2CA36A
94,24,160,25,6,Green,RAL 6018,#2CA36A
94,24,161,24,6,Green,RAL 6018,#2CA36A
94,24,162,23,8,Gray,RAL 7040,#8E98A3
94,24,163,22,8,Gray,RAL 7040,#8E98A3
94,24,164,21,8,Gray,RAL 7040,#8E98A3
94,24,165,20,8,Gray,RAL 7040,#8E98A3
94,24,166,19,8,Gray,RAL 7040,#8E98A3
94,24,167,18,8,Gray,RAL 7040,#8E98A3
94,24,168,17,8,Gray,RAL 7040,#8E98A3
94,24,169,16,8,Gray,RAL 7040,#8E98A3
94,24,170,15,8,Gray,RAL 7040,#8E98A3
94,24,171,14,8,Gray,RAL 7040,#8E98A3
94,24,172,13,8,Gray,RAL 7040,#8E98A3
94,24,173,12,8,Gray,RAL 7040,#8E98A3
94,24,174,11,8,Gray,RAL 7040,#8E98A3
94,24,175,10,8,Gray,RAL 7040,#8E98A3
94,24,176,9,8,Gray,RAL 7040,#8E98A3
94,24,177,8,6,Green,RAL 6018,#2CA36A
94,24,178,7,6,Green,RAL 6018,#2CA36A
94,24,179,6,6,Green,RAL 6018,#2CA36A
94,24,180,5,6,Green,RAL 6018,#2CA36A
94,24,181,4,6,Green,RAL 6018,#2CA36A
94,24,182,3,6,Green,RAL 6018,#2CA36A
94,24,183,2,6,Green,RAL 6018,#2CA36A
94,24,184,1,6,Green,RAL 6018,#2CA36A
95,23,1,184,2,Black,RAL 9005,#111111
95,23,2,183,2,Black,RAL 9005,#111111
95,23,3,182,2,Black,RAL 9005,#111111
95,23,4,181,2,Black,RAL 9005,#111111
95,23,5,180,2,Black,RAL 9005,#111111
95,23,6,179,2,Black,RAL 9005,#111111
95,23,7,178,2,Black,RAL 9005,#111111
95,23,8,177,2,Black,RAL 9005,#111111
95,23,9,176,2,Black,RAL 9005,#111111
95,23,10,175,2,Black,RAL 9005,#111111
95,23,11,174,2,Black,RAL 9005,#111111
95,23,12,173,2,Black,RAL 9005,#111111
95,23,13,172,2,Black,RAL 9005,#111111
95,23,14,171,2,Black,RAL 9005,#111111
95,23,15,170,2,Black,RAL 9005,#111111
95,23,16,169,2,Black,RAL 9005,#111111
95,23,17,168,2,Black,RAL 9005,#111111
95,23,18,167,2,Black,RAL 9005,#111111
95,23,19,166,2,Black,RAL 9005,#111111
95,23,20,165,2,Black,RAL 9005,#111111
95,23,21,164,2,Black,RAL 9005,#111111
95,23,22,163,2,Black,RAL 9005,#111111
95,23,23,162,2,Black,RAL 9005,#111111
95,23,24,161,2,Black,RAL 9005,#111111
95,23,25,160,2,Black,RAL 9005,#111111
95,23,26,159,2,Black,RAL 9005,#111111
95,23,27,158,2,Black,RAL 9005,#111111
95,23,28,157,2,Black,RAL 9005,#111111
95,23,29,156,2,Black,RAL 9005,#111111
95,23,30,155,2,Black,RAL 9005,#111111
95,23,31,154,2,Black,RAL 9005,#111111
95,23,32,153,2,Black,RAL 9005,#111111
95,23,33,152,2,Black,RAL 9005,#111111
95,23,34,151,2,Black,RAL 9005,#111111
95,23,35,150,2,Black,RAL 9005,#111111
95,23,36,149,2,Black,RAL 9005,#111111
95,23,37,148,2,Black,RAL 9005,#111111
95,23,38,147,2,Black,RAL 9005,#111111
95,23,39,146,2,Black,RAL 9005,#111111
95,23,40,145,2,Black,RAL 9005,#111111
95,23,41,144,2,Black,RAL 9005,#111111
95,23,42,143,2,Black,RAL 9005,#111111
95,23,43,142,2,Black,RAL 9005,#111111
95,23,44,141,2,Black,RAL 9005,#111111
95,23,45,140,2,Black,RAL 9005,#111111
95,23,46,139,2,Black,RAL 9005,#111111
95,23,47,138,2,Black,RAL 9005,#111111
95,23,48,137,2,Black,RAL 9005,#111111
95,23,49,136,2,Black,RAL 9005,#111111
95,23,50,135,2,Black,RAL 9005,#111111
95,23,51,134,2,Black,RAL 9005,#111111
95,23,52,133,2,Black,RAL 9005,#111111
95,23,53,132,2,Black,RAL 9005,#111111
95,23,54,131,2,Black,RAL 9005,#111111
95,23,55,130,2,Black,RAL 9005,#111111
95,23,56,129,2,Black,RAL 9005,#111111
95,23,57,128,2,Black,RAL 9005,#111111
95,23,58,127,2,Black,RAL 9005,#111111
95,23,59,126,2,Black,RAL 9005,#111111
95,23,60,125,2,Black,RAL 9005,#111111
95,23,61,124,2,Black,RAL 9005,#111111
95,23,62,123,2,Black,RAL 9005,#111111
95,23,63,122,2,Black,RAL 9005,#111111
95,23,64,121,2,Black,RAL 9005,#111111
95,23,65,120,2,Black,RAL 9005,#111111
95,23,66,119,2,Black,RAL 9005,#111111
95,23,67,118,2,Black,RAL 9005,#111111
95,23,68,117,2,Black,RAL 9005,#111111
95,23,69,116,2,Black,RAL 9005,#111111
95,23,70,115,2,Black,RAL 9005,#111111
95,23,71,114,2,Black,RAL 9005,#111111
95,23,72,113,2,Black,RAL 9005,#111111
95,23,73,112,2,Black,RAL 9005,#111111
95,23,74,111,2,Black,RAL 9005,#111111
95,23,75,110,8,Gray,RAL 7040,#8E98A3
95,23,76,109,4,Blue,RAL 5015,#2B7FFF
95,23,77,108,4,Blue,RAL 5015,#2B7FFF
95,23,78,107,8,Gray,RAL 7040,#8E98A3
95,23,79,106,8,Gray,RAL 7040,#8E98A3
95,23,80,105,8,Gray,RAL 7040,#8E98A3
95,23,81,104,8,Gray,RAL 7040,#8E98A3
95,23,82,103,8,Gray,RAL 7040,#8E98A3
95,23,83,102,8,Gray,RAL 7040,#8E98A3
95,23,84,101,8,Gray,RAL 7040,#8E98A3
95,23,85,100,8,Gray,RAL 7040,#8E98A3
95,23,86,99,8,Gray,RAL 7040,#8E98A3
95,23,87,98,8,Gray,RAL 7040,#8E98A3
95,23,88,97,8,Gray,RAL 7040,#8E98A3
95,23,89,96,8,Gray,RAL 7040,#8E98A3
95,23,90,95,8,Gray,RAL 7040,#8E98A3
95,23,91,94,8,Gray,RAL 7040,#8E98A3
95,23,92,93,8,Gray,RAL 7040,#8E98A3
95,23,93,92,8,Gray,RAL 7040,#8E98A3
95,23,94,91,8,Gray,RAL 7040,#8E98A3
95,23,95,90,8,Gray,RAL 7040,#8E98A3
95,23,96,89,8,Gray,RAL 7040,#8E98A3
95,23,97,88,4,Blue,RAL 5015,#2B7FFF
95,23,98,87,4,Blue,RAL 5015,#2B7FFF
95,23,99,86,4,Blue,RAL 5015,#2B7FFF
95,23,100,85,4,Blue,RAL 5015,#2B7FFF
95,23,101,84,4,Blue,RAL 5015,#2B7FFF
95,23,102,83,2,Black,RAL 9005,#111111
95,23,103,82,2,Black,RAL 9005,#111111
95,23,104,81,2,Black,RAL 9005,#111111
95,23,105,80,2,Black,RAL 9005,#111111
95,23,106,79,2,Black,RAL 9005,#111111
95,23,107,78,2,Black,RAL 9005,#111111
95,23,108,77,2,Black,RAL 9005,#111111
95,23,109,76,2,Black,RAL 9005,#111111
95,23,110,75,2,Black,RAL 9005,#111111
95,23,111,74,2,Black,RAL 9005,#111111
95,23,112,73,2,Black,RAL 9005,#111111
95,23,113,72,8,Gray,RAL 7040,#8E98A3
95,23,114,71,8,Gray,RAL 7040,#8E98A3
95,23,115,70,8,Gray,RAL 7040,#8E98A3
95,23,116,69,8,Gray,RAL 7040,#8E98A3
95,23,117,68,8,Gray,RAL 7040,#8E98A3
95,23,118,67,8,Gray,RAL 7040,#8E98A3
95,23,119,66,8,Gray,RAL 7040,#8E98A3
95,23,120,65,8,Gray,RAL 7040,#8E98A3
95,23,121,64,8,Gray,RAL 7040,#8E98A3
95,23,122,63,8,Gray,RAL 7040,#8E98A3
95,23,123,62,8,Gray,RAL 7040,#8E98A3
95,23,124,61,8,Gray,RAL 7040,#8E98A3
95,23,125,60,8,Gray,RAL 7040,#8E98A3
95,23,126,59,8,Gray,RAL 7040,#8E98A3
95,23,127,58,8,Gray,RAL 7040,#8E98A3
95,23,128,57,8,Gray,RAL 7040,#8E98A3
95,23,129,56,8,Gray,RAL 7040,#8E98A3
95,23,130,55,8,Gray,RAL 7040,#8E98A3
95,23,131,54,8,Gray,RAL 7040,#8E98A3
95,23,132,53,8,Gray,RAL 7040,#8E98A3
95,23,133,52,8,Gray,RAL 7040,#8E98A3
95,23,134,51,8,Gray,RAL 7040,#8E98A3
95,23,135,50,8,Gray,RAL 7040,#8E98A3
95,23,136,49,8,Gray,RAL 7040,#8E98A3
95,23,137,48,8,Gray,RAL 7040,#8E98A3
95,23,138,47,8,Gray,RAL 7040,#8E98A3
95,23,139,46,8,Gray,RAL 7040,#8E98A3
95,23,140,45,8,Gray,RAL 7040,#8E98A3
95,23,141,44,8,Gray,RAL 7040,#8E98A3
95,23,142,43,8,Gray,RAL 7040,#8E98A3
95,23,143,42,8,Gray,RAL 7040,#8E98A3
95,23,144,41,8,Gray,RAL 7040,#8E98A3
95,23,145,40,8,Gray,RAL 7040,#8E98A3
95,23,146,39,6,Green,RAL 6018,#2CA36A
95,23,147,38,6,Green,RAL 6018,#2CA36A
95,23,148,37,6,Green,RAL 6018,#2CA36A
95,23,149,36,6,Green,RAL 6018,#2CA36A
95,23,150,35,6,Green,RAL 6018,#2CA36A
95,23,151,34,6,Green,RAL 6018,#2CA36A
95,23,152,33,6,Green,RAL 6018,#2CA36A
95,23,153,32,6,Green,RAL 6018,#2CA36A
95,23,154,31,6,Green,RAL 6018,#2CA36A
95,23,155,30,6,Green,RAL 6018,#2CA36A
95,23,156,29,6,Green,RAL 6018,#2CA36A
95,23,157,28,6,Green,RAL 6018,#2CA36A
95,23,158,27,6,Green,RAL 6018,#2CA36A
95,23,159,26,6,Green,RAL 6018,#2CA36A
95,23,160,25,6,Green,RAL 6018,#2CA36A
95,23,161,24,6,Green,RAL 6018,#2CA36A
95,23,162,23,8,Gray,RAL 7040,#8E98A3
95,23,163,22,8,Gray,RAL 7040,#8E98A3
95,23,164,21,8,Gray,RAL 7040,#8E98A3
95,23,165,20,8,Gray,RAL 7040,#8E98A3
95,23,166,19,8,Gray,RAL 7040,#8E98A3
95,23,167,18,8,Gray,RAL 7040,#8E98A3
95,23,168,17,8,Gray,RAL 7040,#8E98A3
95,23,169,16,8,Gray,RAL 7040,#8E98A3
95,23,170,15,8,Gray,RAL 7040,#8E98A3
95,23,171,14,8,Gray,RAL 7040,#8E98A3
95,23,172,13,8,Gray,RAL 7040,#8E98A3
95,23,173,12,8,Gray,RAL 7040,#8E98A3
95,23,174,11,8,Gray,RAL 7040,#8E98A3
95,23,175,10,8,Gray,RAL 7040,#8E98A3
95,23,176,9,8,Gray,RAL 7040,#8E98A3
95,23,177,8,6,Green,RAL 6018,#2CA36A
95,23,178,7,6,Green,RAL 6018,#2CA36A
95,23,179,6,6,Green,RAL 6018,#2CA36A
95,23,180,5,6,Green,RAL 6018,#2CA36A
95,23,181,4,6,Green,RAL 6018,#2CA36A
95,23,182,3,6,Green,RAL 6018,#2CA36A
95,23,183,2,6,Green,RAL 6018,#2CA36A
95,23,184,1,6,Green,RAL 6018,#2CA36A
96,22,1,184,2,Black,RAL 9005,#111111
96,22,2,183,2,Black,RAL 9005,#111111
96,22,3,182,2,Black,RAL 9005,#111111
96,22,4,181,2,Black,RAL 9005,#111111
96,22,5,180,2,Black,RAL 9005,#111111
96,22,6,179,2,Black,RAL 9005,#111111
96,22,7,178,2,Black,RAL 9005,#111111
96,22,8,177,2,Black,RAL 9005,#111111
96,22,9,176,2,Black,RAL 9005,#111111
96,22,10,175,2,Black,RAL 9005,#111111
96,22,11,174,2,Black,RAL 9005,#111111
96,22,12,173,2,Black,RAL 9005,#111111
96,22,13,172,2,Black,RAL 9005,#111111
96,22,14,171,2,Black,RAL 9005,#111111
96,22,15,170,2,Black,RAL 9005,#111111
96,22,16,169,2,Black,RAL 9005,#111111
96,22,17,168,2,Black,RAL 9005,#111111
96,22,18,167,2,Black,RAL 9005,#111111
96,22,19,166,2,Black,RAL 9005,#111111
96,22,20,165,2,Black,RAL 9005,#111111
96,22,21,164,2,Black,RAL 9005,#111111
96,22,22,163,2,Black,RAL 9005,#111111
96,22,23,162,2,Black,RAL 9005,#111111
96,22,24,161,2,Black,RAL 9005,#111111
96,22,25,160,2,Black,RAL 9005,#111111
96,22,26,159,2,Black,RAL 9005,#111111
96,22,27,158,2,Black,RAL 9005,#111111
96,22,28,157,2,Black,RAL 9005,#111111
96,22,29,156,2,Black,RAL 9005,#111111
96,22,30,155,2,Black,RAL 9005,#111111
96,22,31,154,2,Black,RAL 9005,#111111
96,22,32,153,2,Black,RAL 9005,#111111
96,22,33,152,2,Black,RAL 9005,#111111
96,22,34,151,2,Black,RAL 9005,#111111
96,22,35,150,2,Black,RAL 9005,#111111
96,22,36,149,2,Black,RAL 9005,#111111
96,22,37,148,2,Black,RAL 9005,#111111
96,22,38,147,2,Black,RAL 9005,#111111
96,22,39,146,2,Black,RAL 9005,#111111
96,22,40,145,2,Black,RAL 9005,#111111
96,22,41,144,2,Black,RAL 9005,#111111
96,22,42,143,2,Black,RAL 9005,#111111
96,22,43,142,2,Black,RAL 9005,#111111
96,22,44,141,2,Black,RAL 9005,#111111
96,22,45,140,2,Black,RAL 9005,#111111
96,22,46,139,2,Black,RAL 9005,#111111
96,22,47,138,2,Black,RAL 9005,#111111
96,22,48,137,2,Black,RAL 9005,#111111
96,22,49,136,2,Black,RAL 9005,#111111
96,22,50,135,2,Black,RAL 9005,#111111
96,22,51,134,2,Black,RAL 9005,#111111
96,22,52,133,2,Black,RAL 9005,#111111
96,22,53,132,2,Black,RAL 9005,#111111
96,22,54,131,2,Black,RAL 9005,#111111
96,22,55,130,2,Black,RAL 9005,#111111
96,22,56,129,2,Black,RAL 9005,#111111
96,22,57,128,2,Black,RAL 9005,#111111
96,22,58,127,2,Black,RAL 9005,#111111
96,22,59,126,2,Black,RAL 9005,#111111
96,22,60,125,2,Black,RAL 9005,#111111
96,22,61,124,2,Black,RAL 9005,#111111
96,22,62,123,2,Black,RAL 9005,#111111
96,22,63,122,2,Black,RAL 9005,#111111
96,22,64,121,2,Black,RAL 9005,#111111
96,22,65,120,2,Black,RAL 9005,#111111
96,22,66,119,2,Black,RAL 9005,#111111
96,22,67,118,2,Black,RAL 9005,#111111
96,22,68,117,2,Black,RAL 9005,#111111
96,22,69,116,2,Black,RAL 9005,#111111
96,22,70,115,2,Black,RAL 9005,#111111
96,22,71,114,2,Black,RAL 9005,#111111
96,22,72,113,2,Black,RAL 9005,#111111
96,22,73,112,2,Black,RAL 9005,#111111
96,22,74,111,8,Gray,RAL 7040,#8E98A3
96,22,75,110,4,Blue,RAL 5015,#2B7FFF
96,22,76,109,4,Blue,RAL 5015,#2B7FFF
96,22,77,108,4,Blue,RAL 5015,#2B7FFF
96,22,78,107,8,Gray,RAL 7040,#8E98A3
96,22,79,106,8,Gray,RAL 7040,#8E98A3
96,22,80,105,8,Gray,RAL 7040,#8E98A3
96,22,81,104,8,Gray,RAL 7040,#8E98A3
96,22,82,103,8,Gray,RAL 7040,#8E98A3
96,22,83,102,8,Gray,RAL 7040,#8E98A3
96,22,84,101,8,Gray,RAL 7040,#8E98A3
96,22,85,100,8,Gray,RAL 7040,#8E98A3
96,22,86,99,8,Gray,RAL 7040,#8E98A3
96,22,87,98,8,Gray,RAL 7040,#8E98A3
96,22,88,97,8,Gray,RAL 7040,#8E98A3
96,22,89,96,8,Gray,RAL 7040,#8E98A3
96,22,90,95,8,Gray,RAL 7040,#8E98A3
96,22,91,94,8,Gray,RAL 7040,#8E98A3
96,22,92,93,8,Gray,RAL 7040,#8E98A3
96,22,93,92,8,Gray,RAL 7040,#8E98A3
96,22,94,91,8,Gray,RAL 7040,#8E98A3
96,22,95,90,8,Gray,RAL 7040,#8E98A3
96,22,96,89,8,Gray,RAL 7040,#8E98A3
96,22,97,88,8,Gray,RAL 7040,#8E98A3
96,22,98,87,4,Blue,RAL 5015,#2B7FFF
96,22,99,86,4,Blue,RAL 5015,#2B7FFF
96,22,100,85,4,Blue,RAL 5015,#2B7FFF
96,22,101,84,4,Blue,RAL 5015,#2B7FFF
96,22,102,83,2,Black,RAL 9005,#111111
96,22,103,82,2,Black,RAL 9005,#111111
96,22,104,81,2,Black,RAL 9005,#111111
96,22,105,80,2,Black,RAL 9005,#111111
96,22,106,79,2,Black,RAL 9005,#111111
96,22,107,78,2,Black,RAL 9005,#111111
96,22,108,77,2,Black,RAL 9005,#111111
96,22,109,76,2,Black,RAL 9005,#111111
96,22,110,75,2,Black,RAL 9005,#111111
96,22,111,74,2,Black,RAL 9005,#111111
96,22,112,73,8,Gray,RAL 7040,#8E98A3
96,22,113,72,8,Gray,RAL 7040,#8E98A3
96,22,114,71,8,Gray,RAL 7040,#8E98A3
96,22,115,70,8,Gray,RAL 7040,#8E98A3
96,22,116,69,8,Gray,RAL 7040,#8E98A3
96,22,117,68,8,Gray,RAL 7040,#8E98A3
96,22,118,67,8,Gray,RAL 7040,#8E98A3
96,22,119,66,8,Gray,RAL 7040,#8E98A3
96,22,120,65,8,Gray,RAL 7040,#8E98A3
96,22,121,64,8,Gray,RAL 7040,#8E98A3
96,22,122,63,8,Gray,RAL 7040,#8E98A3
96,22,123,62,8,Gray,RAL 7040,#8E98A3
96,22,124,61,8,Gray,RAL 7040,#8E98A3
96,22,125,60,8,Gray,RAL 7040,#8E98A3
96,22,126,59,8,Gray,RAL 7040,#8E98A3
96,22,127,58,8,Gray,RAL 7040,#8E98A3
96,22,128,57,8,Gray,RAL 7040,#8E98A3
96,22,129,56,8,Gray,RAL 7040,#8E98A3
96,22,130,55,8,Gray,RAL 7040,#8E98A3
96,22,131,54,8,Gray,RAL 7040,#8E98A3
96,22,132,53,8,Gray,RAL 7040,#8E98A3
96,22,133,52,8,Gray,RAL 7040,#8E98A3
96,22,134,51,8,Gray,RAL 7040,#8E98A3
96,22,135,50,8,Gray,RAL 7040,#8E98A3
96,22,136,49,8,Gray,RAL 7040,#8E98A3
96,22,137,48,8,Gray,RAL 7040,#8E98A3
96,22,138,47,8,Gray,RAL 7040,#8E98A3
96,22,139,46,8,Gray,RAL 7040,#8E98A3
96,22,140,45,8,Gray,RAL 7040,#8E98A3
96,22,141,44,8,Gray,RAL 7040,#8E98A3
96,22,142,43,8,Gray,RAL 7040,#8E98A3
96,22,143,42,8,Gray,RAL 7040,#8E98A3
96,22,144,41,8,Gray,RAL 7040,#8E98A3
96,22,145,40,6,Green,RAL 6018,#2CA36A
96,22,146,39,6,Green,RAL 6018,#2CA36A
96,22,147,38,6,Green,RAL 6018,#2CA36A
96,22,148,37,6,Green,RAL 6018,#2CA36A
96,22,149,36,6,Green,RAL 6018,#2CA36A
96,22,150,35,6,Green,RAL 6018,#2CA36A
96,22,151,34,6,Green,RAL 6018,#2CA36A
96,22,152,33,6,Green,RAL 6018,#2CA36A
96,22,153,32,6,Green,RAL 6018,#2CA36A
96,22,154,31,6,Green,RAL 6018,#2CA36A
96,22,155,30,6,Green,RAL 6018,#2CA36A
96,22,156,29,6,Green,RAL 6018,#2CA36A
96,22,157,28,6,Green,RAL 6018,#2CA36A
96,22,158,27,6,Green,RAL 6018,#2CA36A
96,22,159,26,6,Green,RAL 6018,#2CA36A
96,22,160,25,6,Green,RAL 6018,#2CA36A
96,22,161,24,6,Green,RAL 6018,#2CA36A
96,22,162,23,6,Green,RAL 6018,#2CA36A
96,22,163,22,8,Gray,RAL 7040,#8E98A3
96,22,164,21,8,Gray,RAL 7040,#8E98A3
96,22,165,20,8,Gray,RAL 7040,#8E98A3
96,22,166,19,8,Gray,RAL 7040,#8E98A3
96,22,167,18,8,Gray,RAL 7040,#8E98A3
96,22,168,17,8,Gray,RAL 7040,#8E98A3
96,22,169,16,8,Gray,RAL 7040,#8E98A3
96,22,170,15,8,Gray,RAL 7040,#8E98A3
96,22,171,14,8,Gray,RAL 7040,#8E98A3
96,22,172,13,8,Gray,RAL 7040,#8E98A3
96,22,173,12,8,Gray,RAL 7040,#8E98A3
96,22,174,11,8,Gray,RAL 7040,#8E98A3
96,22,175,10,8,Gray,RAL 7040,#8E98A3
96,22,176,9,6,Green,RAL 6018,#2CA36A
96,22,177,8,6,Green,RAL 6018,#2CA36A
96,22,178,7,6,Green,RAL 6018,#2CA36A
96,22,179,6,6,Green,RAL 6018,#2CA36A
96,22,180,5,6,Green,RAL 6018,#2CA36A
96,22,181,4,6,Green,RAL 6018,#2CA36A
96,22,182,3,6,Green,RAL 6018,#2CA36A
96,22,183,2,6,Green,RAL 6018,#2CA36A
96,22,184,1,6,Green,RAL 6018,#2CA36A
97,21,1,184,2,Black,RAL 9005,#111111
97,21,2,183,2,Black,RAL 9005,#111111
97,21,3,182,2,Black,RAL 9005,#111111
97,21,4,181,2,Black,RAL 9005,#111111
97,21,5,180,2,Black,RAL 9005,#111111
97,21,6,179,2,Black,RAL 9005,#111111
97,21,7,178,2,Black,RAL 9005,#111111
97,21,8,177,2,Black,RAL 9005,#111111
97,21,9,176,2,Black,RAL 9005,#111111
97,21,10,175,2,Black,RAL 9005,#111111
97,21,11,174,2,Black,RAL 9005,#111111
97,21,12,173,2,Black,RAL 9005,#111111
97,21,13,172,2,Black,RAL 9005,#111111
97,21,14,171,2,Black,RAL 9005,#111111
97,21,15,170,2,Black,RAL 9005,#111111
97,21,16,169,2,Black,RAL 9005,#111111
97,21,17,168,2,Black,RAL 9005,#111111
97,21,18,167,2,Black,RAL 9005,#111111
97,21,19,166,2,Black,RAL 9005,#111111
97,21,20,165,2,Black,RAL 9005,#111111
97,21,21,164,2,Black,RAL 9005,#111111
97,21,22,163,2,Black,RAL 9005,#111111
97,21,23,162,2,Black,RAL 9005,#111111
97,21,24,161,2,Black,RAL 9005,#111111
97,21,25,160,2,Black,RAL 9005,#111111
97,21,26,159,2,Black,RAL 9005,#111111
97,21,27,158,2,Black,RAL 9005,#111111
97,21,28,157,2,Black,RAL 9005,#111111
97,21,29,156,2,Black,RAL 9005,#111111
97,21,30,155,2,Black,RAL 9005,#111111
97,21,31,154,2,Black,RAL 9005,#111111
97,21,32,153,2,Black,RAL 9005,#111111
97,21,33,152,2,Black,RAL 9005,#111111
97,21,34,151,2,Black,RAL 9005,#111111
97,21,35,150,2,Black,RAL 9005,#111111
97,21,36,149,2,Black,RAL 9005,#111111
97,21,37,148,2,Black,RAL 9005,#111111
97,21,38,147,2,Black,RAL 9005,#111111
97,21,39,146,2,Black,RAL 9005,#111111
97,21,40,145,2,Black,RAL 9005,#111111
97,21,41,144,2,Black,RAL 9005,#111111
97,21,42,143,2,Black,RAL 9005,#111111
97,21,43,142,2,Black,RAL 9005,#111111
97,21,44,141,2,Black,RAL 9005,#111111
97,21,45,140,2,Black,RAL 9005,#111111
97,21,46,139,2,Black,RAL 9005,#111111
97,21,47,138,2,Black,RAL 9005,#111111
97,21,48,137,2,Black,RAL 9005,#111111
97,21,49,136,2,Black,RAL 9005,#111111
97,21,50,135,2,Black,RAL 9005,#111111
97,21,51,134,2,Black,RAL 9005,#111111
97,21,52,133,2,Black,RAL 9005,#111111
97,21,53,132,2,Black,RAL 9005,#111111
97,21,54,131,2,Black,RAL 9005,#111111
97,21,55,130,2,Black,RAL 9005,#111111
97,21,56,129,2,Black,RAL 9005,#111111
97,21,57,128,2,Black,RAL 9005,#111111
97,21,58,127,2,Black,RAL 9005,#111111
97,21,59,126,2,Black,RAL 9005,#111111
97,21,60,125,2,Black,RAL 9005,#111111
97,21,61,124,2,Black,RAL 9005,#111111
97,21,62,123,2,Black,RAL 9005,#111111
97,21,63,122,2,Black,RAL 9005,#111111
97,21,64,121,2,Black,RAL 9005,#111111
97,21,65,120,2,Black,RAL 9005,#111111
97,21,66,119,2,Black,RAL 9005,#111111
97,21,67,118,2,Black,RAL 9005,#111111
97,21,68,117,2,Black,RAL 9005,#111111
97,21,69,116,2,Black,RAL 9005,#111111
97,21,70,115,2,Black,RAL 9005,#111111
97,21,71,114,2,Black,RAL 9005,#111111
97,21,72,113,2,Black,RAL 9005,#111111
97,21,73,112,2,Black,RAL 9005,#111111
97,21,74,111,8,Gray,RAL 7040,#8E98A3
97,21,75,110,4,Blue,RAL 5015,#2B7FFF
97,21,76,109,4,Blue,RAL 5015,#2B7FFF
97,21,77,108,8,Gray,RAL 7040,#8E98A3
97,21,78,107,8,Gray,RAL 7040,#8E98A3
97,21,79,106,8,Gray,RAL 7040,#8E98A3
97,21,80,105,8,Gray,RAL 7040,#8E98A3
97,21,81,104,8,Gray,RAL 7040,#8E98A3
97,21,82,103,8,Gray,RAL 7040,#8E98A3
97,21,83,102,8,Gray,RAL 7040,#8E98A3
97,21,84,101,8,Gray,RAL 7040,#8E98A3
97,21,85,100,8,Gray,RAL 7040,#8E98A3
97,21,86,99,8,Gray,RAL 7040,#8E98A3
97,21,87,98,8,Gray,RAL 7040,#8E98A3
97,21,88,97,8,Gray,RAL 7040,#8E98A3
97,21,89,96,8,Gray,RAL 7040,#8E98A3
97,21,90,95,8,Gray,RAL 7040,#8E98A3
97,21,91,94,8,Gray,RAL 7040,#8E98A3
97,21,92,93,8,Gray,RAL 7040,#8E98A3
97,21,93,92,8,Gray,RAL 7040,#8E98A3
97,21,94,91,8,Gray,RAL 7040,#8E98A3
97,21,95,90,8,Gray,RAL 7040,#8E98A3
97,21,96,89,8,Gray,RAL 7040,#8E98A3
97,21,97,88,8,Gray,RAL 7040,#8E98A3
97,21,98,87,8,Gray,RAL 7040,#8E98A3
97,21,99,86,4,Blue,RAL 5015,#2B7FFF
97,21,100,85,4,Blue,RAL 5015,#2B7FFF
97,21,101,84,4,Blue,RAL 5015,#2B7FFF
97,21,102,83,8,Gray,RAL 7040,#8E98A3
97,21,103,82,2,Black,RAL 9005,#111111
97,21,104,81,2,Black,RAL 9005,#111111
97,21,105,80,2,Black,RAL 9005,#111111
97,21,106,79,2,Black,RAL 9005,#111111
97,21,107,78,2,Black,RAL 9005,#111111
97,21,108,77,2,Black,RAL 9005,#111111
97,21,109,76,2,Black,RAL 9005,#111111
97,21,110,75,2,Black,RAL 9005,#111111
97,21,111,74,2,Black,RAL 9005,#111111
97,21,112,73,8,Gray,RAL 7040,#8E98A3
97,21,113,72,8,Gray,RAL 7040,#8E98A3
97,21,114,71,8,Gray,RAL 7040,#8E98A3
97,21,115,70,8,Gray,RAL 7040,#8E98A3
97,21,116,69,8,Gray,RAL 7040,#8E98A3
97,21,117,68,8,Gray,RAL 7040,#8E98A3
97,21,118,67,8,Gray,RAL 7040,#8E98A3
97,21,119,66,8,Gray,RAL 7040,#8E98A3
97,21,120,65,8,Gray,RAL 7040,#8E98A3
97,21,121,64,8,Gray,RAL 7040,#8E98A3
97,21,122,63,8,Gray,RAL 7040,#8E98A3
97,21,123,62,8,Gray,RAL 7040,#8E98A3
97,21,124,61,8,Gray,RAL 7040,#8E98A3
97,21,125,60,8,Gray,RAL 7040,#8E98A3
97,21,126,59,8,Gray,RAL 7040,#8E98A3
97,21,127,58,8,Gray,RAL 7040,#8E98A3
97,21,128,57,8,Gray,RAL 7040,#8E98A3
97,21,129,56,8,Gray,RAL 7040,#8E98A3
97,21,130,55,8,Gray,RAL 7040,#8E98A3
97,21,131,54,8,Gray,RAL 7040,#8E98A3
97,21,132,53,8,Gray,RAL 7040,#8E98A3
97,21,133,52,8,Gray,RAL 7040,#8E98A3
97,21,134,51,8,Gray,RAL 7040,#8E98A3
97,21,135,50,8,Gray,RAL 7040,#8E98A3
97,21,136,49,8,Gray,RAL 7040,#8E98A3
97,21,137,48,8,Gray,RAL 7040,#8E98A3
97,21,138,47,8,Gray,RAL 7040,#8E98A3
97,21,139,46,8,Gray,RAL 7040,#8E98A3
97,21,140,45,8,Gray,RAL 7040,#8E98A3
97,21,141,44,8,Gray,RAL 7040,#8E98A3
97,21,142,43,8,Gray,RAL 7040,#8E98A3
97,21,143,42,8,Gray,RAL 7040,#8E98A3
97,21,144,41,8,Gray,RAL 7040,#8E98A3
97,21,145,40,6,Green,RAL 6018,#2CA36A
97,21,146,39,6,Green,RAL 6018,#2CA36A
97,21,147,38,6,Green,RAL 6018,#2CA36A
97,21,148,37,6,Green,RAL 6018,#2CA36A
97,21,149,36,6,Green,RAL 6018,#2CA36A
97,21,150,35,6,Green,RAL 6018,#2CA36A
97,21,151,34,6,Green,RAL 6018,#2CA36A
97,21,152,33,6,Green,RAL 6018,#2CA36A
97,21,153,32,6,Green,RAL 6018,#2CA36A
97,21,154,31,6,Green,RAL 6018,#2CA36A
97,21,155,30,6,Green,RAL 6018,#2CA36A
97,21,156,29,6,Green,RAL 6018,#2CA36A
97,21,157,28,6,Green,RAL 6018,#2CA36A
97,21,158,27,6,Green,RAL 6018,#2CA36A
97,21,159,26,6,Green,RAL 6018,#2CA36A
97,21,160,25,6,Green,RAL 6018,#2CA36A
97,21,161,24,6,Green,RAL 6018,#2CA36A
97,21,162,23,6,Green,RAL 6018,#2CA36A
97,21,163,22,8,Gray,RAL 7040,#8E98A3
97,21,164,21,8,Gray,RAL 7040,#8E98A3
97,21,165,20,8,Gray,RAL 7040,#8E98A3
97,21,166,19,8,Gray,RAL 7040,#8E98A3
97,21,167,18,8,Gray,RAL 7040,#8E98A3
97,21,168,17,8,Gray,RAL 7040,#8E98A3
97,21,169,16,8,Gray,RAL 7040,#8E98A3
97,21,170,15,8,Gray,RAL 7040,#8E98A3
97,21,171,14,8,Gray,RAL 7040,#8E98A3
97,21,172,13,8,Gray,RAL 7040,#8E98A3
97,21,173,12,8,Gray,RAL 7040,#8E98A3
97,21,174,11,8,Gray,RAL 7040,#8E98A3
97,21,175,10,8,Gray,RAL 7040,#8E98A3
97,21,176,9,6,Green,RAL 6018,#2CA36A
97,21,177,8,6,Green,RAL 6018,#2CA36A
97,21,178,7,6,Green,RAL 6018,#2CA36A
97,21,179,6,6,Green,RAL 6018,#2CA36A
97,21,180,5,6,Green,RAL 6018,#2CA36A
97,21,181,4,6,Green,RAL 6018,#2CA36A
97,21,182,3,6,Green,RAL 6018,#2CA36A
97,21,183,2,6,Green,RAL 6018,#2CA36A
97,21,184,1,6,Green,RAL 6018,#2CA36A
98,20,1,184,2,Black,RAL 9005,#111111
98,20,2,183,2,Black,RAL 9005,#111111
98,20,3,182,2,Black,RAL 9005,#111111
98,20,4,181,2,Black,RAL 9005,#111111
98,20,5,180,2,Black,RAL 9005,#111111
98,20,6,179,2,Black,RAL 9005,#111111
98,20,7,178,2,Black,RAL 9005,#111111
98,20,8,177,2,Black,RAL 9005,#111111
98,20,9,176,2,Black,RAL 9005,#111111
98,20,10,175,2,Black,RAL 9005,#111111
98,20,11,174,2,Black,RAL 9005,#111111
98,20,12,173,2,Black,RAL 9005,#111111
98,20,13,172,2,Black,RAL 9005,#111111
98,20,14,171,2,Black,RAL 9005,#111111
98,20,15,170,2,Black,RAL 9005,#111111
98,20,16,169,2,Black,RAL 9005,#111111
98,20,17,168,2,Black,RAL 9005,#111111
98,20,18,167,2,Black,RAL 9005,#111111
98,20,19,166,2,Black,RAL 9005,#111111
98,20,20,165,2,Black,RAL 9005,#111111
98,20,21,164,2,Black,RAL 9005,#111111
98,20,22,163,2,Black,RAL 9005,#111111
98,20,23,162,2,Black,RAL 9005,#111111
98,20,24,161,2,Black,RAL 9005,#111111
98,20,25,160,2,Black,RAL 9005,#111111
98,20,26,159,2,Black,RAL 9005,#111111
98,20,27,158,2,Black,RAL 9005,#111111
98,20,28,157,2,Black,RAL 9005,#111111
98,20,29,156,2,Black,RAL 9005,#111111
98,20,30,155,2,Black,RAL 9005,#111111
98,20,31,154,2,Black,RAL 9005,#111111
98,20,32,153,2,Black,RAL 9005,#111111
98,20,33,152,2,Black,RAL 9005,#111111
98,20,34,151,2,Black,RAL 9005,#111111
98,20,35,150,2,Black,RAL 9005,#111111
98,20,36,149,2,Black,RAL 9005,#111111
98,20,37,148,2,Black,RAL 9005,#111111
98,20,38,147,2,Black,RAL 9005,#111111
98,20,39,146,2,Black,RAL 9005,#111111
98,20,40,145,2,Black,RAL 9005,#111111
98,20,41,144,2,Black,RAL 9005,#111111
98,20,42,143,2,Black,RAL 9005,#111111
98,20,43,142,2,Black,RAL 9005,#111111
98,20,44,141,2,Black,RAL 9005,#111111
98,20,45,140,2,Black,RAL 9005,#111111
98,20,46,139,2,Black,RAL 9005,#111111
98,20,47,138,2,Black,RAL 9005,#111111
98,20,48,137,2,Black,RAL 9005,#111111
98,20,49,136,2,Black,RAL 9005,#111111
98,20,50,135,2,Black,RAL 9005,#111111
98,20,51,134,2,Black,RAL 9005,#111111
98,20,52,133,2,Black,RAL 9005,#111111
98,20,53,132,2,Black,RAL 9005,#111111
98,20,54,131,2,Black,RAL 9005,#111111
98,20,55,130,2,Black,RAL 9005,#111111
98,20,56,129,2,Black,RAL 9005,#111111
98,20,57,128,2,Black,RAL 9005,#111111
98,20,58,127,2,Black,RAL 9005,#111111
98,20,59,126,2,Black,RAL 9005,#111111
98,20,60,125,2,Black,RAL 9005,#111111
98,20,61,124,2,Black,RAL 9005,#111111
98,20,62,123,2,Black,RAL 9005,#111111
98,20,63,122,2,Black,RAL 9005,#111111
98,20,64,121,2,Black,RAL 9005,#111111
98,20,65,120,2,Black,RAL 9005,#111111
98,20,66,119,2,Black,RAL 9005,#111111
98,20,67,118,2,Black,RAL 9005,#111111
98,20,68,117,2,Black,RAL 9005,#111111
98,20,69,116,2,Black,RAL 9005,#111111
98,20,70,115,2,Black,RAL 9005,#111111
98,20,71,114,2,Black,RAL 9005,#111111
98,20,72,113,2,Black,RAL 9005,#111111
98,20,73,112,2,Black,RAL 9005,#111111
98,20,74,111,4,Blue,RAL 5015,#2B7FFF
98,20,75,110,4,Blue,RAL 5015,#2B7FFF
98,20,76,109,4,Blue,RAL 5015,#2B7FFF
98,20,77,108,8,Gray,RAL 7040,#8E98A3
98,20,78,107,8,Gray,RAL 7040,#8E98A3
98,20,79,106,8,Gray,RAL 7040,#8E98A3
98,20,80,105,8,Gray,RAL 7040,#8E98A3
98,20,81,104,8,Gray,RAL 7040,#8E98A3
98,20,82,103,8,Gray,RAL 7040,#8E98A3
98,20,83,102,8,Gray,RAL 7040,#8E98A3
98,20,84,101,8,Gray,RAL 7040,#8E98A3
98,20,85,100,8,Gray,RAL 7040,#8E98A3
98,20,86,99,8,Gray,RAL 7040,#8E98A3
98,20,87,98,8,Gray,RAL 7040,#8E98A3
98,20,88,97,8,Gray,RAL 7040,#8E98A3
98,20,89,96,8,Gray,RAL 7040,#8E98A3
98,20,90,95,8,Gray,RAL 7040,#8E98A3
98,20,91,94,8,Gray,RAL 7040,#8E98A3
98,20,92,93,8,Gray,RAL 7040,#8E98A3
98,20,93,92,8,Gray,RAL 7040,#8E98A3
98,20,94,91,8,Gray,RAL 7040,#8E98A3
98,20,95,90,8,Gray,RAL 7040,#8E98A3
98,20,96,89,8,Gray,RAL 7040,#8E98A3
98,20,97,88,8,Gray,RAL 7040,#8E98A3
98,20,98,87,8,Gray,RAL 7040,#8E98A3
98,20,99,86,8,Gray,RAL 7040,#8E98A3
98,20,100,85,4,Blue,RAL 5015,#2B7FFF
98,20,101,84,4,Blue,RAL 5015,#2B7FFF
98,20,102,83,4,Blue,RAL 5015,#2B7FFF
98,20,103,82,2,Black,RAL 9005,#111111
98,20,104,81,2,Black,RAL 9005,#111111
98,20,105,80,2,Black,RAL 9005,#111111
98,20,106,79,2,Black,RAL 9005,#111111
98,20,107,78,2,Black,RAL 9005,#111111
98,20,108,77,2,Black,RAL 9005,#111111
98,20,109,76,2,Black,RAL 9005,#111111
98,20,110,75,2,Black,RAL 9005,#111111
98,20,111,74,8,Gray,RAL 7040,#8E98A3
98,20,112,73,8,Gray,RAL 7040,#8E98A3
98,20,113,72,8,Gray,RAL 7040,#8E98A3
98,20,114,71,8,Gray,RAL 7040,#8E98A3
98,20,115,70,8,Gray,RAL 7040,#8E98A3
98,20,116,69,8,Gray,RAL 7040,#8E98A3
98,20,117,68,8,Gray,RAL 7040,#8E98A3
98,20,118,67,8,Gray,RAL 7040,#8E98A3
98,20,119,66,8,Gray,RAL 7040,#8E98A3
98,20,120,65,8,Gray,RAL 7040,#8E98A3
98,20,121,64,8,Gray,RAL 7040,#8E98A3
98,20,122,63,8,Gray,RAL 7040,#8E98A3
98,20,123,62,8,Gray,RAL 7040,#8E98A3
98,20,124,61,8,Gray,RAL 7040,#8E98A3
98,20,125,60,8,Gray,RAL 7040,#8E98A3
98,20,126,59,8,Gray,RAL 7040,#8E98A3
98,20,127,58,8,Gray,RAL 7040,#8E98A3
98,20,128,57,8,Gray,RAL 7040,#8E98A3
98,20,129,56,8,Gray,RAL 7040,#8E98A3
98,20,130,55,8,Gray,RAL 7040,#8E98A3
98,20,131,54,8,Gray,RAL 7040,#8E98A3
98,20,132,53,8,Gray,RAL 7040,#8E98A3
98,20,133,52,8,Gray,RAL 7040,#8E98A3
98,20,134,51,8,Gray,RAL 7040,#8E98A3
98,20,135,50,8,Gray,RAL 7040,#8E98A3
98,20,136,49,8,Gray,RAL 7040,#8E98A3
98,20,137,48,8,Gray,RAL 7040,#8E98A3
98,20,138,47,8,Gray,RAL 7040,#8E98A3
98,20,139,46,8,Gray,RAL 7040,#8E98A3
98,20,140,45,8,Gray,RAL 7040,#8E98A3
98,20,141,44,8,Gray,RAL 7040,#8E98A3
98,20,142,43,8,Gray,RAL 7040,#8E98A3
98,20,143,42,8,Gray,RAL 7040,#8E98A3
98,20,144,41,6,Green,RAL 6018,#2CA36A
98,20,145,40,6,Green,RAL 6018,#2CA36A
98,20,146,39,6,Green,RAL 6018,#2CA36A
98,20,147,38,6,Green,RAL 6018,#2CA36A
98,20,148,37,6,Green,RAL 6018,#2CA36A
98,20,149,36,6,Green,RAL 6018,#2CA36A
98,20,150,35,6,Green,RAL 6018,#2CA36A
98,20,151,34,6,Green,RAL 6018,#2CA36A
98,20,152,33,6,Green,RAL 6018,#2CA36A
98,20,153,32,6,Green,RAL 6018,#2CA36A
98,20,154,31,6,Green,RAL 6018,#2CA36A
98,20,155,30,6,Green,RAL 6018,#2CA36A
98,20,156,29,6,Green,RAL 6018,#2CA36A
98,20,157,28,6,Green,RAL 6018,#2CA36A
98,20,158,27,6,Green,RAL 6018,#2CA36A
98,20,159,26,6,Green,RAL 6018,#2CA36A
98,20,160,25,6,Green,RAL 6018,#2CA36A
98,20,161,24,6,Green,RAL 6018,#2CA36A
98,20,162,23,6,Green,RAL 6018,#2CA36A
98,20,163,22,8,Gray,RAL 7040,#8E98A3
98,20,164,21,8,Gray,RAL 7040,#8E98A3
98,20,165,20,8,Gray,RAL 7040,#8E98A3
98,20,166,19,8,Gray,RAL 7040,#8E98A3
98,20,167,18,8,Gray,RAL 7040,#8E98A3
98,20,168,17,8,Gray,RAL 7040,#8E98A3
98,20,169,16,8,Gray,RAL 7040,#8E98A3
98,20,170,15,8,Gray,RAL 7040,#8E98A3
98,20,171,14,8,Gray,RAL 7040,#8E98A3
98,20,172,13,8,Gray,RAL 7040,#8E98A3
98,20,173,12,8,Gray,RAL 7040,#8E98A3
98,20,174,11,8,Gray,RAL 7040,#8E98A3
98,20,175,10,6,Green,RAL 6018,#2CA36A
98,20,176,9,6,Green,RAL 6018,#2CA36A
98,20,177,8,6,Green,RAL 6018,#2CA36A
98,20,178,7,6,Green,RAL 6018,#2CA36A
98,20,179,6,6,Green,RAL 6018,#2CA36A
98,20,180,5,6,Green,RAL 6018,#2CA36A
98,20,181,4,6,Green,RAL 6018,#2CA36A
98,20,182,3,6,Green,RAL 6018,#2CA36A
98,20,183,2,6,Green,RAL 6018,#2CA36A
98,20,184,1,6,Green,RAL 6018,#2CA36A
99,19,1,184,2,Black,RAL 9005,#111111
99,19,2,183,2,Black,RAL 9005,#111111
99,19,3,182,2,Black,RAL 9005,#111111
99,19,4,181,2,Black,RAL 9005,#111111
99,19,5,180,2,Black,RAL 9005,#111111
99,19,6,179,2,Black,RAL 9005,#111111
99,19,7,178,2,Black,RAL 9005,#111111
99,19,8,177,2,Black,RAL 9005,#111111
99,19,9,176,2,Black,RAL 9005,#111111
99,19,10,175,2,Black,RAL 9005,#111111
99,19,11,174,2,Black,RAL 9005,#111111
99,19,12,173,2,Black,RAL 9005,#111111
99,19,13,172,2,Black,RAL 9005,#111111
99,19,14,171,2,Black,RAL 9005,#111111
99,19,15,170,2,Black,RAL 9005,#111111
99,19,16,169,2,Black,RAL 9005,#111111
99,19,17,168,2,Black,RAL 9005,#111111
99,19,18,167,2,Black,RAL 9005,#111111
99,19,19,166,2,Black,RAL 9005,#111111
99,19,20,165,2,Black,RAL 9005,#111111
99,19,21,164,2,Black,RAL 9005,#111111
99,19,22,163,2,Black,RAL 9005,#111111
99,19,23,162,2,Black,RAL 9005,#111111
99,19,24,161,2,Black,RAL 9005,#111111
99,19,25,160,2,Black,RAL 9005,#111111
99,19,26,159,2,Black,RAL 9005,#111111
99,19,27,158,2,Black,RAL 9005,#111111
99,19,28,157,2,Black,RAL 9005,#111111
99,19,29,156,2,Black,RAL 9005,#111111
99,19,30,155,2,Black,RAL 9005,#111111
99,19,31,154,2,Black,RAL 9005,#111111
99,19,32,153,2,Black,RAL 9005,#111111
99,19,33,152,2,Black,RAL 9005,#111111
99,19,34,151,2,Black,RAL 9005,#111111
99,19,35,150,2,Black,RAL 9005,#111111
99,19,36,149,2,Black,RAL 9005,#111111
99,19,37,148,2,Black,RAL 9005,#111111
99,19,38,147,2,Black,RAL 9005,#111111
99,19,39,146,2,Black,RAL 9005,#111111
99,19,40,145,2,Black,RAL 9005,#111111
99,19,41,144,2,Black,RAL 9005,#111111
99,19,42,143,2,Black,RAL 9005,#111111
99,19,43,142,2,Black,RAL 9005,#111111
99,19,44,141,2,Black,RAL 9005,#111111
99,19,45,140,2,Black,RAL 9005,#111111
99,19,46,139,2,Black,RAL 9005,#111111
99,19,47,138,2,Black,RAL 9005,#111111
99,19,48,137,2,Black,RAL 9005,#111111
99,19,49,136,2,Black,RAL 9005,#111111
99,19,50,135,2,Black,RAL 9005,#111111
99,19,51,134,2,Black,RAL 9005,#111111
99,19,52,133,2,Black,RAL 9005,#111111
99,19,53,132,2,Black,RAL 9005,#111111
99,19,54,131,2,Black,RAL 9005,#111111
99,19,55,130,2,Black,RAL 9005,#111111
99,19,56,129,2,Black,RAL 9005,#111111
99,19,57,128,2,Black,RAL 9005,#111111
99,19,58,127,2,Black,RAL 9005,#111111
99,19,59,126,2,Black,RAL 9005,#111111
99,19,60,125,2,Black,RAL 9005,#111111
99,19,61,124,2,Black,RAL 9005,#111111
99,19,62,123,2,Black,RAL 9005,#111111
99,19,63,122,2,Black,RAL 9005,#111111
99,19,64,121,2,Black,RAL 9005,#111111
99,19,65,120,2,Black,RAL 9005,#111111
99,19,66,119,2,Black,RAL 9005,#111111
99,19,67,118,2,Black,RAL 9005,#111111
99,19,68,117,2,Black,RAL 9005,#111111
99,19,69,116,2,Black,RAL 9005,#111111
99,19,70,115,2,Black,RAL 9005,#111111
99,19,71,114,2,Black,RAL 9005,#111111
99,19,72,113,2,Black,RAL 9005,#111111
99,19,73,112,8,Gray,RAL 7040,#8E98A3
99,19,74,111,4,Blue,RAL 5015,#2B7FFF
99,19,75,110,4,Blue,RAL 5015,#2B7FFF
99,19,76,109,8,Gray,RAL 7040,#8E98A3
99,19,77,108,8,Gray,RAL 7040,#8E98A3
99,19,78,107,8,Gray,RAL 7040,#8E98A3
99,19,79,106,8,Gray,RAL 7040,#8E98A3
99,19,80,105,8,Gray,RAL 7040,#8E98A3
99,19,81,104,8,Gray,RAL 7040,#8E98A3
99,19,82,103,8,Gray,RAL 7040,#8E98A3
99,19,83,102,8,Gray,RAL 7040,#8E98A3
99,19,84,101,8,Gray,RAL 7040,#8E98A3
99,19,85,100,8,Gray,RAL 7040,#8E98A3
99,19,86,99,8,Gray,RAL 7040,#8E98A3
99,19,87,98,8,Gray,RAL 7040,#8E98A3
99,19,88,97,8,Gray,RAL 7040,#8E98A3
99,19,89,96,8,Gray,RAL 7040,#8E98A3
99,19,90,95,8,Gray,RAL 7040,#8E98A3
99,19,91,94,8,Gray,RAL 7040,#8E98A3
99,19,92,93,8,Gray,RAL 7040,#8E98A3
99,19,93,92,8,Gray,RAL 7040,#8E98A3
99,19,94,91,8,Gray,RAL 7040,#8E98A3
99,19,95,90,8,Gray,RAL 7040,#8E98A3
99,19,96,89,8,Gray,RAL 7040,#8E98A3
99,19,97,88,8,Gray,RAL 7040,#8E98A3
99,19,98,87,8,Gray,RAL 7040,#8E98A3
99,19,99,86,8,Gray,RAL 7040,#8E98A3
99,19,100,85,8,Gray,RAL 7040,#8E98A3
99,19,101,84,8,Gray,RAL 7040,#8E98A3
99,19,102,83,4,Blue,RAL 5015,#2B7FFF
99,19,103,82,2,Black,RAL 9005,#111111
99,19,104,81,2,Black,RAL 9005,#111111
99,19,105,80,2,Black,RAL 9005,#111111
99,19,106,79,2,Black,RAL 9005,#111111
99,19,107,78,2,Black,RAL 9005,#111111
99,19,108,77,2,Black,RAL 9005,#111111
99,19,109,76,2,Black,RAL 9005,#111111
99,19,110,75,2,Black,RAL 9005,#111111
99,19,111,74,8,Gray,RAL 7040,#8E98A3
99,19,112,73,8,Gray,RAL 7040,#8E98A3
99,19,113,72,8,Gray,RAL 7040,#8E98A3
99,19,114,71,8,Gray,RAL 7040,#8E98A3
99,19,115,70,8,Gray,RAL 7040,#8E98A3
99,19,116,69,8,Gray,RAL 7040,#8E98A3
99,19,117,68,8,Gray,RAL 7040,#8E98A3
99,19,118,67,8,Gray,RAL 7040,#8E98A3
99,19,119,66,8,Gray,RAL 7040,#8E98A3
99,19,120,65,8,Gray,RAL 7040,#8E98A3
99,19,121,64,8,Gray,RAL 7040,#8E98A3
99,19,122,63,8,Gray,RAL 7040,#8E98A3
99,19,123,62,8,Gray,RAL 7040,#8E98A3
99,19,124,61,8,Gray,RAL 7040,#8E98A3
99,19,125,60,8,Gray,RAL 7040,#8E98A3
99,19,126,59,8,Gray,RAL 7040,#8E98A3
99,19,127,58,8,Gray,RAL 7040,#8E98A3
99,19,128,57,8,Gray,RAL 7040,#8E98A3
99,19,129,56,8,Gray,RAL 7040,#8E98A3
99,19,130,55,8,Gray,RAL 7040,#8E98A3
99,19,131,54,8,Gray,RAL 7040,#8E98A3
99,19,132,53,8,Gray,RAL 7040,#8E98A3
99,19,133,52,8,Gray,RAL 7040,#8E98A3
99,19,134,51,8,Gray,RAL 7040,#8E98A3
99,19,135,50,8,Gray,RAL 7040,#8E98A3
99,19,136,49,8,Gray,RAL 7040,#8E98A3
99,19,137,48,8,Gray,RAL 7040,#8E98A3
99,19,138,47,8,Gray,RAL 7040,#8E98A3
99,19,139,46,8,Gray,RAL 7040,#8E98A3
99,19,140,45,8,Gray,RAL 7040,#8E98A3
99,19,141,44,8,Gray,RAL 7040,#8E98A3
99,19,142,43,8,Gray,RAL 7040,#8E98A3
99,19,143,42,6,Green,RAL 6018,#2CA36A
99,19,144,41,6,Green,RAL 6018,#2CA36A
99,19,145,40,6,Green,RAL 6018,#2CA36A
99,19,146,39,6,Green,RAL 6018,#2CA36A
99,19,147,38,6,Green,RAL 6018,#2CA36A
99,19,148,37,6,Green,RAL 6018,#2CA36A
99,19,149,36,6,Green,RAL 6018,#2CA36A
99,19,150,35,6,Green,RAL 6018,#2CA36A
99,19,151,34,6,Green,RAL 6018,#2CA36A
99,19,152,33,6,Green,RAL 6018,#2CA36A
99,19,153,32,6,Green,RAL 6018,#2CA36A
99,19,154,31,6,Green,RAL 6018,#2CA36A
99,19,155,30,6,Green,RAL 6018,#2CA36A
99,19,156,29,6,Green,RAL 6018,#2CA36A
99,19,157,28,6,Green,RAL 6018,#2CA36A
99,19,158,27,6,Green,RAL 6018,#2CA36A
99,19,159,26,6,Green,RAL 6018,#2CA36A
99,19,160,25,6,Green,RAL 6018,#2CA36A
99,19,161,24,6,Green,RAL 6018,#2CA36A
99,19,162,23,6,Green,RAL 6018,#2CA36A
99,19,163,22,8,Gray,RAL 7040,#8E98A3
99,19,164,21,8,Gray,RAL 7040,#8E98A3
99,19,165,20,8,Gray,RAL 7040,#8E98A3
99,19,166,19,8,Gray,RAL 7040,#8E98A3
99,19,167,18,8,Gray,RAL 7040,#8E98A3
99,19,168,17,8,Gray,RAL 7040,#8E98A3
99,19,169,16,8,Gray,RAL 7040,#8E98A3
99,19,170,15,8,Gray,RAL 7040,#8E98A3
99,19,171,14,8,Gray,RAL 7040,#8E98A3
99,19,172,13,8,Gray,RAL 7040,#8E98A3
99,19,173,12,8,Gray,RAL 7040,#8E98A3
99,19,174,11,8,Gray,RAL 7040,#8E98A3
99,19,175,10,6,Green,RAL 6018,#2CA36A
99,19,176,9,6,Green,RAL 6018,#2CA36A
99,19,177,8,6,Green,RAL 6018,#2CA36A
99,19,178,7,6,Green,RAL 6018,#2CA36A
99,19,179,6,6,Green,RAL 6018,#2CA36A
99,19,180,5,6,Green,RAL 6018,#2CA36A
99,19,181,4,6,Green,RAL 6018,#2CA36A
99,19,182,3,6,Green,RAL 6018,#2CA36A
99,19,183,2,6,Green,RAL 6018,#2CA36A
99,19,184,1,6,Green,RAL 6018,#2CA36A
100,18,1,184,2,Black,RAL 9005,#111111
100,18,2,183,2,Black,RAL 9005,#111111
100,18,3,182,2,Black,RAL 9005,#111111
100,18,4,181,2,Black,RAL 9005,#111111
100,18,5,180,2,Black,RAL 9005,#111111
100,18,6,179,2,Black,RAL 9005,#111111
100,18,7,178,2,Black,RAL 9005,#111111
100,18,8,177,2,Black,RAL 9005,#111111
100,18,9,176,2,Black,RAL 9005,#111111
100,18,10,175,2,Black,RAL 9005,#111111
100,18,11,174,2,Black,RAL 9005,#111111
100,18,12,173,2,Black,RAL 9005,#111111
100,18,13,172,2,Black,RAL 9005,#111111
100,18,14,171,2,Black,RAL 9005,#111111
100,18,15,170,2,Black,RAL 9005,#111111
100,18,16,169,2,Black,RAL 9005,#111111
100,18,17,168,2,Black,RAL 9005,#111111
100,18,18,167,2,Black,RAL 9005,#111111
100,18,19,166,2,Black,RAL 9005,#111111
100,18,20,165,2,Black,RAL 9005,#111111
100,18,21,164,2,Black,RAL 9005,#111111
100,18,22,163,2,Black,RAL 9005,#111111
100,18,23,162,2,Black,RAL 9005,#111111
100,18,24,161,2,Black,RAL 9005,#111111
100,18,25,160,2,Black,RAL 9005,#111111
100,18,26,159,2,Black,RAL 9005,#111111
100,18,27,158,2,Black,RAL 9005,#111111
100,18,28,157,2,Black,RAL 9005,#111111
100,18,29,156,2,Black,RAL 9005,#111111
100,18,30,155,2,Black,RAL 9005,#111111
100,18,31,154,2,Black,RAL 9005,#111111
100,18,32,153,2,Black,RAL 9005,#111111
100,18,33,152,2,Black,RAL 9005,#111111
100,18,34,151,2,Black,RAL 9005,#111111
100,18,35,150,2,Black,RAL 9005,#111111
100,18,36,149,2,Black,RAL 9005,#111111
100,18,37,148,2,Black,RAL 9005,#111111
100,18,38,147,2,Black,RAL 9005,#111111
100,18,39,146,2,Black,RAL 9005,#111111
100,18,40,145,2,Black,RAL 9005,#111111
100,18,41,144,2,Black,RAL 9005,#111111
100,18,42,143,2,Black,RAL 9005,#111111
100,18,43,142,2,Black,RAL 9005,#111111
100,18,44,141,2,Black,RAL 9005,#111111
100,18,45,140,2,Black,RAL 9005,#111111
100,18,46,139,2,Black,RAL 9005,#111111
100,18,47,138,2,Black,RAL 9005,#111111
100,18,48,137,2,Black,RAL 9005,#111111
100,18,49,136,2,Black,RAL 9005,#111111
100,18,50,135,2,Black,RAL 9005,#111111
100,18,51,134,2,Black,RAL 9005,#111111
100,18,52,133,2,Black,RAL 9005,#111111
100,18,53,132,2,Black,RAL 9005,#111111
100,18,54,131,2,Black,RAL 9005,#111111
100,18,55,130,2,Black,RAL 9005,#111111
100,18,56,129,2,Black,RAL 9005,#111111
100,18,57,128,2,Black,RAL 9005,#111111
100,18,58,127,2,Black,RAL 9005,#111111
100,18,59,126,2,Black,RAL 9005,#111111
100,18,60,125,2,Black,RAL 9005,#111111
100,18,61,124,2,Black,RAL 9005,#111111
100,18,62,123,2,Black,RAL 9005,#111111
100,18,63,122,2,Black,RAL 9005,#111111
100,18,64,121,2,Black,RAL 9005,#111111
100,18,65,120,2,Black,RAL 9005,#111111
100,18,66,119,2,Black,RAL 9005,#111111
100,18,67,118,2,Black,RAL 9005,#111111
100,18,68,117,2,Black,RAL 9005,#111111
100,18,69,116,2,Black,RAL 9005,#111111
100,18,70,115,2,Black,RAL 9005,#111111
100,18,71,114,2,Black,RAL 9005,#111111
100,18,72,113,2,Black,RAL 9005,#111111
100,18,73,112,8,Gray,RAL 7040,#8E98A3
100,18,74,111,4,Blue,RAL 5015,#2B7FFF
100,18,75,110,4,Blue,RAL 5015,#2B7FFF
100,18,76,109,8,Gray,RAL 7040,#8E98A3
100,18,77,108,8,Gray,RAL 7040,#8E98A3
100,18,78,107,8,Gray,RAL 7040,#8E98A3
100,18,79,106,8,Gray,RAL 7040,#8E98A3
100,18,80,105,8,Gray,RAL 7040,#8E98A3
100,18,81,104,8,Gray,RAL 7040,#8E98A3
100,18,82,103,8,Gray,RAL 7040,#8E98A3
100,18,83,102,8,Gray,RAL 7040,#8E98A3
100,18,84,101,8,Gray,RAL 7040,#8E98A3
100,18,85,100,8,Gray,RAL 7040,#8E98A3
100,18,86,99,8,Gray,RAL 7040,#8E98A3
100,18,87,98,8,Gray,RAL 7040,#8E98A3
100,18,88,97,8,Gray,RAL 7040,#8E98A3
100,18,89,96,8,Gray,RAL 7040,#8E98A3
100,18,90,95,8,Gray,RAL 7040,#8E98A3
100,18,91,94,8,Gray,RAL 7040,#8E98A3
100,18,92,93,8,Gray,RAL 7040,#8E98A3
100,18,93,92,8,Gray,RAL 7040,#8E98A3
100,18,94,91,8,Gray,RAL 7040,#8E98A3
100,18,95,90,8,Gray,RAL 7040,#8E98A3
100,18,96,89,8,Gray,RAL 7040,#8E98A3
100,18,97,88,8,Gray,RAL 7040,#8E98A3
100,18,98,87,8,Gray,RAL 7040,#8E98A3
100,18,99,86,8,Gray,RAL 7040,#8E98A3
100,18,100,85,8,Gray,RAL 7040,#8E98A3
100,18,101,84,8,Gray,RAL 7040,#8E98A3
100,18,102,83,8,Gray,RAL 7040,#8E98A3
100,18,103,82,2,Black,RAL 9005,#111111
100,18,104,81,2,Black,RAL 9005,#111111
100,18,105,80,2,Black,RAL 9005,#111111
100,18,106,79,2,Black,RAL 9005,#111111
100,18,107,78,2,Black,RAL 9005,#111111
100,18,108,77,2,Black,RAL 9005,#111111
100,18,109,76,2,Black,RAL 9005,#111111
100,18,110,75,2,Black,RAL 9005,#111111
100,18,111,74,8,Gray,RAL 7040,#8E98A3
100,18,112,73,8,Gray,RAL 7040,#8E98A3
100,18,113,72,8,Gray,RAL 7040,#8E98A3
100,18,114,71,8,Gray,RAL 7040,#8E98A3
100,18,115,70,8,Gray,RAL 7040,#8E98A3
100,18,116,69,8,Gray,RAL 7040,#8E98A3
100,18,117,68,8,Gray,RAL 7040,#8E98A3
100,18,118,67,8,Gray,RAL 7040,#8E98A3
100,18,119,66,8,Gray,RAL 7040,#8E98A3
100,18,120,65,8,Gray,RAL 7040,#8E98A3
100,18,121,64,8,Gray,RAL 7040,#8E98A3
100,18,122,63,8,Gray,RAL 7040,#8E98A3
100,18,123,62,8,Gray,RAL 7040,#8E98A3
100,18,124,61,8,Gray,RAL 7040,#8E98A3
100,18,125,60,8,Gray,RAL 7040,#8E98A3
100,18,126,59,8,Gray,RAL 7040,#8E98A3
100,18,127,58,8,Gray,RAL 7040,#8E98A3
100,18,128,57,8,Gray,RAL 7040,#8E98A3
100,18,129,56,8,Gray,RAL 7040,#8E98A3
100,18,130,55,8,Gray,RAL 7040,#8E98A3
100,18,131,54,8,Gray,RAL 7040,#8E98A3
100,18,132,53,8,Gray,RAL 7040,#8E98A3
100,18,133,52,8,Gray,RAL 7040,#8E98A3
100,18,134,51,8,Gray,RAL 7040,#8E98A3
100,18,135,50,8,Gray,RAL 7040,#8E98A3
100,18,136,49,8,Gray,RAL 7040,#8E98A3
100,18,137,48,8,Gray,RAL 7040,#8E98A3
100,18,138,47,8,Gray,RAL 7040,#8E98A3
100,18,139,46,8,Gray,RAL 7040,#8E98A3
100,18,140,45,8,Gray,RAL 7040,#8E98A3
100,18,141,44,8,Gray,RAL 7040,#8E98A3
100,18,142,43,6,Green,RAL 6018,#2CA36A
100,18,143,42,6,Green,RAL 6018,#2CA36A
100,18,144,41,6,Green,RAL 6018,#2CA36A
100,18,145,40,6,Green,RAL 6018,#2CA36A
100,18,146,39,6,Green,RAL 6018,#2CA36A
100,18,147,38,6,Green,RAL 6018,#2CA36A
100,18,148,37,6,Green,RAL 6018,#2CA36A
100,18,149,36,6,Green,RAL 6018,#2CA36A
100,18,150,35,6,Green,RAL 6018,#2CA36A
100,18,151,34,6,Green,RAL 6018,#2CA36A
100,18,152,33,6,Green,RAL 6018,#2CA36A
100,18,153,32,6,Green,RAL 6018,#2CA36A
100,18,154,31,6,Green,RAL 6018,#2CA36A
100,18,155,30,6,Green,RAL 6018,#2CA36A
100,18,156,29,6,Green,RAL 6018,#2CA36A
100,18,157,28,6,Green,RAL 6018,#2CA36A
100,18,158,27,6,Green,RAL 6018,#2CA36A
100,18,159,26,6,Green,RAL 6018,#2CA36A
100,18,160,25,6,Green,RAL 6018,#2CA36A
100,18,161,24,6,Green,RAL 6018,#2CA36A
100,18,162,23,6,Green,RAL 6018,#2CA36A
100,18,163,22,8,Gray,RAL 7040,#8E98A3
100,18,164,21,8,Gray,RAL 7040,#8E98A3
100,18,165,20,8,Gray,RAL 7040,#8E98A3
100,18,166,19,8,Gray,RAL 7040,#8E98A3
100,18,167,18,8,Gray,RAL 7040,#8E98A3
100,18,168,17,8,Gray,RAL 7040,#8E98A3
100,18,169,16,8,Gray,RAL 7040,#8E98A3
100,18,170,15,8,Gray,RAL 7040,#8E98A3
100,18,171,14,8,Gray,RAL 7040,#8E98A3
100,18,172,13,8,Gray,RAL 7040,#8E98A3
100,18,173,12,8,Gray,RAL 7040,#8E98A3
100,18,174,11,8,Gray,RAL 7040,#8E98A3
100,18,175,10,6,Green,RAL 6018,#2CA36A
100,18,176,9,6,Green,RAL 6018,#2CA36A
100,18,177,8,6,Green,RAL 6018,#2CA36A
100,18,178,7,6,Green,RAL 6018,#2CA36A
100,18,179,6,6,Green,RAL 6018,#2CA36A
100,18,180,5,6,Green,RAL 6018,#2CA36A
100,18,181,4,6,Green,RAL 6018,#2CA36A
100,18,182,3,6,Green,RAL 6018,#2CA36A
100,18,183,2,6,Green,RAL 6018,#2CA36A
100,18,184,1,6,Green,RAL 6018,#2CA36A
101,17,1,184,2,Black,RAL 9005,#111111
101,17,2,183,2,Black,RAL 9005,#111111
101,17,3,182,2,Black,RAL 9005,#111111
101,17,4,181,2,Black,RAL 9005,#111111
101,17,5,180,2,Black,RAL 9005,#111111
101,17,6,179,2,Black,RAL 9005,#111111
101,17,7,178,2,Black,RAL 9005,#111111
101,17,8,177,2,Black,RAL 9005,#111111
101,17,9,176,2,Black,RAL 9005,#111111
101,17,10,175,2,Black,RAL 9005,#111111
101,17,11,174,2,Black,RAL 9005,#111111
101,17,12,173,2,Black,RAL 9005,#111111
101,17,13,172,2,Black,RAL 9005,#111111
101,17,14,171,2,Black,RAL 9005,#111111
101,17,15,170,2,Black,RAL 9005,#111111
101,17,16,169,2,Black,RAL 9005,#111111
101,17,17,168,2,Black,RAL 9005,#111111
101,17,18,167,2,Black,RAL 9005,#111111
101,17,19,166,2,Black,RAL 9005,#111111
101,17,20,165,2,Black,RAL 9005,#111111
101,17,21,164,2,Black,RAL 9005,#111111
101,17,22,163,2,Black,RAL 9005,#111111
101,17,23,162,2,Black,RAL 9005,#111111
101,17,24,161,2,Black,RAL 9005,#111111
101,17,25,160,2,Black,RAL 9005,#111111
101,17,26,159,2,Black,RAL 9005,#111111
101,17,27,158,2,Black,RAL 9005,#111111
101,17,28,157,2,Black,RAL 9005,#111111
101,17,29,156,2,Black,RAL 9005,#111111
101,17,30,155,2,Black,RAL 9005,#111111
101,17,31,154,2,Black,RAL 9005,#111111
101,17,32,153,2,Black,RAL 9005,#111111
101,17,33,152,2,Black,RAL 9005,#111111
101,17,34,151,2,Black,RAL 9005,#111111
101,17,35,150,2,Black,RAL 9005,#111111
101,17,36,149,2,Black,RAL 9005,#111111
101,17,37,148,2,Black,RAL 9005,#111111
101,17,38,147,2,Black,RAL 9005,#111111
101,17,39,146,2,Black,RAL 9005,#111111
101,17,40,145,2,Black,RAL 9005,#111111
101,17,41,144,2,Black,RAL 9005,#111111
101,17,42,143,2,Black,RAL 9005,#111111
101,17,43,142,2,Black,RAL 9005,#111111
101,17,44,141,2,Black,RAL 9005,#111111
101,17,45,140,2,Black,RAL 9005,#111111
101,17,46,139,2,Black,RAL 9005,#111111
101,17,47,138,2,Black,RAL 9005,#111111
101,17,48,137,2,Black,RAL 9005,#111111
101,17,49,136,2,Black,RAL 9005,#111111
101,17,50,135,2,Black,RAL 9005,#111111
101,17,51,134,2,Black,RAL 9005,#111111
101,17,52,133,2,Black,RAL 9005,#111111
101,17,53,132,2,Black,RAL 9005,#111111
101,17,54,131,2,Black,RAL 9005,#111111
101,17,55,130,2,Black,RAL 9005,#111111
101,17,56,129,2,Black,RAL 9005,#111111
101,17,57,128,2,Black,RAL 9005,#111111
101,17,58,127,2,Black,RAL 9005,#111111
101,17,59,126,2,Black,RAL 9005,#111111
101,17,60,125,2,Black,RAL 9005,#111111
101,17,61,124,2,Black,RAL 9005,#111111
101,17,62,123,2,Black,RAL 9005,#111111
101,17,63,122,2,Black,RAL 9005,#111111
101,17,64,121,2,Black,RAL 9005,#111111
101,17,65,120,2,Black,RAL 9005,#111111
101,17,66,119,2,Black,RAL 9005,#111111
101,17,67,118,2,Black,RAL 9005,#111111
101,17,68,117,2,Black,RAL 9005,#111111
101,17,69,116,2,Black,RAL 9005,#111111
101,17,70,115,2,Black,RAL 9005,#111111
101,17,71,114,2,Black,RAL 9005,#111111
101,17,72,113,2,Black,RAL 9005,#111111
101,17,73,112,8,Gray,RAL 7040,#8E98A3
101,17,74,111,4,Blue,RAL 5015,#2B7FFF
101,17,75,110,4,Blue,RAL 5015,#2B7FFF
101,17,76,109,8,Gray,RAL 7040,#8E98A3
101,17,77,108,8,Gray,RAL 7040,#8E98A3
101,17,78,107,8,Gray,RAL 7040,#8E98A3
101,17,79,106,8,Gray,RAL 7040,#8E98A3
101,17,80,105,8,Gray,RAL 7040,#8E98A3
101,17,81,104,8,Gray,RAL 7040,#8E98A3
101,17,82,103,8,Gray,RAL 7040,#8E98A3
101,17,83,102,8,Gray,RAL 7040,#8E98A3
101,17,84,101,8,Gray,RAL 7040,#8E98A3
101,17,85,100,8,Gray,RAL 7040,#8E98A3
101,17,86,99,8,Gray,RAL 7040,#8E98A3
101,17,87,98,8,Gray,RAL 7040,#8E98A3
101,17,88,97,8,Gray,RAL 7040,#8E98A3
101,17,89,96,8,Gray,RAL 7040,#8E98A3
101,17,90,95,8,Gray,RAL 7040,#8E98A3
101,17,91,94,8,Gray,RAL 7040,#8E98A3
101,17,92,93,8,Gray,RAL 7040,#8E98A3
101,17,93,92,8,Gray,RAL 7040,#8E98A3
101,17,94,91,8,Gray,RAL 7040,#8E98A3
101,17,95,90,8,Gray,RAL 7040,#8E98A3
101,17,96,89,8,Gray,RAL 7040,#8E98A3
101,17,97,88,8,Gray,RAL 7040,#8E98A3
101,17,98,87,8,Gray,RAL 7040,#8E98A3
101,17,99,86,8,Gray,RAL 7040,#8E98A3
101,17,100,85,8,Gray,RAL 7040,#8E98A3
101,17,101,84,8,Gray,RAL 7040,#8E98A3
101,17,102,83,8,Gray,RAL 7040,#8E98A3
101,17,103,82,8,Gray,RAL 7040,#8E98A3
101,17,104,81,2,Black,RAL 9005,#111111
101,17,105,80,2,Black,RAL 9005,#111111
101,17,106,79,2,Black,RAL 9005,#111111
101,17,107,78,2,Black,RAL 9005,#111111
101,17,108,77,2,Black,RAL 9005,#111111
101,17,109,76,2,Black,RAL 9005,#111111
101,17,110,75,2,Black,RAL 9005,#111111
101,17,111,74,8,Gray,RAL 7040,#8E98A3
101,17,112,73,8,Gray,RAL 7040,#8E98A3
101,17,113,72,8,Gray,RAL 7040,#8E98A3
101,17,114,71,8,Gray,RAL 7040,#8E98A3
101,17,115,70,8,Gray,RAL 7040,#8E98A3
101,17,116,69,8,Gray,RAL 7040,#8E98A3
101,17,117,68,8,Gray,RAL 7040,#8E98A3
101,17,118,67,8,Gray,RAL 7040,#8E98A3
101,17,119,66,8,Gray,RAL 7040,#8E98A3
101,17,120,65,8,Gray,RAL 7040,#8E98A3
101,17,121,64,8,Gray,RAL 7040,#8E98A3
101,17,122,63,8,Gray,RAL 7040,#8E98A3
101,17,123,62,8,Gray,RAL 7040,#8E98A3
101,17,124,61,8,Gray,RAL 7040,#8E98A3
101,17,125,60,8,Gray,RAL 7040,#8E98A3
101,17,126,59,8,Gray,RAL 7040,#8E98A3
101,17,127,58,8,Gray,RAL 7040,#8E98A3
101,17,128,57,8,Gray,RAL 7040,#8E98A3
101,17,129,56,8,Gray,RAL 7040,#8E98A3
101,17,130,55,8,Gray,RAL 7040,#8E98A3
101,17,131,54,8,Gray,RAL 7040,#8E98A3
101,17,132,53,8,Gray,RAL 7040,#8E98A3
101,17,133,52,8,Gray,RAL 7040,#8E98A3
101,17,134,51,8,Gray,RAL 7040,#8E98A3
101,17,135,50,8,Gray,RAL 7040,#8E98A3
101,17,136,49,8,Gray,RAL 7040,#8E98A3
101,17,137,48,8,Gray,RAL 7040,#8E98A3
101,17,138,47,8,Gray,RAL 7040,#8E98A3
101,17,139,46,8,Gray,RAL 7040,#8E98A3
101,17,140,45,6,Green,RAL 6018,#2CA36A
101,17,141,44,6,Green,RAL 6018,#2CA36A
101,17,142,43,6,Green,RAL 6018,#2CA36A
101,17,143,42,6,Green,RAL 6018,#2CA36A
101,17,144,41,6,Green,RAL 6018,#2CA36A
101,17,145,40,6,Green,RAL 6018,#2CA36A
101,17,146,39,6,Green,RAL 6018,#2CA36A
101,17,147,38,6,Green,RAL 6018,#2CA36A
101,17,148,37,6,Green,RAL 6018,#2CA36A
101,17,149,36,6,Green,RAL 6018,#2CA36A
101,17,150,35,6,Green,RAL 6018,#2CA36A
101,17,151,34,6,Green,RAL 6018,#2CA36A
101,17,152,33,6,Green,RAL 6018,#2CA36A
101,17,153,32,6,Green,RAL 6018,#2CA36A
101,17,154,31,6,Green,RAL 6018,#2CA36A
101,17,155,30,6,Green,RAL 6018,#2CA36A
101,17,156,29,6,Green,RAL 6018,#2CA36A
101,17,157,28,6,Green,RAL 6018,#2CA36A
101,17,158,27,6,Green,RAL 6018,#2CA36A
101,17,159,26,6,Green,RAL 6018,#2CA36A
101,17,160,25,6,Green,RAL 6018,#2CA36A
101,17,161,24,6,Green,RAL 6018,#2CA36A
101,17,162,23,6,Green,RAL 6018,#2CA36A
101,17,163,22,8,Gray,RAL 7040,#8E98A3
101,17,164,21,8,Gray,RAL 7040,#8E98A3
101,17,165,20,8,Gray,RAL 7040,#8E98A3
101,17,166,19,8,Gray,RAL 7040,#8E98A3
101,17,167,18,8,Gray,RAL 7040,#8E98A3
101,17,168,17,8,Gray,RAL 7040,#8E98A3
101,17,169,16,8,Gray,RAL 7040,#8E98A3
101,17,170,15,8,Gray,RAL 7040,#8E98A3
101,17,171,14,8,Gray,RAL 7040,#8E98A3
101,17,172,13,8,Gray,RAL 7040,#8E98A3
101,17,173,12,8,Gray,RAL 7040,#8E98A3
101,17,174,11,6,Green,RAL 6018,#2CA36A
101,17,175,10,6,Green,RAL 6018,#2CA36A
101,17,176,9,6,Green,RAL 6018,#2CA36A
101,17,177,8,6,Green,RAL 6018,#2CA36A
101,17,178,7,6,Green,RAL 6018,#2CA36A
101,17,179,6,6,Green,RAL 6018,#2CA36A
101,17,180,5,6,Green,RAL 6018,#2CA36A
101,17,181,4,6,Green,RAL 6018,#2CA36A
101,17,182,3,6,Green,RAL 6018,#2CA36A
101,17,183,2,6,Green,RAL 6018,#2CA36A
101,17,184,1,6,Green,RAL 6018,#2CA36A
102,16,1,184,2,Black,RAL 9005,#111111
102,16,2,183,2,Black,RAL 9005,#111111
102,16,3,182,2,Black,RAL 9005,#111111
102,16,4,181,2,Black,RAL 9005,#111111
102,16,5,180,2,Black,RAL 9005,#111111
102,16,6,179,2,Black,RAL 9005,#111111
102,16,7,178,2,Black,RAL 9005,#111111
102,16,8,177,2,Black,RAL 9005,#111111
102,16,9,176,2,Black,RAL 9005,#111111
102,16,10,175,2,Black,RAL 9005,#111111
102,16,11,174,2,Black,RAL 9005,#111111
102,16,12,173,2,Black,RAL 9005,#111111
102,16,13,172,2,Black,RAL 9005,#111111
102,16,14,171,2,Black,RAL 9005,#111111
102,16,15,170,2,Black,RAL 9005,#111111
102,16,16,169,2,Black,RAL 9005,#111111
102,16,17,168,2,Black,RAL 9005,#111111
102,16,18,167,2,Black,RAL 9005,#111111
102,16,19,166,2,Black,RAL 9005,#111111
102,16,20,165,2,Black,RAL 9005,#111111
102,16,21,164,2,Black,RAL 9005,#111111
102,16,22,163,2,Black,RAL 9005,#111111
102,16,23,162,2,Black,RAL 9005,#111111
102,16,24,161,2,Black,RAL 9005,#111111
102,16,25,160,2,Black,RAL 9005,#111111
102,16,26,159,2,Black,RAL 9005,#111111
102,16,27,158,2,Black,RAL 9005,#111111
102,16,28,157,2,Black,RAL 9005,#111111
102,16,29,156,2,Black,RAL 9005,#111111
102,16,30,155,2,Black,RAL 9005,#111111
102,16,31,154,2,Black,RAL 9005,#111111
102,16,32,153,2,Black,RAL 9005,#111111
102,16,33,152,2,Black,RAL 9005,#111111
102,16,34,151,2,Black,RAL 9005,#111111
102,16,35,150,2,Black,RAL 9005,#111111
102,16,36,149,2,Black,RAL 9005,#111111
102,16,37,148,2,Black,RAL 9005,#111111
102,16,38,147,2,Black,RAL 9005,#111111
102,16,39,146,2,Black,RAL 9005,#111111
102,16,40,145,2,Black,RAL 9005,#111111
102,16,41,144,2,Black,RAL 9005,#111111
102,16,42,143,2,Black,RAL 9005,#111111
102,16,43,142,2,Black,RAL 9005,#111111
102,16,44,141,2,Black,RAL 9005,#111111
102,16,45,140,2,Black,RAL 9005,#111111
102,16,46,139,2,Black,RAL 9005,#111111
102,16,47,138,2,Black,RAL 9005,#111111
102,16,48,137,2,Black,RAL 9005,#111111
102,16,49,136,2,Black,RAL 9005,#111111
102,16,50,135,2,Black,RAL 9005,#111111
102,16,51,134,2,Black,RAL 9005,#111111
102,16,52,133,2,Black,RAL 9005,#111111
102,16,53,132,2,Black,RAL 9005,#111111
102,16,54,131,2,Black,RAL 9005,#111111
102,16,55,130,2,Black,RAL 9005,#111111
102,16,56,129,2,Black,RAL 9005,#111111
102,16,57,128,2,Black,RAL 9005,#111111
102,16,58,127,2,Black,RAL 9005,#111111
102,16,59,126,2,Black,RAL 9005,#111111
102,16,60,125,2,Black,RAL 9005,#111111
102,16,61,124,2,Black,RAL 9005,#111111
102,16,62,123,2,Black,RAL 9005,#111111
102,16,63,122,2,Black,RAL 9005,#111111
102,16,64,121,2,Black,RAL 9005,#111111
102,16,65,120,2,Black,RAL 9005,#111111
102,16,66,119,2,Black,RAL 9005,#111111
102,16,67,118,2,Black,RAL 9005,#111111
102,16,68,117,2,Black,RAL 9005,#111111
102,16,69,116,2,Black,RAL 9005,#111111
102,16,70,115,2,Black,RAL 9005,#111111
102,16,71,114,2,Black,RAL 9005,#111111
102,16,72,113,2,Black,RAL 9005,#111111
102,16,73,112,8,Gray,RAL 7040,#8E98A3
102,16,74,111,4,Blue,RAL 5015,#2B7FFF
102,16,75,110,8,Gray,RAL 7040,#8E98A3
102,16,76,109,8,Gray,RAL 7040,#8E98A3
102,16,77,108,8,Gray,RAL 7040,#8E98A3
102,16,78,107,8,Gray,RAL 7040,#8E98A3
102,16,79,106,8,Gray,RAL 7040,#8E98A3
102,16,80,105,8,Gray,RAL 7040,#8E98A3
102,16,81,104,8,Gray,RAL 7040,#8E98A3
102,16,82,103,8,Gray,RAL 7040,#8E98A3
102,16,83,102,8,Gray,RAL 7040,#8E98A3
102,16,84,101,8,Gray,RAL 7040,#8E98A3
102,16,85,100,8,Gray,RAL 7040,#8E98A3
102,16,86,99,8,Gray,RAL 7040,#8E98A3
102,16,87,98,8,Gray,RAL 7040,#8E98A3
102,16,88,97,8,Gray,RAL 7040,#8E98A3
102,16,89,96,8,Gray,RAL 7040,#8E98A3
102,16,90,95,8,Gray,RAL 7040,#8E98A3
102,16,91,94,8,Gray,RAL 7040,#8E98A3
102,16,92,93,8,Gray,RAL 7040,#8E98A3
102,16,93,92,8,Gray,RAL 7040,#8E98A3
102,16,94,91,8,Gray,RAL 7040,#8E98A3
102,16,95,90,8,Gray,RAL 7040,#8E98A3
102,16,96,89,8,Gray,RAL 7040,#8E98A3
102,16,97,88,8,Gray,RAL 7040,#8E98A3
102,16,98,87,8,Gray,RAL 7040,#8E98A3
102,16,99,86,8,Gray,RAL 7040,#8E98A3
102,16,100,85,8,Gray,RAL 7040,#8E98A3
102,16,101,84,8,Gray,RAL 7040,#8E98A3
102,16,102,83,8,Gray,RAL 7040,#8E98A3
102,16,103,82,8,Gray,RAL 7040,#8E98A3
102,16,104,81,8,Gray,RAL 7040,#8E98A3
102,16,105,80,8,Gray,RAL 7040,#8E98A3
102,16,106,79,8,Gray,RAL 7040,#8E98A3
102,16,107,78,8,Gray,RAL 7040,#8E98A3
102,16,108,77,2,Black,RAL 9005,#111111
102,16,109,76,2,Black,RAL 9005,#111111
102,16,110,75,2,Black,RAL 9005,#111111
102,16,111,74,8,Gray,RAL 7040,#8E98A3
102,16,112,73,8,Gray,RAL 7040,#8E98A3
102,16,113,72,8,Gray,RAL 7040,#8E98A3
102,16,114,71,8,Gray,RAL 7040,#8E98A3
102,16,115,70,8,Gray,RAL 7040,#8E98A3
102,16,116,69,8,Gray,RAL 7040,#8E98A3
102,16,117,68,8,Gray,RAL 7040,#8E98A3
102,16,118,67,8,Gray,RAL 7040,#8E98A3
102,16,119,66,8,Gray,RAL 7040,#8E98A3
102,16,120,65,8,Gray,RAL 7040,#8E98A3
102,16,121,64,8,Gray,RAL 7040,#8E98A3
102,16,122,63,8,Gray,RAL 7040,#8E98A3
102,16,123,62,8,Gray,RAL 7040,#8E98A3
102,16,124,61,8,Gray,RAL 7040,#8E98A3
102,16,125,60,8,Gray,RAL 7040,#8E98A3
102,16,126,59,8,Gray,RAL 7040,#8E98A3
102,16,127,58,8,Gray,RAL 7040,#8E98A3
102,16,128,57,8,Gray,RAL 7040,#8E98A3
102,16,129,56,8,Gray,RAL 7040,#8E98A3
102,16,130,55,8,Gray,RAL 7040,#8E98A3
102,16,131,54,8,Gray,RAL 7040,#8E98A3
102,16,132,53,8,Gray,RAL 7040,#8E98A3
102,16,133,52,8,Gray,RAL 7040,#8E98A3
102,16,134,51,8,Gray,RAL 7040,#8E98A3
102,16,135,50,8,Gray,RAL 7040,#8E98A3
102,16,136,49,6,Green,RAL 6018,#2CA36A
102,16,137,48,6,Green,RAL 6018,#2CA36A
102,16,138,47,6,Green,RAL 6018,#2CA36A
102,16,139,46,6,Green,RAL 6018,#2CA36A
102,16,140,45,6,Green,RAL 6018,#2CA36A
102,16,141,44,6,Green,RAL 6018,#2CA36A
102,16,142,43,6,Green,RAL 6018,#2CA36A
102,16,143,42,6,Green,RAL 6018,#2CA36A
102,16,144,41,6,Green,RAL 6018,#2CA36A
102,16,145,40,6,Green,RAL 6018,#2CA36A
102,16,146,39,6,Green,RAL 6018,#2CA36A
102,16,147,38,6,Green,RAL 6018,#2CA36A
102,16,148,37,6,Green,RAL 6018,#2CA36A
102,16,149,36,6,Green,RAL 6018,#2CA36A
102,16,150,35,6,Green,RAL 6018,#2CA36A
102,16,151,34,6,Green,RAL 6018,#2CA36A
102,16,152,33,6,Green,RAL 6018,#2CA36A
102,16,153,32,6,Green,RAL 6018,#2CA36A
102,16,154,31,6,Green,RAL 6018,#2CA36A
102,16,155,30,6,Green,RAL 6018,#2CA36A
102,16,156,29,6,Green,RAL 6018,#2CA36A
102,16,157,28,6,Green,RAL 6018,#2CA36A
102,16,158,27,6,Green,RAL 6018,#2CA36A
102,16,159,26,6,Green,RAL 6018,#2CA36A
102,16,160,25,6,Green,RAL 6018,#2CA36A
102,16,161,24,6,Green,RAL 6018,#2CA36A
102,16,162,23,8,Gray,RAL 7040,#8E98A3
102,16,163,22,8,Gray,RAL 7040,#8E98A3
102,16,164,21,8,Gray,RAL 7040,#8E98A3
102,16,165,20,8,Gray,RAL 7040,#8E98A3
102,16,166,19,8,Gray,RAL 7040,#8E98A3
102,16,167,18,8,Gray,RAL 7040,#8E98A3
102,16,168,17,8,Gray,RAL 7040,#8E98A3
102,16,169,16,8,Gray,RAL 7040,#8E98A3
102,16,170,15,8,Gray,RAL 7040,#8E98A3
102,16,171,14,8,Gray,RAL 7040,#8E98A3
102,16,172,13,8,Gray,RAL 7040,#8E98A3
102,16,173,12,8,Gray,RAL 7040,#8E98A3
102,16,174,11,6,Green,RAL 6018,#2CA36A
102,16,175,10,6,Green,RAL 6018,#2CA36A
102,16,176,9,6,Green,RAL 6018,#2CA36A
102,16,177,8,6,Green,RAL 6018,#2CA36A
102,16,178,7,6,Green,RAL 6018,#2CA36A
102,16,179,6,6,Green,RAL 6018,#2CA36A
102,16,180,5,6,Green,RAL 6018,#2CA36A
102,16,181,4,6,Green,RAL 6018,#2CA36A
102,16,182,3,6,Green,RAL 6018,#2CA36A
102,16,183,2,6,Green,RAL 6018,#2CA36A
102,16,184,1,6,Green,RAL 6018,#2CA36A
103,15,1,184,2,Black,RAL 9005,#111111
103,15,2,183,2,Black,RAL 9005,#111111
103,15,3,182,2,Black,RAL 9005,#111111
103,15,4,181,2,Black,RAL 9005,#111111
103,15,5,180,2,Black,RAL 9005,#111111
103,15,6,179,2,Black,RAL 9005,#111111
103,15,7,178,2,Black,RAL 9005,#111111
103,15,8,177,2,Black,RAL 9005,#111111
103,15,9,176,2,Black,RAL 9005,#111111
103,15,10,175,2,Black,RAL 9005,#111111
103,15,11,174,2,Black,RAL 9005,#111111
103,15,12,173,2,Black,RAL 9005,#111111
103,15,13,172,2,Black,RAL 9005,#111111
103,15,14,171,2,Black,RAL 9005,#111111
103,15,15,170,2,Black,RAL 9005,#111111
103,15,16,169,2,Black,RAL 9005,#111111
103,15,17,168,2,Black,RAL 9005,#111111
103,15,18,167,2,Black,RAL 9005,#111111
103,15,19,166,2,Black,RAL 9005,#111111
103,15,20,165,2,Black,RAL 9005,#111111
103,15,21,164,2,Black,RAL 9005,#111111
103,15,22,163,2,Black,RAL 9005,#111111
103,15,23,162,2,Black,RAL 9005,#111111
103,15,24,161,2,Black,RAL 9005,#111111
103,15,25,160,2,Black,RAL 9005,#111111
103,15,26,159,2,Black,RAL 9005,#111111
103,15,27,158,2,Black,RAL 9005,#111111
103,15,28,157,2,Black,RAL 9005,#111111
103,15,29,156,2,Black,RAL 9005,#111111
103,15,30,155,2,Black,RAL 9005,#111111
103,15,31,154,2,Black,RAL 9005,#111111
103,15,32,153,2,Black,RAL 9005,#111111
103,15,33,152,2,Black,RAL 9005,#111111
103,15,34,151,2,Black,RAL 9005,#111111
103,15,35,150,2,Black,RAL 9005,#111111
103,15,36,149,2,Black,RAL 9005,#111111
103,15,37,148,2,Black,RAL 9005,#111111
103,15,38,147,2,Black,RAL 9005,#111111
103,15,39,146,2,Black,RAL 9005,#111111
103,15,40,145,2,Black,RAL 9005,#111111
103,15,41,144,2,Black,RAL 9005,#111111
103,15,42,143,2,Black,RAL 9005,#111111
103,15,43,142,2,Black,RAL 9005,#111111
103,15,44,141,2,Black,RAL 9005,#111111
103,15,45,140,2,Black,RAL 9005,#111111
103,15,46,139,2,Black,RAL 9005,#111111
103,15,47,138,2,Black,RAL 9005,#111111
103,15,48,137,2,Black,RAL 9005,#111111
103,15,49,136,2,Black,RAL 9005,#111111
103,15,50,135,2,Black,RAL 9005,#111111
103,15,51,134,2,Black,RAL 9005,#111111
103,15,52,133,2,Black,RAL 9005,#111111
103,15,53,132,2,Black,RAL 9005,#111111
103,15,54,131,2,Black,RAL 9005,#111111
103,15,55,130,2,Black,RAL 9005,#111111
103,15,56,129,2,Black,RAL 9005,#111111
103,15,57,128,2,Black,RAL 9005,#111111
103,15,58,127,2,Black,RAL 9005,#111111
103,15,59,126,2,Black,RAL 9005,#111111
103,15,60,125,2,Black,RAL 9005,#111111
103,15,61,124,2,Black,RAL 9005,#111111
103,15,62,123,2,Black,RAL 9005,#111111
103,15,63,122,2,Black,RAL 9005,#111111
103,15,64,121,2,Black,RAL 9005,#111111
103,15,65,120,2,Black,RAL 9005,#111111
103,15,66,119,2,Black,RAL 9005,#111111
103,15,67,118,2,Black,RAL 9005,#111111
103,15,68,117,2,Black,RAL 9005,#111111
103,15,69,116,2,Black,RAL 9005,#111111
103,15,70,115,2,Black,RAL 9005,#111111
103,15,71,114,2,Black,RAL 9005,#111111
103,15,72,113,2,Black,RAL 9005,#111111
103,15,73,112,8,Gray,RAL 7040,#8E98A3
103,15,74,111,4,Blue,RAL 5015,#2B7FFF
103,15,75,110,8,Gray,RAL 7040,#8E98A3
103,15,76,109,8,Gray,RAL 7040,#8E98A3
103,15,77,108,8,Gray,RAL 7040,#8E98A3
103,15,78,107,8,Gray,RAL 7040,#8E98A3
103,15,79,106,8,Gray,RAL 7040,#8E98A3
103,15,80,105,8,Gray,RAL 7040,#8E98A3
103,15,81,104,8,Gray,RAL 7040,#8E98A3
103,15,82,103,8,Gray,RAL 7040,#8E98A3
103,15,83,102,8,Gray,RAL 7040,#8E98A3
103,15,84,101,8,Gray,RAL 7040,#8E98A3
103,15,85,100,8,Gray,RAL 7040,#8E98A3
103,15,86,99,8,Gray,RAL 7040,#8E98A3
103,15,87,98,8,Gray,RAL 7040,#8E98A3
103,15,88,97,8,Gray,RAL 7040,#8E98A3
103,15,89,96,8,Gray,RAL 7040,#8E98A3
103,15,90,95,8,Gray,RAL 7040,#8E98A3
103,15,91,94,8,Gray,RAL 7040,#8E98A3
103,15,92,93,8,Gray,RAL 7040,#8E98A3
103,15,93,92,8,Gray,RAL 7040,#8E98A3
103,15,94,91,8,Gray,RAL 7040,#8E98A3
103,15,95,90,8,Gray,RAL 7040,#8E98A3
103,15,96,89,8,Gray,RAL 7040,#8E98A3
103,15,97,88,8,Gray,RAL 7040,#8E98A3
103,15,98,87,8,Gray,RAL 7040,#8E98A3
103,15,99,86,8,Gray,RAL 7040,#8E98A3
103,15,100,85,8,Gray,RAL 7040,#8E98A3
103,15,101,84,8,Gray,RAL 7040,#8E98A3
103,15,102,83,8,Gray,RAL 7040,#8E98A3
103,15,103,82,8,Gray,RAL 7040,#8E98A3
103,15,104,81,8,Gray,RAL 7040,#8E98A3
103,15,105,80,8,Gray,RAL 7040,#8E98A3
103,15,106,79,8,Gray,RAL 7040,#8E98A3
103,15,107,78,8,Gray,RAL 7040,#8E98A3
103,15,108,77,8,Gray,RAL 7040,#8E98A3
103,15,109,76,8,Gray,RAL 7040,#8E98A3
103,15,110,75,8,Gray,RAL 7040,#8E98A3
103,15,111,74,8,Gray,RAL 7040,#8E98A3
103,15,112,73,8,Gray,RAL 7040,#8E98A3
103,15,113,72,8,Gray,RAL 7040,#8E98A3
103,15,114,71,8,Gray,RAL 7040,#8E98A3
103,15,115,70,8,Gray,RAL 7040,#8E98A3
103,15,116,69,8,Gray,RAL 7040,#8E98A3
103,15,117,68,8,Gray,RAL 7040,#8E98A3
103,15,118,67,8,Gray,RAL 7040,#8E98A3
103,15,119,66,8,Gray,RAL 7040,#8E98A3
103,15,120,65,8,Gray,RAL 7040,#8E98A3
103,15,121,64,8,Gray,RAL 7040,#8E98A3
103,15,122,63,8,Gray,RAL 7040,#8E98A3
103,15,123,62,8,Gray,RAL 7040,#8E98A3
103,15,124,61,8,Gray,RAL 7040,#8E98A3
103,15,125,60,8,Gray,RAL 7040,#8E98A3
103,15,126,59,8,Gray,RAL 7040,#8E98A3
103,15,127,58,8,Gray,RAL 7040,#8E98A3
103,15,128,57,8,Gray,RAL 7040,#8E98A3
103,15,129,56,8,Gray,RAL 7040,#8E98A3
103,15,130,55,8,Gray,RAL 7040,#8E98A3
103,15,131,54,8,Gray,RAL 7040,#8E98A3
103,15,132,53,8,Gray,RAL 7040,#8E98A3
103,15,133,52,8,Gray,RAL 7040,#8E98A3
103,15,134,51,8,Gray,RAL 7040,#8E98A3
103,15,135,50,8,Gray,RAL 7040,#8E98A3
103,15,136,49,8,Gray,RAL 7040,#8E98A3
103,15,137,48,6,Green,RAL 6018,#2CA36A
103,15,138,47,6,Green,RAL 6018,#2CA36A
103,15,139,46,6,Green,RAL 6018,#2CA36A
103,15,140,45,6,Green,RAL 6018,#2CA36A
103,15,141,44,6,Green,RAL 6018,#2CA36A
103,15,142,43,6,Green,RAL 6018,#2CA36A
103,15,143,42,6,Green,RAL 6018,#2CA36A
103,15,144,41,6,Green,RAL 6018,#2CA36A
103,15,145,40,6,Green,RAL 6018,#2CA36A
103,15,146,39,6,Green,RAL 6018,#2CA36A
103,15,147,38,6,Green,RAL 6018,#2CA36A
103,15,148,37,6,Green,RAL 6018,#2CA36A
103,15,149,36,6,Green,RAL 6018,#2CA36A
103,15,150,35,6,Green,RAL 6018,#2CA36A
103,15,151,34,6,Green,RAL 6018,#2CA36A
103,15,152,33,6,Green,RAL 6018,#2CA36A
103,15,153,32,6,Green,RAL 6018,#2CA36A
103,15,154,31,6,Green,RAL 6018,#2CA36A
103,15,155,30,6,Green,RAL 6018,#2CA36A
103,15,156,29,6,Green,RAL 6018,#2CA36A
103,15,157,28,6,Green,RAL 6018,#2CA36A
103,15,158,27,6,Green,RAL 6018,#2CA36A
103,15,159,26,6,Green,RAL 6018,#2CA36A
103,15,160,25,6,Green,RAL 6018,#2CA36A
103,15,161,24,6,Green,RAL 6018,#2CA36A
103,15,162,23,8,Gray,RAL 7040,#8E98A3
103,15,163,22,8,Gray,RAL 7040,#8E98A3
103,15,164,21,8,Gray,RAL 7040,#8E98A3
103,15,165,20,8,Gray,RAL 7040,#8E98A3
103,15,166,19,8,Gray,RAL 7040,#8E98A3
103,15,167,18,8,Gray,RAL 7040,#8E98A3
103,15,168,17,8,Gray,RAL 7040,#8E98A3
103,15,169,16,8,Gray,RAL 7040,#8E98A3
103,15,170,15,8,Gray,RAL 7040,#8E98A3
103,15,171,14,8,Gray,RAL 7040,#8E98A3
103,15,172,13,8,Gray,RAL 7040,#8E98A3
103,15,173,12,6,Green,RAL 6018,#2CA36A
103,15,174,11,6,Green,RAL 6018,#2CA36A
103,15,175,10,6,Green,RAL 6018,#2CA36A
103,15,176,9,6,Green,RAL 6018,#2CA36A
103,15,177,8,6,Green,RAL 6018,#2CA36A
103,15,178,7,6,Green,RAL 6018,#2CA36A
103,15,179,6,6,Green,RAL 6018,#2CA36A
103,15,180,5,6,Green,RAL 6018,#2CA36A
103,15,181,4,6,Green,RAL 6018,#2CA36A
103,15,182,3,6,Green,RAL 6018,#2CA36A
103,15,183,2,6,Green,RAL 6018,#2CA36A
103,15,184,1,6,Green,RAL 6018,#2CA36A
104,14,1,184,2,Black,RAL 9005,#111111
104,14,2,183,2,Black,RAL 9005,#111111
104,14,3,182,2,Black,RAL 9005,#111111
104,14,4,181,2,Black,RAL 9005,#111111
104,14,5,180,2,Black,RAL 9005,#111111
104,14,6,179,2,Black,RAL 9005,#111111
104,14,7,178,2,Black,RAL 9005,#111111
104,14,8,177,2,Black,RAL 9005,#111111
104,14,9,176,2,Black,RAL 9005,#111111
104,14,10,175,2,Black,RAL 9005,#111111
104,14,11,174,2,Black,RAL 9005,#111111
104,14,12,173,2,Black,RAL 9005,#111111
104,14,13,172,2,Black,RAL 9005,#111111
104,14,14,171,2,Black,RAL 9005,#111111
104,14,15,170,2,Black,RAL 9005,#111111
104,14,16,169,2,Black,RAL 9005,#111111
104,14,17,168,2,Black,RAL 9005,#111111
104,14,18,167,2,Black,RAL 9005,#111111
104,14,19,166,2,Black,RAL 9005,#111111
104,14,20,165,2,Black,RAL 9005,#111111
104,14,21,164,2,Black,RAL 9005,#111111
104,14,22,163,2,Black,RAL 9005,#111111
104,14,23,162,2,Black,RAL 9005,#111111
104,14,24,161,2,Black,RAL 9005,#111111
104,14,25,160,2,Black,RAL 9005,#111111
104,14,26,159,2,Black,RAL 9005,#111111
104,14,27,158,2,Black,RAL 9005,#111111
104,14,28,157,2,Black,RAL 9005,#111111
104,14,29,156,2,Black,RAL 9005,#111111
104,14,30,155,2,Black,RAL 9005,#111111
104,14,31,154,2,Black,RAL 9005,#111111
104,14,32,153,2,Black,RAL 9005,#111111
104,14,33,152,2,Black,RAL 9005,#111111
104,14,34,151,2,Black,RAL 9005,#111111
104,14,35,150,2,Black,RAL 9005,#111111
104,14,36,149,2,Black,RAL 9005,#111111
104,14,37,148,2,Black,RAL 9005,#111111
104,14,38,147,2,Black,RAL 9005,#111111
104,14,39,146,2,Black,RAL 9005,#111111
104,14,40,145,2,Black,RAL 9005,#111111
104,14,41,144,2,Black,RAL 9005,#111111
104,14,42,143,2,Black,RAL 9005,#111111
104,14,43,142,2,Black,RAL 9005,#111111
104,14,44,141,2,Black,RAL 9005,#111111
104,14,45,140,2,Black,RAL 9005,#111111
104,14,46,139,2,Black,RAL 9005,#111111
104,14,47,138,2,Black,RAL 9005,#111111
104,14,48,137,2,Black,RAL 9005,#111111
104,14,49,136,2,Black,RAL 9005,#111111
104,14,50,135,2,Black,RAL 9005,#111111
104,14,51,134,2,Black,RAL 9005,#111111
104,14,52,133,2,Black,RAL 9005,#111111
104,14,53,132,2,Black,RAL 9005,#111111
104,14,54,131,2,Black,RAL 9005,#111111
104,14,55,130,2,Black,RAL 9005,#111111
104,14,56,129,2,Black,RAL 9005,#111111
104,14,57,128,2,Black,RAL 9005,#111111
104,14,58,127,2,Black,RAL 9005,#111111
104,14,59,126,2,Black,RAL 9005,#111111
104,14,60,125,2,Black,RAL 9005,#111111
104,14,61,124,2,Black,RAL 9005,#111111
104,14,62,123,2,Black,RAL 9005,#111111
104,14,63,122,2,Black,RAL 9005,#111111
104,14,64,121,2,Black,RAL 9005,#111111
104,14,65,120,2,Black,RAL 9005,#111111
104,14,66,119,2,Black,RAL 9005,#111111
104,14,67,118,2,Black,RAL 9005,#111111
104,14,68,117,2,Black,RAL 9005,#111111
104,14,69,116,2,Black,RAL 9005,#111111
104,14,70,115,2,Black,RAL 9005,#111111
104,14,71,114,2,Black,RAL 9005,#111111
104,14,72,113,2,Black,RAL 9005,#111111
104,14,73,112,8,Gray,RAL 7040,#8E98A3
104,14,74,111,8,Gray,RAL 7040,#8E98A3
104,14,75,110,8,Gray,RAL 7040,#8E98A3
104,14,76,109,8,Gray,RAL 7040,#8E98A3
104,14,77,108,8,Gray,RAL 7040,#8E98A3
104,14,78,107,8,Gray,RAL 7040,#8E98A3
104,14,79,106,8,Gray,RAL 7040,#8E98A3
104,14,80,105,8,Gray,RAL 7040,#8E98A3
104,14,81,104,8,Gray,RAL 7040,#8E98A3
104,14,82,103,8,Gray,RAL 7040,#8E98A3
104,14,83,102,8,Gray,RAL 7040,#8E98A3
104,14,84,101,8,Gray,RAL 7040,#8E98A3
104,14,85,100,8,Gray,RAL 7040,#8E98A3
104,14,86,99,8,Gray,RAL 7040,#8E98A3
104,14,87,98,8,Gray,RAL 7040,#8E98A3
104,14,88,97,8,Gray,RAL 7040,#8E98A3
104,14,89,96,8,Gray,RAL 7040,#8E98A3
104,14,90,95,8,Gray,RAL 7040,#8E98A3
104,14,91,94,8,Gray,RAL 7040,#8E98A3
104,14,92,93,8,Gray,RAL 7040,#8E98A3
104,14,93,92,8,Gray,RAL 7040,#8E98A3
104,14,94,91,8,Gray,RAL 7040,#8E98A3
104,14,95,90,8,Gray,RAL 7040,#8E98A3
104,14,96,89,8,Gray,RAL 7040,#8E98A3
104,14,97,88,8,Gray,RAL 7040,#8E98A3
104,14,98,87,8,Gray,RAL 7040,#8E98A3
104,14,99,86,8,Gray,RAL 7040,#8E98A3
104,14,100,85,8,Gray,RAL 7040,#8E98A3
104,14,101,84,8,Gray,RAL 7040,#8E98A3
104,14,102,83,8,Gray,RAL 7040,#8E98A3
104,14,103,82,8,Gray,RAL 7040,#8E98A3
104,14,104,81,8,Gray,RAL 7040,#8E98A3
104,14,105,80,8,Gray,RAL 7040,#8E98A3
104,14,106,79,8,Gray,RAL 7040,#8E98A3
104,14,107,78,8,Gray,RAL 7040,#8E98A3
104,14,108,77,8,Gray,RAL 7040,#8E98A3
104,14,109,76,8,Gray,RAL 7040,#8E98A3
104,14,110,75,8,Gray,RAL 7040,#8E98A3
104,14,111,74,8,Gray,RAL 7040,#8E98A3
104,14,112,73,8,Gray,RAL 7040,#8E98A3
104,14,113,72,8,Gray,RAL 7040,#8E98A3
104,14,114,71,8,Gray,RAL 7040,#8E98A3
104,14,115,70,8,Gray,RAL 7040,#8E98A3
104,14,116,69,8,Gray,RAL 7040,#8E98A3
104,14,117,68,8,Gray,RAL 7040,#8E98A3
104,14,118,67,8,Gray,RAL 7040,#8E98A3
104,14,119,66,8,Gray,RAL 7040,#8E98A3
104,14,120,65,8,Gray,RAL 7040,#8E98A3
104,14,121,64,8,Gray,RAL 7040,#8E98A3
104,14,122,63,8,Gray,RAL 7040,#8E98A3
104,14,123,62,8,Gray,RAL 7040,#8E98A3
104,14,124,61,8,Gray,RAL 7040,#8E98A3
104,14,125,60,8,Gray,RAL 7040,#8E98A3
104,14,126,59,8,Gray,RAL 7040,#8E98A3
104,14,127,58,8,Gray,RAL 7040,#8E98A3
104,14,128,57,8,Gray,RAL 7040,#8E98A3
104,14,129,56,8,Gray,RAL 7040,#8E98A3
104,14,130,55,8,Gray,RAL 7040,#8E98A3
104,14,131,54,8,Gray,RAL 7040,#8E98A3
104,14,132,53,8,Gray,RAL 7040,#8E98A3
104,14,133,52,8,Gray,RAL 7040,#8E98A3
104,14,134,51,8,Gray,RAL 7040,#8E98A3
104,14,135,50,8,Gray,RAL 7040,#8E98A3
104,14,136,49,8,Gray,RAL 7040,#8E98A3
104,14,137,48,6,Green,RAL 6018,#2CA36A
104,14,138,47,6,Green,RAL 6018,#2CA36A
104,14,139,46,6,Green,RAL 6018,#2CA36A
104,14,140,45,6,Green,RAL 6018,#2CA36A
104,14,141,44,6,Green,RAL 6018,#2CA36A
104,14,142,43,6,Green,RAL 6018,#2CA36A
104,14,143,42,6,Green,RAL 6018,#2CA36A
104,14,144,41,6,Green,RAL 6018,#2CA36A
104,14,145,40,6,Green,RAL 6018,#2CA36A
104,14,146,39,6,Green,RAL 6018,#2CA36A
104,14,147,38,6,Green,RAL 6018,#2CA36A
104,14,148,37,6,Green,RAL 6018,#2CA36A
104,14,149,36,6,Green,RAL 6018,#2CA36A
104,14,150,35,6,Green,RAL 6018,#2CA36A
104,14,151,34,6,Green,RAL 6018,#2CA36A
104,14,152,33,6,Green,RAL 6018,#2CA36A
104,14,153,32,6,Green,RAL 6018,#2CA36A
104,14,154,31,6,Green,RAL 6018,#2CA36A
104,14,155,30,6,Green,RAL 6018,#2CA36A
104,14,156,29,6,Green,RAL 6018,#2CA36A
104,14,157,28,6,Green,RAL 6018,#2CA36A
104,14,158,27,6,Green,RAL 6018,#2CA36A
104,14,159,26,6,Green,RAL 6018,#2CA36A
104,14,160,25,6,Green,RAL 6018,#2CA36A
104,14,161,24,6,Green,RAL 6018,#2CA36A
104,14,162,23,8,Gray,RAL 7040,#8E98A3
104,14,163,22,8,Gray,RAL 7040,#8E98A3
104,14,164,21,8,Gray,RAL 7040,#8E98A3
104,14,165,20,8,Gray,RAL 7040,#8E98A3
104,14,166,19,8,Gray,RAL 7040,#8E98A3
104,14,167,18,8,Gray,RAL 7040,#8E98A3
104,14,168,17,8,Gray,RAL 7040,#8E98A3
104,14,169,16,8,Gray,RAL 7040,#8E98A3
104,14,170,15,8,Gray,RAL 7040,#8E98A3
104,14,171,14,8,Gray,RAL 7040,#8E98A3
104,14,172,13,8,Gray,RAL 7040,#8E98A3
104,14,173,12,6,Green,RAL 6018,#2CA36A
104,14,174,11,6,Green,RAL 6018,#2CA36A
104,14,175,10,6,Green,RAL 6018,#2CA36A
104,14,176,9,6,Green,RAL 6018,#2CA36A
104,14,177,8,6,Green,RAL 6018,#2CA36A
104,14,178,7,6,Green,RAL 6018,#2CA36A
104,14,179,6,6,Green,RAL 6018,#2CA36A
104,14,180,5,6,Green,RAL 6018,#2CA36A
104,14,181,4,6,Green,RAL 6018,#2CA36A
104,14,182,3,6,Green,RAL 6018,#2CA36A
104,14,183,2,6,Green,RAL 6018,#2CA36A
104,14,184,1,6,Green,RAL 6018,#2CA36A
105,13,1,184,2,Black,RAL 9005,#111111
105,13,2,183,2,Black,RAL 9005,#111111
105,13,3,182,2,Black,RAL 9005,#111111
105,13,4,181,2,Black,RAL 9005,#111111
105,13,5,180,2,Black,RAL 9005,#111111
105,13,6,179,2,Black,RAL 9005,#111111
105,13,7,178,2,Black,RAL 9005,#111111
105,13,8,177,2,Black,RAL 9005,#111111
105,13,9,176,2,Black,RAL 9005,#111111
105,13,10,175,2,Black,RAL 9005,#111111
105,13,11,174,2,Black,RAL 9005,#111111
105,13,12,173,2,Black,RAL 9005,#111111
105,13,13,172,2,Black,RAL 9005,#111111
105,13,14,171,2,Black,RAL 9005,#111111
105,13,15,170,2,Black,RAL 9005,#111111
105,13,16,169,2,Black,RAL 9005,#111111
105,13,17,168,2,Black,RAL 9005,#111111
105,13,18,167,2,Black,RAL 9005,#111111
105,13,19,166,2,Black,RAL 9005,#111111
105,13,20,165,2,Black,RAL 9005,#111111
105,13,21,164,2,Black,RAL 9005,#111111
105,13,22,163,2,Black,RAL 9005,#111111
105,13,23,162,2,Black,RAL 9005,#111111
105,13,24,161,2,Black,RAL 9005,#111111
105,13,25,160,2,Black,RAL 9005,#111111
105,13,26,159,2,Black,RAL 9005,#111111
105,13,27,158,2,Black,RAL 9005,#111111
105,13,28,157,2,Black,RAL 9005,#111111
105,13,29,156,2,Black,RAL 9005,#111111
105,13,30,155,2,Black,RAL 9005,#111111
105,13,31,154,2,Black,RAL 9005,#111111
105,13,32,153,2,Black,RAL 9005,#111111
105,13,33,152,2,Black,RAL 9005,#111111
105,13,34,151,2,Black,RAL 9005,#111111
105,13,35,150,2,Black,RAL 9005,#111111
105,13,36,149,2,Black,RAL 9005,#111111
105,13,37,148,2,Black,RAL 9005,#111111
105,13,38,147,2,Black,RAL 9005,#111111
105,13,39,146,2,Black,RAL 9005,#111111
105,13,40,145,2,Black,RAL 9005,#111111
105,13,41,144,2,Black,RAL 9005,#111111
105,13,42,143,2,Black,RAL 9005,#111111
105,13,43,142,2,Black,RAL 9005,#111111
105,13,44,141,2,Black,RAL 9005,#111111
105,13,45,140,2,Black,RAL 9005,#111111
105,13,46,139,2,Black,RAL 9005,#111111
105,13,47,138,2,Black,RAL 9005,#111111
105,13,48,137,2,Black,RAL 9005,#111111
105,13,49,136,2,Black,RAL 9005,#111111
105,13,50,135,2,Black,RAL 9005,#111111
105,13,51,134,2,Black,RAL 9005,#111111
105,13,52,133,2,Black,RAL 9005,#111111
105,13,53,132,2,Black,RAL 9005,#111111
105,13,54,131,2,Black,RAL 9005,#111111
105,13,55,130,2,Black,RAL 9005,#111111
105,13,56,129,2,Black,RAL 9005,#111111
105,13,57,128,2,Black,RAL 9005,#111111
105,13,58,127,2,Black,RAL 9005,#111111
105,13,59,126,2,Black,RAL 9005,#111111
105,13,60,125,2,Black,RAL 9005,#111111
105,13,61,124,2,Black,RAL 9005,#111111
105,13,62,123,2,Black,RAL 9005,#111111
105,13,63,122,2,Black,RAL 9005,#111111
105,13,64,121,2,Black,RAL 9005,#111111
105,13,65,120,2,Black,RAL 9005,#111111
105,13,66,119,2,Black,RAL 9005,#111111
105,13,67,118,2,Black,RAL 9005,#111111
105,13,68,117,2,Black,RAL 9005,#111111
105,13,69,116,2,Black,RAL 9005,#111111
105,13,70,115,2,Black,RAL 9005,#111111
105,13,71,114,2,Black,RAL 9005,#111111
105,13,72,113,2,Black,RAL 9005,#111111
105,13,73,112,8,Gray,RAL 7040,#8E98A3
105,13,74,111,8,Gray,RAL 7040,#8E98A3
105,13,75,110,8,Gray,RAL 7040,#8E98A3
105,13,76,109,8,Gray,RAL 7040,#8E98A3
105,13,77,108,8,Gray,RAL 7040,#8E98A3
105,13,78,107,8,Gray,RAL 7040,#8E98A3
105,13,79,106,8,Gray,RAL 7040,#8E98A3
105,13,80,105,8,Gray,RAL 7040,#8E98A3
105,13,81,104,8,Gray,RAL 7040,#8E98A3
105,13,82,103,8,Gray,RAL 7040,#8E98A3
105,13,83,102,8,Gray,RAL 7040,#8E98A3
105,13,84,101,8,Gray,RAL 7040,#8E98A3
105,13,85,100,8,Gray,RAL 7040,#8E98A3
105,13,86,99,8,Gray,RAL 7040,#8E98A3
105,13,87,98,8,Gray,RAL 7040,#8E98A3
105,13,88,97,8,Gray,RAL 7040,#8E98A3
105,13,89,96,8,Gray,RAL 7040,#8E98A3
105,13,90,95,8,Gray,RAL 7040,#8E98A3
105,13,91,94,8,Gray,RAL 7040,#8E98A3
105,13,92,93,8,Gray,RAL 7040,#8E98A3
105,13,93,92,8,Gray,RAL 7040,#8E98A3
105,13,94,91,8,Gray,RAL 7040,#8E98A3
105,13,95,90,8,Gray,RAL 7040,#8E98A3
105,13,96,89,8,Gray,RAL 7040,#8E98A3
105,13,97,88,8,Gray,RAL 7040,#8E98A3
105,13,98,87,8,Gray,RAL 7040,#8E98A3
105,13,99,86,8,Gray,RAL 7040,#8E98A3
105,13,100,85,8,Gray,RAL 7040,#8E98A3
105,13,101,84,8,Gray,RAL 7040,#8E98A3
105,13,102,83,8,Gray,RAL 7040,#8E98A3
105,13,103,82,8,Gray,RAL 7040,#8E98A3
105,13,104,81,8,Gray,RAL 7040,#8E98A3
105,13,105,80,8,Gray,RAL 7040,#8E98A3
105,13,106,79,8,Gray,RAL 7040,#8E98A3
105,13,107,78,8,Gray,RAL 7040,#8E98A3
105,13,108,77,8,Gray,RAL 7040,#8E98A3
105,13,109,76,8,Gray,RAL 7040,#8E98A3
105,13,110,75,8,Gray,RAL 7040,#8E98A3
105,13,111,74,8,Gray,RAL 7040,#8E98A3
105,13,112,73,8,Gray,RAL 7040,#8E98A3
105,13,113,72,8,Gray,RAL 7040,#8E98A3
105,13,114,71,8,Gray,RAL 7040,#8E98A3
105,13,115,70,8,Gray,RAL 7040,#8E98A3
105,13,116,69,8,Gray,RAL 7040,#8E98A3
105,13,117,68,8,Gray,RAL 7040,#8E98A3
105,13,118,67,8,Gray,RAL 7040,#8E98A3
105,13,119,66,8,Gray,RAL 7040,#8E98A3
105,13,120,65,8,Gray,RAL 7040,#8E98A3
105,13,121,64,8,Gray,RAL 7040,#8E98A3
105,13,122,63,8,Gray,RAL 7040,#8E98A3
105,13,123,62,8,Gray,RAL 7040,#8E98A3
105,13,124,61,8,Gray,RAL 7040,#8E98A3
105,13,125,60,8,Gray,RAL 7040,#8E98A3
105,13,126,59,8,Gray,RAL 7040,#8E98A3
105,13,127,58,8,Gray,RAL 7040,#8E98A3
105,13,128,57,8,Gray,RAL 7040,#8E98A3
105,13,129,56,8,Gray,RAL 7040,#8E98A3
105,13,130,55,8,Gray,RAL 7040,#8E98A3
105,13,131,54,8,Gray,RAL 7040,#8E98A3
105,13,132,53,8,Gray,RAL 7040,#8E98A3
105,13,133,52,8,Gray,RAL 7040,#8E98A3
105,13,134,51,8,Gray,RAL 7040,#8E98A3
105,13,135,50,8,Gray,RAL 7040,#8E98A3
105,13,136,49,8,Gray,RAL 7040,#8E98A3
105,13,137,48,8,Gray,RAL 7040,#8E98A3
105,13,138,47,6,Green,RAL 6018,#2CA36A
105,13,139,46,6,Green,RAL 6018,#2CA36A
105,13,140,45,6,Green,RAL 6018,#2CA36A
105,13,141,44,6,Green,RAL 6018,#2CA36A
105,13,142,43,6,Green,RAL 6018,#2CA36A
105,13,143,42,6,Green,RAL 6018,#2CA36A
105,13,144,41,6,Green,RAL 6018,#2CA36A
105,13,145,40,6,Green,RAL 6018,#2CA36A
105,13,146,39,6,Green,RAL 6018,#2CA36A
105,13,147,38,6,Green,RAL 6018,#2CA36A
105,13,148,37,6,Green,RAL 6018,#2CA36A
105,13,149,36,6,Green,RAL 6018,#2CA36A
105,13,150,35,6,Green,RAL 6018,#2CA36A
105,13,151,34,6,Green,RAL 6018,#2CA36A
105,13,152,33,6,Green,RAL 6018,#2CA36A
105,13,153,32,6,Green,RAL 6018,#2CA36A
105,13,154,31,6,Green,RAL 6018,#2CA36A
105,13,155,30,6,Green,RAL 6018,#2CA36A
105,13,156,29,6,Green,RAL 6018,#2CA36A
105,13,157,28,6,Green,RAL 6018,#2CA36A
105,13,158,27,6,Green,RAL 6018,#2CA36A
105,13,159,26,6,Green,RAL 6018,#2CA36A
105,13,160,25,6,Green,RAL 6018,#2CA36A
105,13,161,24,8,Gray,RAL 7040,#8E98A3
105,13,162,23,8,Gray,RAL 7040,#8E98A3
105,13,163,22,8,Gray,RAL 7040,#8E98A3
105,13,164,21,8,Gray,RAL 7040,#8E98A3
105,13,165,20,8,Gray,RAL 7040,#8E98A3
105,13,166,19,8,Gray,RAL 7040,#8E98A3
105,13,167,18,8,Gray,RAL 7040,#8E98A3
105,13,168,17,8,Gray,RAL 7040,#8E98A3
105,13,169,16,8,Gray,RAL 7040,#8E98A3
105,13,170,15,8,Gray,RAL 7040,#8E98A3
105,13,171,14,8,Gray,RAL 7040,#8E98A3
105,13,172,13,6,Green,RAL 6018,#2CA36A
105,13,173,12,6,Green,RAL 6018,#2CA36A
105,13,174,11,6,Green,RAL 6018,#2CA36A
105,13,175,10,6,Green,RAL 6018,#2CA36A
105,13,176,9,6,Green,RAL 6018,#2CA36A
105,13,177,8,6,Green,RAL 6018,#2CA36A
105,13,178,7,6,Green,RAL 6018,#2CA36A
105,13,179,6,6,Green,RAL 6018,#2CA36A
105,13,180,5,6,Green,RAL 6018,#2CA36A
105,13,181,4,6,Green,RAL 6018,#2CA36A
105,13,182,3,6,Green,RAL 6018,#2CA36A
105,13,183,2,6,Green,RAL 6018,#2CA36A
105,13,184,1,6,Green,RAL 6018,#2CA36A
106,12,1,184,2,Black,RAL 9005,#111111
106,12,2,183,2,Black,RAL 9005,#111111
106,12,3,182,2,Black,RAL 9005,#111111
106,12,4,181,2,Black,RAL 9005,#111111
106,12,5,180,2,Black,RAL 9005,#111111
106,12,6,179,2,Black,RAL 9005,#111111
106,12,7,178,2,Black,RAL 9005,#111111
106,12,8,177,2,Black,RAL 9005,#111111
106,12,9,176,2,Black,RAL 9005,#111111
106,12,10,175,2,Black,RAL 9005,#111111
106,12,11,174,2,Black,RAL 9005,#111111
106,12,12,173,2,Black,RAL 9005,#111111
106,12,13,172,2,Black,RAL 9005,#111111
106,12,14,171,2,Black,RAL 9005,#111111
106,12,15,170,2,Black,RAL 9005,#111111
106,12,16,169,2,Black,RAL 9005,#111111
106,12,17,168,2,Black,RAL 9005,#111111
106,12,18,167,2,Black,RAL 9005,#111111
106,12,19,166,2,Black,RAL 9005,#111111
106,12,20,165,2,Black,RAL 9005,#111111
106,12,21,164,2,Black,RAL 9005,#111111
106,12,22,163,2,Black,RAL 9005,#111111
106,12,23,162,2,Black,RAL 9005,#111111
106,12,24,161,2,Black,RAL 9005,#111111
106,12,25,160,2,Black,RAL 9005,#111111
106,12,26,159,2,Black,RAL 9005,#111111
106,12,27,158,2,Black,RAL 9005,#111111
106,12,28,157,2,Black,RAL 9005,#111111
106,12,29,156,2,Black,RAL 9005,#111111
106,12,30,155,2,Black,RAL 9005,#111111
106,12,31,154,2,Black,RAL 9005,#111111
106,12,32,153,2,Black,RAL 9005,#111111
106,12,33,152,2,Black,RAL 9005,#111111
106,12,34,151,2,Black,RAL 9005,#111111
106,12,35,150,2,Black,RAL 9005,#111111
106,12,36,149,2,Black,RAL 9005,#111111
106,12,37,148,2,Black,RAL 9005,#111111
106,12,38,147,2,Black,RAL 9005,#111111
106,12,39,146,2,Black,RAL 9005,#111111
106,12,40,145,2,Black,RAL 9005,#111111
106,12,41,144,2,Black,RAL 9005,#111111
106,12,42,143,2,Black,RAL 9005,#111111
106,12,43,142,2,Black,RAL 9005,#111111
106,12,44,141,2,Black,RAL 9005,#111111
106,12,45,140,2,Black,RAL 9005,#111111
106,12,46,139,2,Black,RAL 9005,#111111
106,12,47,138,2,Black,RAL 9005,#111111
106,12,48,137,2,Black,RAL 9005,#111111
106,12,49,136,2,Black,RAL 9005,#111111
106,12,50,135,2,Black,RAL 9005,#111111
106,12,51,134,2,Black,RAL 9005,#111111
106,12,52,133,2,Black,RAL 9005,#111111
106,12,53,132,2,Black,RAL 9005,#111111
106,12,54,131,2,Black,RAL 9005,#111111
106,12,55,130,2,Black,RAL 9005,#111111
106,12,56,129,2,Black,RAL 9005,#111111
106,12,57,128,2,Black,RAL 9005,#111111
106,12,58,127,2,Black,RAL 9005,#111111
106,12,59,126,2,Black,RAL 9005,#111111
106,12,60,125,2,Black,RAL 9005,#111111
106,12,61,124,2,Black,RAL 9005,#111111
106,12,62,123,2,Black,RAL 9005,#111111
106,12,63,122,2,Black,RAL 9005,#111111
106,12,64,121,2,Black,RAL 9005,#111111
106,12,65,120,2,Black,RAL 9005,#111111
106,12,66,119,2,Black,RAL 9005,#111111
106,12,67,118,2,Black,RAL 9005,#111111
106,12,68,117,2,Black,RAL 9005,#111111
106,12,69,116,2,Black,RAL 9005,#111111
106,12,70,115,2,Black,RAL 9005,#111111
106,12,71,114,2,Black,RAL 9005,#111111
106,12,72,113,2,Black,RAL 9005,#111111
106,12,73,112,2,Black,RAL 9005,#111111
106,12,74,111,8,Gray,RAL 7040,#8E98A3
106,12,75,110,8,Gray,RAL 7040,#8E98A3
106,12,76,109,8,Gray,RAL 7040,#8E98A3
106,12,77,108,8,Gray,RAL 7040,#8E98A3
106,12,78,107,8,Gray,RAL 7040,#8E98A3
106,12,79,106,8,Gray,RAL 7040,#8E98A3
106,12,80,105,8,Gray,RAL 7040,#8E98A3
106,12,81,104,8,Gray,RAL 7040,#8E98A3
106,12,82,103,8,Gray,RAL 7040,#8E98A3
106,12,83,102,8,Gray,RAL 7040,#8E98A3
106,12,84,101,8,Gray,RAL 7040,#8E98A3
106,12,85,100,8,Gray,RAL 7040,#8E98A3
106,12,86,99,8,Gray,RAL 7040,#8E98A3
106,12,87,98,8,Gray,RAL 7040,#8E98A3
106,12,88,97,8,Gray,RAL 7040,#8E98A3
106,12,89,96,8,Gray,RAL 7040,#8E98A3
106,12,90,95,8,Gray,RAL 7040,#8E98A3
106,12,91,94,8,Gray,RAL 7040,#8E98A3
106,12,92,93,8,Gray,RAL 7040,#8E98A3
106,12,93,92,8,Gray,RAL 7040,#8E98A3
106,12,94,91,8,Gray,RAL 7040,#8E98A3
106,12,95,90,8,Gray,RAL 7040,#8E98A3
106,12,96,89,8,Gray,RAL 7040,#8E98A3
106,12,97,88,8,Gray,RAL 7040,#8E98A3
106,12,98,87,8,Gray,RAL 7040,#8E98A3
106,12,99,86,8,Gray,RAL 7040,#8E98A3
106,12,100,85,8,Gray,RAL 7040,#8E98A3
106,12,101,84,8,Gray,RAL 7040,#8E98A3
106,12,102,83,8,Gray,RAL 7040,#8E98A3
106,12,103,82,8,Gray,RAL 7040,#8E98A3
106,12,104,81,8,Gray,RAL 7040,#8E98A3
106,12,105,80,8,Gray,RAL 7040,#8E98A3
106,12,106,79,8,Gray,RAL 7040,#8E98A3
106,12,107,78,8,Gray,RAL 7040,#8E98A3
106,12,108,77,8,Gray,RAL 7040,#8E98A3
106,12,109,76,8,Gray,RAL 7040,#8E98A3
106,12,110,75,8,Gray,RAL 7040,#8E98A3
106,12,111,74,8,Gray,RAL 7040,#8E98A3
106,12,112,73,8,Gray,RAL 7040,#8E98A3
106,12,113,72,8,Gray,RAL 7040,#8E98A3
106,12,114,71,8,Gray,RAL 7040,#8E98A3
106,12,115,70,8,Gray,RAL 7040,#8E98A3
106,12,116,69,8,Gray,RAL 7040,#8E98A3
106,12,117,68,8,Gray,RAL 7040,#8E98A3
106,12,118,67,8,Gray,RAL 7040,#8E98A3
106,12,119,66,8,Gray,RAL 7040,#8E98A3
106,12,120,65,8,Gray,RAL 7040,#8E98A3
106,12,121,64,8,Gray,RAL 7040,#8E98A3
106,12,122,63,8,Gray,RAL 7040,#8E98A3
106,12,123,62,8,Gray,RAL 7040,#8E98A3
106,12,124,61,8,Gray,RAL 7040,#8E98A3
106,12,125,60,8,Gray,RAL 7040,#8E98A3
106,12,126,59,8,Gray,RAL 7040,#8E98A3
106,12,127,58,8,Gray,RAL 7040,#8E98A3
106,12,128,57,8,Gray,RAL 7040,#8E98A3
106,12,129,56,8,Gray,RAL 7040,#8E98A3
106,12,130,55,8,Gray,RAL 7040,#8E98A3
106,12,131,54,8,Gray,RAL 7040,#8E98A3
106,12,132,53,8,Gray,RAL 7040,#8E98A3
106,12,133,52,8,Gray,RAL 7040,#8E98A3
106,12,134,51,8,Gray,RAL 7040,#8E98A3
106,12,135,50,8,Gray,RAL 7040,#8E98A3
106,12,136,49,8,Gray,RAL 7040,#8E98A3
106,12,137,48,8,Gray,RAL 7040,#8E98A3
106,12,138,47,6,Green,RAL 6018,#2CA36A
106,12,139,46,6,Green,RAL 6018,#2CA36A
106,12,140,45,6,Green,RAL 6018,#2CA36A
106,12,141,44,6,Green,RAL 6018,#2CA36A
106,12,142,43,6,Green,RAL 6018,#2CA36A
106,12,143,42,6,Green,RAL 6018,#2CA36A
106,12,144,41,6,Green,RAL 6018,#2CA36A
106,12,145,40,6,Green,RAL 6018,#2CA36A
106,12,146,39,6,Green,RAL 6018,#2CA36A
106,12,147,38,6,Green,RAL 6018,#2CA36A
106,12,148,37,6,Green,RAL 6018,#2CA36A
106,12,149,36,6,Green,RAL 6018,#2CA36A
106,12,150,35,6,Green,RAL 6018,#2CA36A
106,12,151,34,6,Green,RAL 6018,#2CA36A
106,12,152,33,6,Green,RAL 6018,#2CA36A
106,12,153,32,6,Green,RAL 6018,#2CA36A
106,12,154,31,6,Green,RAL 6018,#2CA36A
106,12,155,30,6,Green,RAL 6018,#2CA36A
106,12,156,29,6,Green,RAL 6018,#2CA36A
106,12,157,28,6,Green,RAL 6018,#2CA36A
106,12,158,27,6,Green,RAL 6018,#2CA36A
106,12,159,26,6,Green,RAL 6018,#2CA36A
106,12,160,25,6,Green,RAL 6018,#2CA36A
106,12,161,24,8,Gray,RAL 7040,#8E98A3
106,12,162,23,8,Gray,RAL 7040,#8E98A3
106,12,163,22,8,Gray,RAL 7040,#8E98A3
106,12,164,21,8,Gray,RAL 7040,#8E98A3
106,12,165,20,8,Gray,RAL 7040,#8E98A3
106,12,166,19,8,Gray,RAL 7040,#8E98A3
106,12,167,18,8,Gray,RAL 7040,#8E98A3
106,12,168,17,8,Gray,RAL 7040,#8E98A3
106,12,169,16,8,Gray,RAL 7040,#8E98A3
106,12,170,15,8,Gray,RAL 7040,#8E98A3
106,12,171,14,8,Gray,RAL 7040,#8E98A3
106,12,172,13,6,Green,RAL 6018,#2CA36A
106,12,173,12,6,Green,RAL 6018,#2CA36A
106,12,174,11,6,Green,RAL 6018,#2CA36A
106,12,175,10,6,Green,RAL 6018,#2CA36A
106,12,176,9,6,Green,RAL 6018,#2CA36A
106,12,177,8,6,Green,RAL 6018,#2CA36A
106,12,178,7,6,Green,RAL 6018,#2CA36A
106,12,179,6,6,Green,RAL 6018,#2CA36A
106,12,180,5,6,Green,RAL 6018,#2CA36A
106,12,181,4,6,Green,RAL 6018,#2CA36A
106,12,182,3,6,Green,RAL 6018,#2CA36A
106,12,183,2,6,Green,RAL 6018,#2CA36A
106,12,184,1,6,Green,RAL 6018,#2CA36A
107,11,1,184,2,Black,RAL 9005,#111111
107,11,2,183,2,Black,RAL 9005,#111111
107,11,3,182,2,Black,RAL 9005,#111111
107,11,4,181,2,Black,RAL 9005,#111111
107,11,5,180,2,Black,RAL 9005,#111111
107,11,6,179,2,Black,RAL 9005,#111111
107,11,7,178,2,Black,RAL 9005,#111111
107,11,8,177,2,Black,RAL 9005,#111111
107,11,9,176,2,Black,RAL 9005,#111111
107,11,10,175,2,Black,RAL 9005,#111111
107,11,11,174,2,Black,RAL 9005,#111111
107,11,12,173,2,Black,RAL 9005,#111111
107,11,13,172,2,Black,RAL 9005,#111111
107,11,14,171,2,Black,RAL 9005,#111111
107,11,15,170,2,Black,RAL 9005,#111111
107,11,16,169,2,Black,RAL 9005,#111111
107,11,17,168,2,Black,RAL 9005,#111111
107,11,18,167,2,Black,RAL 9005,#111111
107,11,19,166,2,Black,RAL 9005,#111111
107,11,20,165,2,Black,RAL 9005,#111111
107,11,21,164,2,Black,RAL 9005,#111111
107,11,22,163,2,Black,RAL 9005,#111111
107,11,23,162,2,Black,RAL 9005,#111111
107,11,24,161,2,Black,RAL 9005,#111111
107,11,25,160,2,Black,RAL 9005,#111111
107,11,26,159,2,Black,RAL 9005,#111111
107,11,27,158,2,Black,RAL 9005,#111111
107,11,28,157,2,Black,RAL 9005,#111111
107,11,29,156,2,Black,RAL 9005,#111111
107,11,30,155,2,Black,RAL 9005,#111111
107,11,31,154,2,Black,RAL 9005,#111111
107,11,32,153,2,Black,RAL 9005,#111111
107,11,33,152,2,Black,RAL 9005,#111111
107,11,34,151,2,Black,RAL 9005,#111111
107,11,35,150,2,Black,RAL 9005,#111111
107,11,36,149,2,Black,RAL 9005,#111111
107,11,37,148,2,Black,RAL 9005,#111111
107,11,38,147,2,Black,RAL 9005,#111111
107,11,39,146,2,Black,RAL 9005,#111111
107,11,40,145,2,Black,RAL 9005,#111111
107,11,41,144,2,Black,RAL 9005,#111111
107,11,42,143,2,Black,RAL 9005,#111111
107,11,43,142,2,Black,RAL 9005,#111111
107,11,44,141,2,Black,RAL 9005,#111111
107,11,45,140,2,Black,RAL 9005,#111111
107,11,46,139,2,Black,RAL 9005,#111111
107,11,47,138,2,Black,RAL 9005,#111111
107,11,48,137,2,Black,RAL 9005,#111111
107,11,49,136,2,Black,RAL 9005,#111111
107,11,50,135,2,Black,RAL 9005,#111111
107,11,51,134,2,Black,RAL 9005,#111111
107,11,52,133,2,Black,RAL 9005,#111111
107,11,53,132,2,Black,RAL 9005,#111111
107,11,54,131,2,Black,RAL 9005,#111111
107,11,55,130,2,Black,RAL 9005,#111111
107,11,56,129,2,Black,RAL 9005,#111111
107,11,57,128,2,Black,RAL 9005,#111111
107,11,58,127,2,Black,RAL 9005,#111111
107,11,59,126,2,Black,RAL 9005,#111111
107,11,60,125,2,Black,RAL 9005,#111111
107,11,61,124,2,Black,RAL 9005,#111111
107,11,62,123,2,Black,RAL 9005,#111111
107,11,63,122,2,Black,RAL 9005,#111111
107,11,64,121,2,Black,RAL 9005,#111111
107,11,65,120,2,Black,RAL 9005,#111111
107,11,66,119,2,Black,RAL 9005,#111111
107,11,67,118,2,Black,RAL 9005,#111111
107,11,68,117,2,Black,RAL 9005,#111111
107,11,69,116,2,Black,RAL 9005,#111111
107,11,70,115,2,Black,RAL 9005,#111111
107,11,71,114,2,Black,RAL 9005,#111111
107,11,72,113,2,Black,RAL 9005,#111111
107,11,73,112,2,Black,RAL 9005,#111111
107,11,74,111,8,Gray,RAL 7040,#8E98A3
107,11,75,110,8,Gray,RAL 7040,#8E98A3
107,11,76,109,8,Gray,RAL 7040,#8E98A3
107,11,77,108,8,Gray,RAL 7040,#8E98A3
107,11,78,107,8,Gray,RAL 7040,#8E98A3
107,11,79,106,8,Gray,RAL 7040,#8E98A3
107,11,80,105,8,Gray,RAL 7040,#8E98A3
107,11,81,104,8,Gray,RAL 7040,#8E98A3
107,11,82,103,8,Gray,RAL 7040,#8E98A3
107,11,83,102,8,Gray,RAL 7040,#8E98A3
107,11,84,101,8,Gray,RAL 7040,#8E98A3
107,11,85,100,8,Gray,RAL 7040,#8E98A3
107,11,86,99,8,Gray,RAL 7040,#8E98A3
107,11,87,98,8,Gray,RAL 7040,#8E98A3
107,11,88,97,8,Gray,RAL 7040,#8E98A3
107,11,89,96,8,Gray,RAL 7040,#8E98A3
107,11,90,95,8,Gray,RAL 7040,#8E98A3
107,11,91,94,8,Gray,RAL 7040,#8E98A3
107,11,92,93,8,Gray,RAL 7040,#8E98A3
107,11,93,92,8,Gray,RAL 7040,#8E98A3
107,11,94,91,8,Gray,RAL 7040,#8E98A3
107,11,95,90,8,Gray,RAL 7040,#8E98A3
107,11,96,89,8,Gray,RAL 7040,#8E98A3
107,11,97,88,8,Gray,RAL 7040,#8E98A3
107,11,98,87,8,Gray,RAL 7040,#8E98A3
107,11,99,86,8,Gray,RAL 7040,#8E98A3
107,11,100,85,8,Gray,RAL 7040,#8E98A3
107,11,101,84,8,Gray,RAL 7040,#8E98A3
107,11,102,83,8,Gray,RAL 7040,#8E98A3
107,11,103,82,8,Gray,RAL 7040,#8E98A3
107,11,104,81,8,Gray,RAL 7040,#8E98A3
107,11,105,80,8,Gray,RAL 7040,#8E98A3
107,11,106,79,8,Gray,RAL 7040,#8E98A3
107,11,107,78,8,Gray,RAL 7040,#8E98A3
107,11,108,77,8,Gray,RAL 7040,#8E98A3
107,11,109,76,8,Gray,RAL 7040,#8E98A3
107,11,110,75,8,Gray,RAL 7040,#8E98A3
107,11,111,74,8,Gray,RAL 7040,#8E98A3
107,11,112,73,8,Gray,RAL 7040,#8E98A3
107,11,113,72,8,Gray,RAL 7040,#8E98A3
107,11,114,71,8,Gray,RAL 7040,#8E98A3
107,11,115,70,8,Gray,RAL 7040,#8E98A3
107,11,116,69,8,Gray,RAL 7040,#8E98A3
107,11,117,68,8,Gray,RAL 7040,#8E98A3
107,11,118,67,8,Gray,RAL 7040,#8E98A3
107,11,119,66,8,Gray,RAL 7040,#8E98A3
107,11,120,65,8,Gray,RAL 7040,#8E98A3
107,11,121,64,8,Gray,RAL 7040,#8E98A3
107,11,122,63,8,Gray,RAL 7040,#8E98A3
107,11,123,62,8,Gray,RAL 7040,#8E98A3
107,11,124,61,8,Gray,RAL 7040,#8E98A3
107,11,125,60,8,Gray,RAL 7040,#8E98A3
107,11,126,59,8,Gray,RAL 7040,#8E98A3
107,11,127,58,8,Gray,RAL 7040,#8E98A3
107,11,128,57,8,Gray,RAL 7040,#8E98A3
107,11,129,56,8,Gray,RAL 7040,#8E98A3
107,11,130,55,8,Gray,RAL 7040,#8E98A3
107,11,131,54,8,Gray,RAL 7040,#8E98A3
107,11,132,53,8,Gray,RAL 7040,#8E98A3
107,11,133,52,8,Gray,RAL 7040,#8E98A3
107,11,134,51,8,Gray,RAL 7040,#8E98A3
107,11,135,50,8,Gray,RAL 7040,#8E98A3
107,11,136,49,8,Gray,RAL 7040,#8E98A3
107,11,137,48,8,Gray,RAL 7040,#8E98A3
107,11,138,47,8,Gray,RAL 7040,#8E98A3
107,11,139,46,6,Green,RAL 6018,#2CA36A
107,11,140,45,6,Green,RAL 6018,#2CA36A
107,11,141,44,6,Green,RAL 6018,#2CA36A
107,11,142,43,6,Green,RAL 6018,#2CA36A
107,11,143,42,6,Green,RAL 6018,#2CA36A
107,11,144,41,6,Green,RAL 6018,#2CA36A
107,11,145,40,6,Green,RAL 6018,#2CA36A
107,11,146,39,6,Green,RAL 6018,#2CA36A
107,11,147,38,6,Green,RAL 6018,#2CA36A
107,11,148,37,6,Green,RAL 6018,#2CA36A
107,11,149,36,6,Green,RAL 6018,#2CA36A
107,11,150,35,6,Green,RAL 6018,#2CA36A
107,11,151,34,6,Green,RAL 6018,#2CA36A
107,11,152,33,6,Green,RAL 6018,#2CA36A
107,11,153,32,6,Green,RAL 6018,#2CA36A
107,11,154,31,6,Green,RAL 6018,#2CA36A
107,11,155,30,6,Green,RAL 6018,#2CA36A
107,11,156,29,6,Green,RAL 6018,#2CA36A
107,11,157,28,6,Green,RAL 6018,#2CA36A
107,11,158,27,6,Green,RAL 6018,#2CA36A
107,11,159,26,6,Green,RAL 6018,#2CA36A
107,11,160,25,8,Gray,RAL 7040,#8E98A3
107,11,161,24,8,Gray,RAL 7040,#8E98A3
107,11,162,23,8,Gray,RAL 7040,#8E98A3
107,11,163,22,8,Gray,RAL 7040,#8E98A3
107,11,164,21,8,Gray,RAL 7040,#8E98A3
107,11,165,20,8,Gray,RAL 7040,#8E98A3
107,11,166,19,8,Gray,RAL 7040,#8E98A3
107,11,167,18,8,Gray,RAL 7040,#8E98A3
107,11,168,17,8,Gray,RAL 7040,#8E98A3
107,11,169,16,8,Gray,RAL 7040,#8E98A3
107,11,170,15,8,Gray,RAL 7040,#8E98A3
107,11,171,14,6,Green,RAL 6018,#2CA36A
107,11,172,13,6,Green,RAL 6018,#2CA36A
107,11,173,12,6,Green,RAL 6018,#2CA36A
107,11,174,11,6,Green,RAL 6018,#2CA36A
107,11,175,10,6,Green,RAL 6018,#2CA36A
107,11,176,9,6,Green,RAL 6018,#2CA36A
107,11,177,8,6,Green,RAL 6018,#2CA36A
107,11,178,7,6,Green,RAL 6018,#2CA36A
107,11,179,6,6,Green,RAL 6018,#2CA36A
107,11,180,5,6,Green,RAL 6018,#2CA36A
107,11,181,4,6,Green,RAL 6018,#2CA36A
107,11,182,3,6,Green,RAL 6018,#2CA36A
107,11,183,2,6,Green,RAL 6018,#2CA36A
107,11,184,1,6,Green,RAL 6018,#2CA36A
108,10,1,184,2,Black,RAL 9005,#111111
108,10,2,183,2,Black,RAL 9005,#111111
108,10,3,182,2,Black,RAL 9005,#111111
108,10,4,181,2,Black,RAL 9005,#111111
108,10,5,180,2,Black,RAL 9005,#111111
108,10,6,179,2,Black,RAL 9005,#111111
108,10,7,178,2,Black,RAL 9005,#111111
108,10,8,177,2,Black,RAL 9005,#111111
108,10,9,176,2,Black,RAL 9005,#111111
108,10,10,175,2,Black,RAL 9005,#111111
108,10,11,174,2,Black,RAL 9005,#111111
108,10,12,173,2,Black,RAL 9005,#111111
108,10,13,172,2,Black,RAL 9005,#111111
108,10,14,171,2,Black,RAL 9005,#111111
108,10,15,170,2,Black,RAL 9005,#111111
108,10,16,169,2,Black,RAL 9005,#111111
108,10,17,168,2,Black,RAL 9005,#111111
108,10,18,167,2,Black,RAL 9005,#111111
108,10,19,166,2,Black,RAL 9005,#111111
108,10,20,165,2,Black,RAL 9005,#111111
108,10,21,164,2,Black,RAL 9005,#111111
108,10,22,163,2,Black,RAL 9005,#111111
108,10,23,162,2,Black,RAL 9005,#111111
108,10,24,161,2,Black,RAL 9005,#111111
108,10,25,160,2,Black,RAL 9005,#111111
108,10,26,159,2,Black,RAL 9005,#111111
108,10,27,158,2,Black,RAL 9005,#111111
108,10,28,157,2,Black,RAL 9005,#111111
108,10,29,156,2,Black,RAL 9005,#111111
108,10,30,155,2,Black,RAL 9005,#111111
108,10,31,154,2,Black,RAL 9005,#111111
108,10,32,153,2,Black,RAL 9005,#111111
108,10,33,152,2,Black,RAL 9005,#111111
108,10,34,151,2,Black,RAL 9005,#111111
108,10,35,150,2,Black,RAL 9005,#111111
108,10,36,149,2,Black,RAL 9005,#111111
108,10,37,148,2,Black,RAL 9005,#111111
108,10,38,147,2,Black,RAL 9005,#111111
108,10,39,146,2,Black,RAL 9005,#111111
108,10,40,145,2,Black,RAL 9005,#111111
108,10,41,144,2,Black,RAL 9005,#111111
108,10,42,143,2,Black,RAL 9005,#111111
108,10,43,142,2,Black,RAL 9005,#111111
108,10,44,141,2,Black,RAL 9005,#111111
108,10,45,140,2,Black,RAL 9005,#111111
108,10,46,139,2,Black,RAL 9005,#111111
108,10,47,138,2,Black,RAL 9005,#111111
108,10,48,137,2,Black,RAL 9005,#111111
108,10,49,136,2,Black,RAL 9005,#111111
108,10,50,135,2,Black,RAL 9005,#111111
108,10,51,134,2,Black,RAL 9005,#111111
108,10,52,133,2,Black,RAL 9005,#111111
108,10,53,132,2,Black,RAL 9005,#111111
108,10,54,131,2,Black,RAL 9005,#111111
108,10,55,130,2,Black,RAL 9005,#111111
108,10,56,129,2,Black,RAL 9005,#111111
108,10,57,128,2,Black,RAL 9005,#111111
108,10,58,127,2,Black,RAL 9005,#111111
108,10,59,126,2,Black,RAL 9005,#111111
108,10,60,125,2,Black,RAL 9005,#111111
108,10,61,124,2,Black,RAL 9005,#111111
108,10,62,123,2,Black,RAL 9005,#111111
108,10,63,122,2,Black,RAL 9005,#111111
108,10,64,121,2,Black,RAL 9005,#111111
108,10,65,120,2,Black,RAL 9005,#111111
108,10,66,119,2,Black,RAL 9005,#111111
108,10,67,118,2,Black,RAL 9005,#111111
108,10,68,117,2,Black,RAL 9005,#111111
108,10,69,116,2,Black,RAL 9005,#111111
108,10,70,115,2,Black,RAL 9005,#111111
108,10,71,114,2,Black,RAL 9005,#111111
108,10,72,113,2,Black,RAL 9005,#111111
108,10,73,112,2,Black,RAL 9005,#111111
108,10,74,111,8,Gray,RAL 7040,#8E98A3
108,10,75,110,8,Gray,RAL 7040,#8E98A3
108,10,76,109,8,Gray,RAL 7040,#8E98A3
108,10,77,108,8,Gray,RAL 7040,#8E98A3
108,10,78,107,8,Gray,RAL 7040,#8E98A3
108,10,79,106,8,Gray,RAL 7040,#8E98A3
108,10,80,105,8,Gray,RAL 7040,#8E98A3
108,10,81,104,8,Gray,RAL 7040,#8E98A3
108,10,82,103,8,Gray,RAL 7040,#8E98A3
108,10,83,102,8,Gray,RAL 7040,#8E98A3
108,10,84,101,8,Gray,RAL 7040,#8E98A3
108,10,85,100,8,Gray,RAL 7040,#8E98A3
108,10,86,99,8,Gray,RAL 7040,#8E98A3
108,10,87,98,8,Gray,RAL 7040,#8E98A3
108,10,88,97,8,Gray,RAL 7040,#8E98A3
108,10,89,96,8,Gray,RAL 7040,#8E98A3
108,10,90,95,8,Gray,RAL 7040,#8E98A3
108,10,91,94,8,Gray,RAL 7040,#8E98A3
108,10,92,93,8,Gray,RAL 7040,#8E98A3
108,10,93,92,8,Gray,RAL 7040,#8E98A3
108,10,94,91,8,Gray,RAL 7040,#8E98A3
108,10,95,90,8,Gray,RAL 7040,#8E98A3
108,10,96,89,8,Gray,RAL 7040,#8E98A3
108,10,97,88,8,Gray,RAL 7040,#8E98A3
108,10,98,87,8,Gray,RAL 7040,#8E98A3
108,10,99,86,8,Gray,RAL 7040,#8E98A3
108,10,100,85,8,Gray,RAL 7040,#8E98A3
108,10,101,84,8,Gray,RAL 7040,#8E98A3
108,10,102,83,8,Gray,RAL 7040,#8E98A3
108,10,103,82,8,Gray,RAL 7040,#8E98A3
108,10,104,81,8,Gray,RAL 7040,#8E98A3
108,10,105,80,8,Gray,RAL 7040,#8E98A3
108,10,106,79,8,Gray,RAL 7040,#8E98A3
108,10,107,78,8,Gray,RAL 7040,#8E98A3
108,10,108,77,8,Gray,RAL 7040,#8E98A3
108,10,109,76,8,Gray,RAL 7040,#8E98A3
108,10,110,75,8,Gray,RAL 7040,#8E98A3
108,10,111,74,8,Gray,RAL 7040,#8E98A3
108,10,112,73,8,Gray,RAL 7040,#8E98A3
108,10,113,72,8,Gray,RAL 7040,#8E98A3
108,10,114,71,8,Gray,RAL 7040,#8E98A3
108,10,115,70,8,Gray,RAL 7040,#8E98A3
108,10,116,69,8,Gray,RAL 7040,#8E98A3
108,10,117,68,8,Gray,RAL 7040,#8E98A3
108,10,118,67,8,Gray,RAL 7040,#8E98A3
108,10,119,66,8,Gray,RAL 7040,#8E98A3
108,10,120,65,8,Gray,RAL 7040,#8E98A3
108,10,121,64,8,Gray,RAL 7040,#8E98A3
108,10,122,63,8,Gray,RAL 7040,#8E98A3
108,10,123,62,8,Gray,RAL 7040,#8E98A3
108,10,124,61,8,Gray,RAL 7040,#8E98A3
108,10,125,60,8,Gray,RAL 7040,#8E98A3
108,10,126,59,8,Gray,RAL 7040,#8E98A3
108,10,127,58,8,Gray,RAL 7040,#8E98A3
108,10,128,57,8,Gray,RAL 7040,#8E98A3
108,10,129,56,8,Gray,RAL 7040,#8E98A3
108,10,130,55,8,Gray,RAL 7040,#8E98A3
108,10,131,54,8,Gray,RAL 7040,#8E98A3
108,10,132,53,8,Gray,RAL 7040,#8E98A3
108,10,133,52,8,Gray,RAL 7040,#8E98A3
108,10,134,51,8,Gray,RAL 7040,#8E98A3
108,10,135,50,8,Gray,RAL 7040,#8E98A3
108,10,136,49,8,Gray,RAL 7040,#8E98A3
108,10,137,48,8,Gray,RAL 7040,#8E98A3
108,10,138,47,8,Gray,RAL 7040,#8E98A3
108,10,139,46,8,Gray,RAL 7040,#8E98A3
108,10,140,45,6,Green,RAL 6018,#2CA36A
108,10,141,44,6,Green,RAL 6018,#2CA36A
108,10,142,43,6,Green,RAL 6018,#2CA36A
108,10,143,42,6,Green,RAL 6018,#2CA36A
108,10,144,41,6,Green,RAL 6018,#2CA36A
108,10,145,40,6,Green,RAL 6018,#2CA36A
108,10,146,39,6,Green,RAL 6018,#2CA36A
108,10,147,38,6,Green,RAL 6018,#2CA36A
108,10,148,37,6,Green,RAL 6018,#2CA36A
108,10,149,36,6,Green,RAL 6018,#2CA36A
108,10,150,35,6,Green,RAL 6018,#2CA36A
108,10,151,34,6,Green,RAL 6018,#2CA36A
108,10,152,33,6,Green,RAL 6018,#2CA36A
108,10,153,32,6,Green,RAL 6018,#2CA36A
108,10,154,31,6,Green,RAL 6018,#2CA36A
108,10,155,30,6,Green,RAL 6018,#2CA36A
108,10,156,29,6,Green,RAL 6018,#2CA36A
108,10,157,28,6,Green,RAL 6018,#2CA36A
108,10,158,27,6,Green,RAL 6018,#2CA36A
108,10,159,26,8,Gray,RAL 7040,#8E98A3
108,10,160,25,8,Gray,RAL 7040,#8E98A3
108,10,161,24,8,Gray,RAL 7040,#8E98A3
108,10,162,23,8,Gray,RAL 7040,#8E98A3
108,10,163,22,8,Gray,RAL 7040,#8E98A3
108,10,164,21,8,Gray,RAL 7040,#8E98A3
108,10,165,20,8,Gray,RAL 7040,#8E98A3
108,10,166,19,8,Gray,RAL 7040,#8E98A3
108,10,167,18,8,Gray,RAL 7040,#8E98A3
108,10,168,17,8,Gray,RAL 7040,#8E98A3
108,10,169,16,8,Gray,RAL 7040,#8E98A3
108,10,170,15,8,Gray,RAL 7040,#8E98A3
108,10,171,14,6,Green,RAL 6018,#2CA36A
108,10,172,13,6,Green,RAL 6018,#2CA36A
108,10,173,12,6,Green,RAL 6018,#2CA36A
108,10,174,11,6,Green,RAL 6018,#2CA36A
108,10,175,10,6,Green,RAL 6018,#2CA36A
108,10,176,9,6,Green,RAL 6018,#2CA36A
108,10,177,8,6,Green,RAL 6018,#2CA36A
108,10,178,7,6,Green,RAL 6018,#2CA36A
108,10,179,6,6,Green,RAL 6018,#2CA36A
108,10,180,5,6,Green,RAL 6018,#2CA36A
108,10,181,4,6,Green,RAL 6018,#2CA36A
108,10,182,3,6,Green,RAL 6018,#2CA36A
108,10,183,2,6,Green,RAL 6018,#2CA36A
108,10,184,1,6,Green,RAL 6018,#2CA36A
109,9,1,184,2,Black,RAL 9005,#111111
109,9,2,183,2,Black,RAL 9005,#111111
109,9,3,182,2,Black,RAL 9005,#111111
109,9,4,181,2,Black,RAL 9005,#111111
109,9,5,180,2,Black,RAL 9005,#111111
109,9,6,179,2,Black,RAL 9005,#111111
109,9,7,178,2,Black,RAL 9005,#111111
109,9,8,177,2,Black,RAL 9005,#111111
109,9,9,176,2,Black,RAL 9005,#111111
109,9,10,175,2,Black,RAL 9005,#111111
109,9,11,174,2,Black,RAL 9005,#111111
109,9,12,173,2,Black,RAL 9005,#111111
109,9,13,172,2,Black,RAL 9005,#111111
109,9,14,171,2,Black,RAL 9005,#111111
109,9,15,170,2,Black,RAL 9005,#111111
109,9,16,169,2,Black,RAL 9005,#111111
109,9,17,168,2,Black,RAL 9005,#111111
109,9,18,167,2,Black,RAL 9005,#111111
109,9,19,166,2,Black,RAL 9005,#111111
109,9,20,165,2,Black,RAL 9005,#111111
109,9,21,164,2,Black,RAL 9005,#111111
109,9,22,163,2,Black,RAL 9005,#111111
109,9,23,162,2,Black,RAL 9005,#111111
109,9,24,161,2,Black,RAL 9005,#111111
109,9,25,160,2,Black,RAL 9005,#111111
109,9,26,159,2,Black,RAL 9005,#111111
109,9,27,158,2,Black,RAL 9005,#111111
109,9,28,157,2,Black,RAL 9005,#111111
109,9,29,156,2,Black,RAL 9005,#111111
109,9,30,155,2,Black,RAL 9005,#111111
109,9,31,154,2,Black,RAL 9005,#111111
109,9,32,153,2,Black,RAL 9005,#111111
109,9,33,152,2,Black,RAL 9005,#111111
109,9,34,151,2,Black,RAL 9005,#111111
109,9,35,150,2,Black,RAL 9005,#111111
109,9,36,149,2,Black,RAL 9005,#111111
109,9,37,148,2,Black,RAL 9005,#111111
109,9,38,147,2,Black,RAL 9005,#111111
109,9,39,146,2,Black,RAL 9005,#111111
109,9,40,145,2,Black,RAL 9005,#111111
109,9,41,144,2,Black,RAL 9005,#111111
109,9,42,143,2,Black,RAL 9005,#111111
109,9,43,142,2,Black,RAL 9005,#111111
109,9,44,141,2,Black,RAL 9005,#111111
109,9,45,140,2,Black,RAL 9005,#111111
109,9,46,139,2,Black,RAL 9005,#111111
109,9,47,138,2,Black,RAL 9005,#111111
109,9,48,137,2,Black,RAL 9005,#111111
109,9,49,136,2,Black,RAL 9005,#111111
109,9,50,135,2,Black,RAL 9005,#111111
109,9,51,134,2,Black,RAL 9005,#111111
109,9,52,133,2,Black,RAL 9005,#111111
109,9,53,132,2,Black,RAL 9005,#111111
109,9,54,131,2,Black,RAL 9005,#111111
109,9,55,130,2,Black,RAL 9005,#111111
109,9,56,129,2,Black,RAL 9005,#111111
109,9,57,128,2,Black,RAL 9005,#111111
109,9,58,127,2,Black,RAL 9005,#111111
109,9,59,126,2,Black,RAL 9005,#111111
109,9,60,125,2,Black,RAL 9005,#111111
109,9,61,124,2,Black,RAL 9005,#111111
109,9,62,123,2,Black,RAL 9005,#111111
109,9,63,122,2,Black,RAL 9005,#111111
109,9,64,121,2,Black,RAL 9005,#111111
109,9,65,120,2,Black,RAL 9005,#111111
109,9,66,119,2,Black,RAL 9005,#111111
109,9,67,118,2,Black,RAL 9005,#111111
109,9,68,117,2,Black,RAL 9005,#111111
109,9,69,116,2,Black,RAL 9005,#111111
109,9,70,115,2,Black,RAL 9005,#111111
109,9,71,114,2,Black,RAL 9005,#111111
109,9,72,113,2,Black,RAL 9005,#111111
109,9,73,112,2,Black,RAL 9005,#111111
109,9,74,111,2,Black,RAL 9005,#111111
109,9,75,110,8,Gray,RAL 7040,#8E98A3
109,9,76,109,8,Gray,RAL 7040,#8E98A3
109,9,77,108,8,Gray,RAL 7040,#8E98A3
109,9,78,107,8,Gray,RAL 7040,#8E98A3
109,9,79,106,8,Gray,RAL 7040,#8E98A3
109,9,80,105,8,Gray,RAL 7040,#8E98A3
109,9,81,104,8,Gray,RAL 7040,#8E98A3
109,9,82,103,8,Gray,RAL 7040,#8E98A3
109,9,83,102,8,Gray,RAL 7040,#8E98A3
109,9,84,101,8,Gray,RAL 7040,#8E98A3
109,9,85,100,8,Gray,RAL 7040,#8E98A3
109,9,86,99,8,Gray,RAL 7040,#8E98A3
109,9,87,98,8,Gray,RAL 7040,#8E98A3
109,9,88,97,8,Gray,RAL 7040,#8E98A3
109,9,89,96,8,Gray,RAL 7040,#8E98A3
109,9,90,95,8,Gray,RAL 7040,#8E98A3
109,9,91,94,8,Gray,RAL 7040,#8E98A3
109,9,92,93,8,Gray,RAL 7040,#8E98A3
109,9,93,92,8,Gray,RAL 7040,#8E98A3
109,9,94,91,8,Gray,RAL 7040,#8E98A3
109,9,95,90,8,Gray,RAL 7040,#8E98A3
109,9,96,89,8,Gray,RAL 7040,#8E98A3
109,9,97,88,8,Gray,RAL 7040,#8E98A3
109,9,98,87,8,Gray,RAL 7040,#8E98A3
109,9,99,86,8,Gray,RAL 7040,#8E98A3
109,9,100,85,8,Gray,RAL 7040,#8E98A3
109,9,101,84,8,Gray,RAL 7040,#8E98A3
109,9,102,83,8,Gray,RAL 7040,#8E98A3
109,9,103,82,8,Gray,RAL 7040,#8E98A3
109,9,104,81,8,Gray,RAL 7040,#8E98A3
109,9,105,80,8,Gray,RAL 7040,#8E98A3
109,9,106,79,8,Gray,RAL 7040,#8E98A3
109,9,107,78,8,Gray,RAL 7040,#8E98A3
109,9,108,77,8,Gray,RAL 7040,#8E98A3
109,9,109,76,8,Gray,RAL 7040,#8E98A3
109,9,110,75,8,Gray,RAL 7040,#8E98A3
109,9,111,74,8,Gray,RAL 7040,#8E98A3
109,9,112,73,8,Gray,RAL 7040,#8E98A3
109,9,113,72,8,Gray,RAL 7040,#8E98A3
109,9,114,71,8,Gray,RAL 7040,#8E98A3
109,9,115,70,8,Gray,RAL 7040,#8E98A3
109,9,116,69,8,Gray,RAL 7040,#8E98A3
109,9,117,68,8,Gray,RAL 7040,#8E98A3
109,9,118,67,8,Gray,RAL 7040,#8E98A3
109,9,119,66,8,Gray,RAL 7040,#8E98A3
109,9,120,65,8,Gray,RAL 7040,#8E98A3
109,9,121,64,8,Gray,RAL 7040,#8E98A3
109,9,122,63,8,Gray,RAL 7040,#8E98A3
109,9,123,62,8,Gray,RAL 7040,#8E98A3
109,9,124,61,8,Gray,RAL 7040,#8E98A3
109,9,125,60,8,Gray,RAL 7040,#8E98A3
109,9,126,59,8,Gray,RAL 7040,#8E98A3
109,9,127,58,8,Gray,RAL 7040,#8E98A3
109,9,128,57,8,Gray,RAL 7040,#8E98A3
109,9,129,56,8,Gray,RAL 7040,#8E98A3
109,9,130,55,8,Gray,RAL 7040,#8E98A3
109,9,131,54,8,Gray,RAL 7040,#8E98A3
109,9,132,53,8,Gray,RAL 7040,#8E98A3
109,9,133,52,8,Gray,RAL 7040,#8E98A3
109,9,134,51,8,Gray,RAL 7040,#8E98A3
109,9,135,50,8,Gray,RAL 7040,#8E98A3
109,9,136,49,8,Gray,RAL 7040,#8E98A3
109,9,137,48,8,Gray,RAL 7040,#8E98A3
109,9,138,47,8,Gray,RAL 7040,#8E98A3
109,9,139,46,8,Gray,RAL 7040,#8E98A3
109,9,140,45,8,Gray,RAL 7040,#8E98A3
109,9,141,44,6,Green,RAL 6018,#2CA36A
109,9,142,43,6,Green,RAL 6018,#2CA36A
109,9,143,42,6,Green,RAL 6018,#2CA36A
109,9,144,41,6,Green,RAL 6018,#2CA36A
109,9,145,40,6,Green,RAL 6018,#2CA36A
109,9,146,39,6,Green,RAL 6018,#2CA36A
109,9,147,38,6,Green,RAL 6018,#2CA36A
109,9,148,37,6,Green,RAL 6018,#2CA36A
109,9,149,36,6,Green,RAL 6018,#2CA36A
109,9,150,35,6,Green,RAL 6018,#2CA36A
109,9,151,34,6,Green,RAL 6018,#2CA36A
109,9,152,33,6,Green,RAL 6018,#2CA36A
109,9,153,32,6,Green,RAL 6018,#2CA36A
109,9,154,31,6,Green,RAL 6018,#2CA36A
109,9,155,30,6,Green,RAL 6018,#2CA36A
109,9,156,29,6,Green,RAL 6018,#2CA36A
109,9,157,28,6,Green,RAL 6018,#2CA36A
109,9,158,27,8,Gray,RAL 7040,#8E98A3
109,9,159,26,8,Gray,RAL 7040,#8E98A3
109,9,160,25,8,Gray,RAL 7040,#8E98A3
109,9,161,24,8,Gray,RAL 7040,#8E98A3
109,9,162,23,8,Gray,RAL 7040,#8E98A3
109,9,163,22,8,Gray,RAL 7040,#8E98A3
109,9,164,21,8,Gray,RAL 7040,#8E98A3
109,9,165,20,8,Gray,RAL 7040,#8E98A3
109,9,166,19,8,Gray,RAL 7040,#8E98A3
109,9,167,18,8,Gray,RAL 7040,#8E98A3
109,9,168,17,8,Gray,RAL 7040,#8E98A3
109,9,169,16,8,Gray,RAL 7040,#8E98A3
109,9,170,15,6,Green,RAL 6018,#2CA36A
109,9,171,14,6,Green,RAL 6018,#2CA36A
109,9,172,13,6,Green,RAL 6018,#2CA36A
109,9,173,12,6,Green,RAL 6018,#2CA36A
109,9,174,11,6,Green,RAL 6018,#2CA36A
109,9,175,10,6,Green,RAL 6018,#2CA36A
109,9,176,9,6,Green,RAL 6018,#2CA36A
109,9,177,8,6,Green,RAL 6018,#2CA36A
109,9,178,7,6,Green,RAL 6018,#2CA36A
109,9,179,6,6,Green,RAL 6018,#2CA36A
109,9,180,5,6,Green,RAL 6018,#2CA36A
109,9,181,4,6,Green,RAL 6018,#2CA36A
109,9,182,3,6,Green,RAL 6018,#2CA36A
109,9,183,2,6,Green,RAL 6018,#2CA36A
109,9,184,1,6,Green,RAL 6018,#2CA36A
110,8,1,184,2,Black,RAL 9005,#111111
110,8,2,183,2,Black,RAL 9005,#111111
110,8,3,182,2,Black,RAL 9005,#111111
110,8,4,181,2,Black,RAL 9005,#111111
110,8,5,180,2,Black,RAL 9005,#111111
110,8,6,179,2,Black,RAL 9005,#111111
110,8,7,178,2,Black,RAL 9005,#111111
110,8,8,177,2,Black,RAL 9005,#111111
110,8,9,176,2,Black,RAL 9005,#111111
110,8,10,175,2,Black,RAL 9005,#111111
110,8,11,174,2,Black,RAL 9005,#111111
110,8,12,173,2,Black,RAL 9005,#111111
110,8,13,172,2,Black,RAL 9005,#111111
110,8,14,171,2,Black,RAL 9005,#111111
110,8,15,170,2,Black,RAL 9005,#111111
110,8,16,169,2,Black,RAL 9005,#111111
110,8,17,168,2,Black,RAL 9005,#111111
110,8,18,167,2,Black,RAL 9005,#111111
110,8,19,166,2,Black,RAL 9005,#111111
110,8,20,165,2,Black,RAL 9005,#111111
110,8,21,164,2,Black,RAL 9005,#111111
110,8,22,163,2,Black,RAL 9005,#111111
110,8,23,162,2,Black,RAL 9005,#111111
110,8,24,161,2,Black,RAL 9005,#111111
110,8,25,160,2,Black,RAL 9005,#111111
110,8,26,159,2,Black,RAL 9005,#111111
110,8,27,158,2,Black,RAL 9005,#111111
110,8,28,157,2,Black,RAL 9005,#111111
110,8,29,156,2,Black,RAL 9005,#111111
110,8,30,155,2,Black,RAL 9005,#111111
110,8,31,154,2,Black,RAL 9005,#111111
110,8,32,153,2,Black,RAL 9005,#111111
110,8,33,152,2,Black,RAL 9005,#111111
110,8,34,151,2,Black,RAL 9005,#111111
110,8,35,150,2,Black,RAL 9005,#111111
110,8,36,149,2,Black,RAL 9005,#111111
110,8,37,148,2,Black,RAL 9005,#111111
110,8,38,147,2,Black,RAL 9005,#111111
110,8,39,146,2,Black,RAL 9005,#111111
110,8,40,145,2,Black,RAL 9005,#111111
110,8,41,144,2,Black,RAL 9005,#111111
110,8,42,143,2,Black,RAL 9005,#111111
110,8,43,142,2,Black,RAL 9005,#111111
110,8,44,141,2,Black,RAL 9005,#111111
110,8,45,140,2,Black,RAL 9005,#111111
110,8,46,139,2,Black,RAL 9005,#111111
110,8,47,138,2,Black,RAL 9005,#111111
110,8,48,137,2,Black,RAL 9005,#111111
110,8,49,136,2,Black,RAL 9005,#111111
110,8,50,135,2,Black,RAL 9005,#111111
110,8,51,134,2,Black,RAL 9005,#111111
110,8,52,133,2,Black,RAL 9005,#111111
110,8,53,132,2,Black,RAL 9005,#111111
110,8,54,131,2,Black,RAL 9005,#111111
110,8,55,130,2,Black,RAL 9005,#111111
110,8,56,129,2,Black,RAL 9005,#111111
110,8,57,128,2,Black,RAL 9005,#111111
110,8,58,127,2,Black,RAL 9005,#111111
110,8,59,126,2,Black,RAL 9005,#111111
110,8,60,125,2,Black,RAL 9005,#111111
110,8,61,124,2,Black,RAL 9005,#111111
110,8,62,123,2,Black,RAL 9005,#111111
110,8,63,122,2,Black,RAL 9005,#111111
110,8,64,121,2,Black,RAL 9005,#111111
110,8,65,120,2,Black,RAL 9005,#111111
110,8,66,119,2,Black,RAL 9005,#111111
110,8,67,118,2,Black,RAL 9005,#111111
110,8,68,117,2,Black,RAL 9005,#111111
110,8,69,116,2,Black,RAL 9005,#111111
110,8,70,115,2,Black,RAL 9005,#111111
110,8,71,114,2,Black,RAL 9005,#111111
110,8,72,113,2,Black,RAL 9005,#111111
110,8,73,112,2,Black,RAL 9005,#111111
110,8,74,111,2,Black,RAL 9005,#111111
110,8,75,110,2,Black,RAL 9005,#111111
110,8,76,109,8,Gray,RAL 7040,#8E98A3
110,8,77,108,8,Gray,RAL 7040,#8E98A3
110,8,78,107,8,Gray,RAL 7040,#8E98A3
110,8,79,106,8,Gray,RAL 7040,#8E98A3
110,8,80,105,8,Gray,RAL 7040,#8E98A3
110,8,81,104,8,Gray,RAL 7040,#8E98A3
110,8,82,103,8,Gray,RAL 7040,#8E98A3
110,8,83,102,8,Gray,RAL 7040,#8E98A3
110,8,84,101,8,Gray,RAL 7040,#8E98A3
110,8,85,100,8,Gray,RAL 7040,#8E98A3
110,8,86,99,8,Gray,RAL 7040,#8E98A3
110,8,87,98,8,Gray,RAL 7040,#8E98A3
110,8,88,97,8,Gray,RAL 7040,#8E98A3
110,8,89,96,8,Gray,RAL 7040,#8E98A3
110,8,90,95,8,Gray,RAL 7040,#8E98A3
110,8,91,94,8,Gray,RAL 7040,#8E98A3
110,8,92,93,8,Gray,RAL 7040,#8E98A3
110,8,93,92,8,Gray,RAL 7040,#8E98A3
110,8,94,91,8,Gray,RAL 7040,#8E98A3
110,8,95,90,8,Gray,RAL 7040,#8E98A3
110,8,96,89,8,Gray,RAL 7040,#8E98A3
110,8,97,88,8,Gray,RAL 7040,#8E98A3
110,8,98,87,8,Gray,RAL 7040,#8E98A3
110,8,99,86,8,Gray,RAL 7040,#8E98A3
110,8,100,85,8,Gray,RAL 7040,#8E98A3
110,8,101,84,8,Gray,RAL 7040,#8E98A3
110,8,102,83,8,Gray,RAL 7040,#8E98A3
110,8,103,82,8,Gray,RAL 7040,#8E98A3
110,8,104,81,8,Gray,RAL 7040,#8E98A3
110,8,105,80,8,Gray,RAL 7040,#8E98A3
110,8,106,79,8,Gray,RAL 7040,#8E98A3
110,8,107,78,8,Gray,RAL 7040,#8E98A3
110,8,108,77,8,Gray,RAL 7040,#8E98A3
110,8,109,76,8,Gray,RAL 7040,#8E98A3
110,8,110,75,8,Gray,RAL 7040,#8E98A3
110,8,111,74,8,Gray,RAL 7040,#8E98A3
110,8,112,73,8,Gray,RAL 7040,#8E98A3
110,8,113,72,8,Gray,RAL 7040,#8E98A3
110,8,114,71,8,Gray,RAL 7040,#8E98A3
110,8,115,70,8,Gray,RAL 7040,#8E98A3
110,8,116,69,8,Gray,RAL 7040,#8E98A3
110,8,117,68,8,Gray,RAL 7040,#8E98A3
110,8,118,67,8,Gray,RAL 7040,#8E98A3
110,8,119,66,8,Gray,RAL 7040,#8E98A3
110,8,120,65,8,Gray,RAL 7040,#8E98A3
110,8,121,64,8,Gray,RAL 7040,#8E98A3
110,8,122,63,8,Gray,RAL 7040,#8E98A3
110,8,123,62,8,Gray,RAL 7040,#8E98A3
110,8,124,61,8,Gray,RAL 7040,#8E98A3
110,8,125,60,8,Gray,RAL 7040,#8E98A3
110,8,126,59,8,Gray,RAL 7040,#8E98A3
110,8,127,58,8,Gray,RAL 7040,#8E98A3
110,8,128,57,8,Gray,RAL 7040,#8E98A3
110,8,129,56,8,Gray,RAL 7040,#8E98A3
110,8,130,55,8,Gray,RAL 7040,#8E98A3
110,8,131,54,8,Gray,RAL 7040,#8E98A3
110,8,132,53,8,Gray,RAL 7040,#8E98A3
110,8,133,52,8,Gray,RAL 7040,#8E98A3
110,8,134,51,8,Gray,RAL 7040,#8E98A3
110,8,135,50,8,Gray,RAL 7040,#8E98A3
110,8,136,49,8,Gray,RAL 7040,#8E98A3
110,8,137,48,8,Gray,RAL 7040,#8E98A3
110,8,138,47,8,Gray,RAL 7040,#8E98A3
110,8,139,46,8,Gray,RAL 7040,#8E98A3
110,8,140,45,8,Gray,RAL 7040,#8E98A3
110,8,141,44,8,Gray,RAL 7040,#8E98A3
110,8,142,43,8,Gray,RAL 7040,#8E98A3
110,8,143,42,6,Green,RAL 6018,#2CA36A
110,8,144,41,6,Green,RAL 6018,#2CA36A
110,8,145,40,6,Green,RAL 6018,#2CA36A
110,8,146,39,6,Green,RAL 6018,#2CA36A
110,8,147,38,6,Green,RAL 6018,#2CA36A
110,8,148,37,6,Green,RAL 6018,#2CA36A
110,8,149,36,6,Green,RAL 6018,#2CA36A
110,8,150,35,6,Green,RAL 6018,#2CA36A
110,8,151,34,6,Green,RAL 6018,#2CA36A
110,8,152,33,6,Green,RAL 6018,#2CA36A
110,8,153,32,6,Green,RAL 6018,#2CA36A
110,8,154,31,6,Green,RAL 6018,#2CA36A
110,8,155,30,6,Green,RAL 6018,#2CA36A
110,8,156,29,8,Gray,RAL 7040,#8E98A3
110,8,157,28,8,Gray,RAL 7040,#8E98A3
110,8,158,27,8,Gray,RAL 7040,#8E98A3
110,8,159,26,8,Gray,RAL 7040,#8E98A3
110,8,160,25,8,Gray,RAL 7040,#8E98A3
110,8,161,24,8,Gray,RAL 7040,#8E98A3
110,8,162,23,8,Gray,RAL 7040,#8E98A3
110,8,163,22,8,Gray,RAL 7040,#8E98A3
110,8,164,21,8,Gray,RAL 7040,#8E98A3
110,8,165,20,8,Gray,RAL 7040,#8E98A3
110,8,166,19,8,Gray,RAL 7040,#8E98A3
110,8,167,18,8,Gray,RAL 7040,#8E98A3
110,8,168,17,8,Gray,RAL 7040,#8E98A3
110,8,169,16,8,Gray,RAL 7040,#8E98A3
110,8,170,15,6,Green,RAL 6018,#2CA36A
110,8,171,14,6,Green,RAL 6018,#2CA36A
110,8,172,13,6,Green,RAL 6018,#2CA36A
110,8,173,12,6,Green,RAL 6018,#2CA36A
110,8,174,11,6,Green,RAL 6018,#2CA36A
110,8,175,10,6,Green,RAL 6018,#2CA36A
110,8,176,9,6,Green,RAL 6018,#2CA36A
110,8,177,8,6,Green,RAL 6018,#2CA36A
110,8,178,7,6,Green,RAL 6018,#2CA36A
110,8,179,6,6,Green,RAL 6018,#2CA36A
110,8,180,5,6,Green,RAL 6018,#2CA36A
110,8,181,4,6,Green,RAL 6018,#2CA36A
110,8,182,3,6,Green,RAL 6018,#2CA36A
110,8,183,2,6,Green,RAL 6018,#2CA36A
110,8,184,1,6,Green,RAL 6018,#2CA36A
111,7,1,184,2,Black,RAL 9005,#111111
111,7,2,183,2,Black,RAL 9005,#111111
111,7,3,182,2,Black,RAL 9005,#111111
111,7,4,181,2,Black,RAL 9005,#111111
111,7,5,180,2,Black,RAL 9005,#111111
111,7,6,179,2,Black,RAL 9005,#111111
111,7,7,178,2,Black,RAL 9005,#111111
111,7,8,177,2,Black,RAL 9005,#111111
111,7,9,176,2,Black,RAL 9005,#111111
111,7,10,175,2,Black,RAL 9005,#111111
111,7,11,174,2,Black,RAL 9005,#111111
111,7,12,173,2,Black,RAL 9005,#111111
111,7,13,172,2,Black,RAL 9005,#111111
111,7,14,171,2,Black,RAL 9005,#111111
111,7,15,170,2,Black,RAL 9005,#111111
111,7,16,169,2,Black,RAL 9005,#111111
111,7,17,168,2,Black,RAL 9005,#111111
111,7,18,167,2,Black,RAL 9005,#111111
111,7,19,166,2,Black,RAL 9005,#111111
111,7,20,165,2,Black,RAL 9005,#111111
111,7,21,164,2,Black,RAL 9005,#111111
111,7,22,163,2,Black,RAL 9005,#111111
111,7,23,162,2,Black,RAL 9005,#111111
111,7,24,161,2,Black,RAL 9005,#111111
111,7,25,160,2,Black,RAL 9005,#111111
111,7,26,159,2,Black,RAL 9005,#111111
111,7,27,158,2,Black,RAL 9005,#111111
111,7,28,157,2,Black,RAL 9005,#111111
111,7,29,156,2,Black,RAL 9005,#111111
111,7,30,155,2,Black,RAL 9005,#111111
111,7,31,154,2,Black,RAL 9005,#111111
111,7,32,153,2,Black,RAL 9005,#111111
111,7,33,152,2,Black,RAL 9005,#111111
111,7,34,151,2,Black,RAL 9005,#111111
111,7,35,150,2,Black,RAL 9005,#111111
111,7,36,149,2,Black,RAL 9005,#111111
111,7,37,148,2,Black,RAL 9005,#111111
111,7,38,147,2,Black,RAL 9005,#111111
111,7,39,146,2,Black,RAL 9005,#111111
111,7,40,145,2,Black,RAL 9005,#111111
111,7,41,144,2,Black,RAL 9005,#111111
111,7,42,143,2,Black,RAL 9005,#111111
111,7,43,142,2,Black,RAL 9005,#111111
111,7,44,141,2,Black,RAL 9005,#111111
111,7,45,140,2,Black,RAL 9005,#111111
111,7,46,139,2,Black,RAL 9005,#111111
111,7,47,138,2,Black,RAL 9005,#111111
111,7,48,137,2,Black,RAL 9005,#111111
111,7,49,136,2,Black,RAL 9005,#111111
111,7,50,135,2,Black,RAL 9005,#111111
111,7,51,134,2,Black,RAL 9005,#111111
111,7,52,133,2,Black,RAL 9005,#111111
111,7,53,132,2,Black,RAL 9005,#111111
111,7,54,131,2,Black,RAL 9005,#111111
111,7,55,130,2,Black,RAL 9005,#111111
111,7,56,129,2,Black,RAL 9005,#111111
111,7,57,128,2,Black,RAL 9005,#111111
111,7,58,127,2,Black,RAL 9005,#111111
111,7,59,126,2,Black,RAL 9005,#111111
111,7,60,125,2,Black,RAL 9005,#111111
111,7,61,124,2,Black,RAL 9005,#111111
111,7,62,123,2,Black,RAL 9005,#111111
111,7,63,122,2,Black,RAL 9005,#111111
111,7,64,121,2,Black,RAL 9005,#111111
111,7,65,120,2,Black,RAL 9005,#111111
111,7,66,119,2,Black,RAL 9005,#111111
111,7,67,118,2,Black,RAL 9005,#111111
111,7,68,117,2,Black,RAL 9005,#111111
111,7,69,116,2,Black,RAL 9005,#111111
111,7,70,115,2,Black,RAL 9005,#111111
111,7,71,114,2,Black,RAL 9005,#111111
111,7,72,113,2,Black,RAL 9005,#111111
111,7,73,112,2,Black,RAL 9005,#111111
111,7,74,111,2,Black,RAL 9005,#111111
111,7,75,110,2,Black,RAL 9005,#111111
111,7,76,109,8,Gray,RAL 7040,#8E98A3
111,7,77,108,8,Gray,RAL 7040,#8E98A3
111,7,78,107,8,Gray,RAL 7040,#8E98A3
111,7,79,106,8,Gray,RAL 7040,#8E98A3
111,7,80,105,8,Gray,RAL 7040,#8E98A3
111,7,81,104,8,Gray,RAL 7040,#8E98A3
111,7,82,103,8,Gray,RAL 7040,#8E98A3
111,7,83,102,8,Gray,RAL 7040,#8E98A3
111,7,84,101,8,Gray,RAL 7040,#8E98A3
111,7,85,100,8,Gray,RAL 7040,#8E98A3
111,7,86,99,8,Gray,RAL 7040,#8E98A3
111,7,87,98,8,Gray,RAL 7040,#8E98A3
111,7,88,97,8,Gray,RAL 7040,#8E98A3
111,7,89,96,8,Gray,RAL 7040,#8E98A3
111,7,90,95,8,Gray,RAL 7040,#8E98A3
111,7,91,94,8,Gray,RAL 7040,#8E98A3
111,7,92,93,8,Gray,RAL 7040,#8E98A3
111,7,93,92,8,Gray,RAL 7040,#8E98A3
111,7,94,91,8,Gray,RAL 7040,#8E98A3
111,7,95,90,8,Gray,RAL 7040,#8E98A3
111,7,96,89,8,Gray,RAL 7040,#8E98A3
111,7,97,88,8,Gray,RAL 7040,#8E98A3
111,7,98,87,8,Gray,RAL 7040,#8E98A3
111,7,99,86,8,Gray,RAL 7040,#8E98A3
111,7,100,85,8,Gray,RAL 7040,#8E98A3
111,7,101,84,8,Gray,RAL 7040,#8E98A3
111,7,102,83,8,Gray,RAL 7040,#8E98A3
111,7,103,82,8,Gray,RAL 7040,#8E98A3
111,7,104,81,8,Gray,RAL 7040,#8E98A3
111,7,105,80,8,Gray,RAL 7040,#8E98A3
111,7,106,79,8,Gray,RAL 7040,#8E98A3
111,7,107,78,8,Gray,RAL 7040,#8E98A3
111,7,108,77,8,Gray,RAL 7040,#8E98A3
111,7,109,76,8,Gray,RAL 7040,#8E98A3
111,7,110,75,8,Gray,RAL 7040,#8E98A3
111,7,111,74,8,Gray,RAL 7040,#8E98A3
111,7,112,73,8,Gray,RAL 7040,#8E98A3
111,7,113,72,8,Gray,RAL 7040,#8E98A3
111,7,114,71,8,Gray,RAL 7040,#8E98A3
111,7,115,70,8,Gray,RAL 7040,#8E98A3
111,7,116,69,8,Gray,RAL 7040,#8E98A3
111,7,117,68,8,Gray,RAL 7040,#8E98A3
111,7,118,67,8,Gray,RAL 7040,#8E98A3
111,7,119,66,8,Gray,RAL 7040,#8E98A3
111,7,120,65,8,Gray,RAL 7040,#8E98A3
111,7,121,64,8,Gray,RAL 7040,#8E98A3
111,7,122,63,8,Gray,RAL 7040,#8E98A3
111,7,123,62,8,Gray,RAL 7040,#8E98A3
111,7,124,61,8,Gray,RAL 7040,#8E98A3
111,7,125,60,8,Gray,RAL 7040,#8E98A3
111,7,126,59,8,Gray,RAL 7040,#8E98A3
111,7,127,58,8,Gray,RAL 7040,#8E98A3
111,7,128,57,8,Gray,RAL 7040,#8E98A3
111,7,129,56,8,Gray,RAL 7040,#8E98A3
111,7,130,55,8,Gray,RAL 7040,#8E98A3
111,7,131,54,8,Gray,RAL 7040,#8E98A3
111,7,132,53,8,Gray,RAL 7040,#8E98A3
111,7,133,52,8,Gray,RAL 7040,#8E98A3
111,7,134,51,8,Gray,RAL 7040,#8E98A3
111,7,135,50,8,Gray,RAL 7040,#8E98A3
111,7,136,49,8,Gray,RAL 7040,#8E98A3
111,7,137,48,8,Gray,RAL 7040,#8E98A3
111,7,138,47,8,Gray,RAL 7040,#8E98A3
111,7,139,46,8,Gray,RAL 7040,#8E98A3
111,7,140,45,8,Gray,RAL 7040,#8E98A3
111,7,141,44,8,Gray,RAL 7040,#8E98A3
111,7,142,43,8,Gray,RAL 7040,#8E98A3
111,7,143,42,8,Gray,RAL 7040,#8E98A3
111,7,144,41,8,Gray,RAL 7040,#8E98A3
111,7,145,40,6,Green,RAL 6018,#2CA36A
111,7,146,39,6,Green,RAL 6018,#2CA36A
111,7,147,38,6,Green,RAL 6018,#2CA36A
111,7,148,37,6,Green,RAL 6018,#2CA36A
111,7,149,36,6,Green,RAL 6018,#2CA36A
111,7,150,35,6,Green,RAL 6018,#2CA36A
111,7,151,34,6,Green,RAL 6018,#2CA36A
111,7,152,33,6,Green,RAL 6018,#2CA36A
111,7,153,32,6,Green,RAL 6018,#2CA36A
111,7,154,31,8,Gray,RAL 7040,#8E98A3
111,7,155,30,8,Gray,RAL 7040,#8E98A3
111,7,156,29,8,Gray,RAL 7040,#8E98A3
111,7,157,28,8,Gray,RAL 7040,#8E98A3
111,7,158,27,8,Gray,RAL 7040,#8E98A3
111,7,159,26,8,Gray,RAL 7040,#8E98A3
111,7,160,25,8,Gray,RAL 7040,#8E98A3
111,7,161,24,8,Gray,RAL 7040,#8E98A3
111,7,162,23,8,Gray,RAL 7040,#8E98A3
111,7,163,22,8,Gray,RAL 7040,#8E98A3
111,7,164,21,8,Gray,RAL 7040,#8E98A3
111,7,165,20,8,Gray,RAL 7040,#8E98A3
111,7,166,19,8,Gray,RAL 7040,#8E98A3
111,7,167,18,8,Gray,RAL 7040,#8E98A3
111,7,168,17,8,Gray,RAL 7040,#8E98A3
111,7,169,16,6,Green,RAL 6018,#2CA36A
111,7,170,15,6,Green,RAL 6018,#2CA36A
111,7,171,14,6,Green,RAL 6018,#2CA36A
111,7,172,13,6,Green,RAL 6018,#2CA36A
111,7,173,12,6,Green,RAL 6018,#2CA36A
111,7,174,11,6,Green,RAL 6018,#2CA36A
111,7,175,10,6,Green,RAL 6018,#2CA36A
111,7,176,9,6,Green,RAL 6018,#2CA36A
111,7,177,8,6,Green,RAL 6018,#2CA36A
111,7,178,7,6,Green,RAL 6018,#2CA36A
111,7,179,6,6,Green,RAL 6018,#2CA36A
111,7,180,5,6,Green,RAL 6018,#2CA36A
111,7,181,4,6,Green,RAL 6018,#2CA36A
111,7,182,3,6,Green,RAL 6018,#2CA36A
111,7,183,2,6,Green,RAL 6018,#2CA36A
111,7,184,1,6,Green,RAL 6018,#2CA36A
112,6,1,184,2,Black,RAL 9005,#111111
112,6,2,183,2,Black,RAL 9005,#111111
112,6,3,182,2,Black,RAL 9005,#111111
112,6,4,181,2,Black,RAL 9005,#111111
112,6,5,180,2,Black,RAL 9005,#111111
112,6,6,179,2,Black,RAL 9005,#111111
112,6,7,178,2,Black,RAL 9005,#111111
112,6,8,177,2,Black,RAL 9005,#111111
112,6,9,176,2,Black,RAL 9005,#111111
112,6,10,175,2,Black,RAL 9005,#111111
112,6,11,174,2,Black,RAL 9005,#111111
112,6,12,173,2,Black,RAL 9005,#111111
112,6,13,172,2,Black,RAL 9005,#111111
112,6,14,171,2,Black,RAL 9005,#111111
112,6,15,170,2,Black,RAL 9005,#111111
112,6,16,169,2,Black,RAL 9005,#111111
112,6,17,168,2,Black,RAL 9005,#111111
112,6,18,167,2,Black,RAL 9005,#111111
112,6,19,166,2,Black,RAL 9005,#111111
112,6,20,165,2,Black,RAL 9005,#111111
112,6,21,164,2,Black,RAL 9005,#111111
112,6,22,163,2,Black,RAL 9005,#111111
112,6,23,162,2,Black,RAL 9005,#111111
112,6,24,161,2,Black,RAL 9005,#111111
112,6,25,160,2,Black,RAL 9005,#111111
112,6,26,159,2,Black,RAL 9005,#111111
112,6,27,158,2,Black,RAL 9005,#111111
112,6,28,157,2,Black,RAL 9005,#111111
112,6,29,156,2,Black,RAL 9005,#111111
112,6,30,155,2,Black,RAL 9005,#111111
112,6,31,154,2,Black,RAL 9005,#111111
112,6,32,153,2,Black,RAL 9005,#111111
112,6,33,152,2,Black,RAL 9005,#111111
112,6,34,151,2,Black,RAL 9005,#111111
112,6,35,150,2,Black,RAL 9005,#111111
112,6,36,149,2,Black,RAL 9005,#111111
112,6,37,148,2,Black,RAL 9005,#111111
112,6,38,147,2,Black,RAL 9005,#111111
112,6,39,146,2,Black,RAL 9005,#111111
112,6,40,145,2,Black,RAL 9005,#111111
112,6,41,144,2,Black,RAL 9005,#111111
112,6,42,143,2,Black,RAL 9005,#111111
112,6,43,142,2,Black,RAL 9005,#111111
112,6,44,141,2,Black,RAL 9005,#111111
112,6,45,140,2,Black,RAL 9005,#111111
112,6,46,139,2,Black,RAL 9005,#111111
112,6,47,138,2,Black,RAL 9005,#111111
112,6,48,137,2,Black,RAL 9005,#111111
112,6,49,136,2,Black,RAL 9005,#111111
112,6,50,135,2,Black,RAL 9005,#111111
112,6,51,134,2,Black,RAL 9005,#111111
112,6,52,133,2,Black,RAL 9005,#111111
112,6,53,132,2,Black,RAL 9005,#111111
112,6,54,131,2,Black,RAL 9005,#111111
112,6,55,130,2,Black,RAL 9005,#111111
112,6,56,129,2,Black,RAL 9005,#111111
112,6,57,128,2,Black,RAL 9005,#111111
112,6,58,127,2,Black,RAL 9005,#111111
112,6,59,126,2,Black,RAL 9005,#111111
112,6,60,125,2,Black,RAL 9005,#111111
112,6,61,124,2,Black,RAL 9005,#111111
112,6,62,123,2,Black,RAL 9005,#111111
112,6,63,122,2,Black,RAL 9005,#111111
112,6,64,121,2,Black,RAL 9005,#111111
112,6,65,120,2,Black,RAL 9005,#111111
112,6,66,119,2,Black,RAL 9005,#111111
112,6,67,118,2,Black,RAL 9005,#111111
112,6,68,117,2,Black,RAL 9005,#111111
112,6,69,116,2,Black,RAL 9005,#111111
112,6,70,115,2,Black,RAL 9005,#111111
112,6,71,114,2,Black,RAL 9005,#111111
112,6,72,113,2,Black,RAL 9005,#111111
112,6,73,112,2,Black,RAL 9005,#111111
112,6,74,111,2,Black,RAL 9005,#111111
112,6,75,110,2,Black,RAL 9005,#111111
112,6,76,109,2,Black,RAL 9005,#111111
112,6,77,108,8,Gray,RAL 7040,#8E98A3
112,6,78,107,8,Gray,RAL 7040,#8E98A3
112,6,79,106,8,Gray,RAL 7040,#8E98A3
112,6,80,105,8,Gray,RAL 7040,#8E98A3
112,6,81,104,8,Gray,RAL 7040,#8E98A3
112,6,82,103,8,Gray,RAL 7040,#8E98A3
112,6,83,102,8,Gray,RAL 7040,#8E98A3
112,6,84,101,8,Gray,RAL 7040,#8E98A3
112,6,85,100,8,Gray,RAL 7040,#8E98A3
112,6,86,99,8,Gray,RAL 7040,#8E98A3
112,6,87,98,8,Gray,RAL 7040,#8E98A3
112,6,88,97,8,Gray,RAL 7040,#8E98A3
112,6,89,96,8,Gray,RAL 7040,#8E98A3
112,6,90,95,8,Gray,RAL 7040,#8E98A3
112,6,91,94,8,Gray,RAL 7040,#8E98A3
112,6,92,93,8,Gray,RAL 7040,#8E98A3
112,6,93,92,8,Gray,RAL 7040,#8E98A3
112,6,94,91,8,Gray,RAL 7040,#8E98A3
112,6,95,90,8,Gray,RAL 7040,#8E98A3
112,6,96,89,8,Gray,RAL 7040,#8E98A3
112,6,97,88,8,Gray,RAL 7040,#8E98A3
112,6,98,87,8,Gray,RAL 7040,#8E98A3
112,6,99,86,8,Gray,RAL 7040,#8E98A3
112,6,100,85,8,Gray,RAL 7040,#8E98A3
112,6,101,84,8,Gray,RAL 7040,#8E98A3
112,6,102,83,8,Gray,RAL 7040,#8E98A3
112,6,103,82,8,Gray,RAL 7040,#8E98A3
112,6,104,81,8,Gray,RAL 7040,#8E98A3
112,6,105,80,8,Gray,RAL 7040,#8E98A3
112,6,106,79,8,Gray,RAL 7040,#8E98A3
112,6,107,78,8,Gray,RAL 7040,#8E98A3
112,6,108,77,8,Gray,RAL 7040,#8E98A3
112,6,109,76,8,Gray,RAL 7040,#8E98A3
112,6,110,75,8,Gray,RAL 7040,#8E98A3
112,6,111,74,8,Gray,RAL 7040,#8E98A3
112,6,112,73,8,Gray,RAL 7040,#8E98A3
112,6,113,72,8,Gray,RAL 7040,#8E98A3
112,6,114,71,8,Gray,RAL 7040,#8E98A3
112,6,115,70,8,Gray,RAL 7040,#8E98A3
112,6,116,69,8,Gray,RAL 7040,#8E98A3
112,6,117,68,8,Gray,RAL 7040,#8E98A3
112,6,118,67,8,Gray,RAL 7040,#8E98A3
112,6,119,66,8,Gray,RAL 7040,#8E98A3
112,6,120,65,8,Gray,RAL 7040,#8E98A3
112,6,121,64,8,Gray,RAL 7040,#8E98A3
112,6,122,63,8,Gray,RAL 7040,#8E98A3
112,6,123,62,8,Gray,RAL 7040,#8E98A3
112,6,124,61,8,Gray,RAL 7040,#8E98A3
112,6,125,60,8,Gray,RAL 7040,#8E98A3
112,6,126,59,8,Gray,RAL 7040,#8E98A3
112,6,127,58,8,Gray,RAL 7040,#8E98A3
112,6,128,57,8,Gray,RAL 7040,#8E98A3
112,6,129,56,8,Gray,RAL 7040,#8E98A3
112,6,130,55,8,Gray,RAL 7040,#8E98A3
112,6,131,54,8,Gray,RAL 7040,#8E98A3
112,6,132,53,8,Gray,RAL 7040,#8E98A3
112,6,133,52,8,Gray,RAL 7040,#8E98A3
112,6,134,51,8,Gray,RAL 7040,#8E98A3
112,6,135,50,8,Gray,RAL 7040,#8E98A3
112,6,136,49,8,Gray,RAL 7040,#8E98A3
112,6,137,48,8,Gray,RAL 7040,#8E98A3
112,6,138,47,8,Gray,RAL 7040,#8E98A3
112,6,139,46,8,Gray,RAL 7040,#8E98A3
112,6,140,45,8,Gray,RAL 7040,#8E98A3
112,6,141,44,8,Gray,RAL 7040,#8E98A3
112,6,142,43,8,Gray,RAL 7040,#8E98A3
112,6,143,42,8,Gray,RAL 7040,#8E98A3
112,6,144,41,8,Gray,RAL 7040,#8E98A3
112,6,145,40,8,Gray,RAL 7040,#8E98A3
112,6,146,39,8,Gray,RAL 7040,#8E98A3
112,6,147,38,8,Gray,RAL 7040,#8E98A3
112,6,148,37,8,Gray,RAL 7040,#8E98A3
112,6,149,36,8,Gray,RAL 7040,#8E98A3
112,6,150,35,8,Gray,RAL 7040,#8E98A3
112,6,151,34,8,Gray,RAL 7040,#8E98A3
112,6,152,33,8,Gray,RAL 7040,#8E98A3
112,6,153,32,8,Gray,RAL 7040,#8E98A3
112,6,154,31,8,Gray,RAL 7040,#8E98A3
112,6,155,30,8,Gray,RAL 7040,#8E98A3
112,6,156,29,8,Gray,RAL 7040,#8E98A3
112,6,157,28,8,Gray,RAL 7040,#8E98A3
112,6,158,27,8,Gray,RAL 7040,#8E98A3
112,6,159,26,8,Gray,RAL 7040,#8E98A3
112,6,160,25,8,Gray,RAL 7040,#8E98A3
112,6,161,24,8,Gray,RAL 7040,#8E98A3
112,6,162,23,8,Gray,RAL 7040,#8E98A3
112,6,163,22,8,Gray,RAL 7040,#8E98A3
112,6,164,21,8,Gray,RAL 7040,#8E98A3
112,6,165,20,8,Gray,RAL 7040,#8E98A3
112,6,166,19,8,Gray,RAL 7040,#8E98A3
112,6,167,18,8,Gray,RAL 7040,#8E98A3
112,6,168,17,8,Gray,RAL 7040,#8E98A3
112,6,169,16,6,Green,RAL 6018,#2CA36A
112,6,170,15,6,Green,RAL 6018,#2CA36A
112,6,171,14,6,Green,RAL 6018,#2CA36A
112,6,172,13,6,Green,RAL 6018,#2CA36A
112,6,173,12,6,Green,RAL 6018,#2CA36A
112,6,174,11,6,Green,RAL 6018,#2CA36A
112,6,175,10,6,Green,RAL 6018,#2CA36A
112,6,176,9,6,Green,RAL 6018,#2CA36A
112,6,177,8,6,Green,RAL 6018,#2CA36A
112,6,178,7,6,Green,RAL 6018,#2CA36A
112,6,179,6,6,Green,RAL 6018,#2CA36A
112,6,180,5,6,Green,RAL 6018,#2CA36A
112,6,181,4,6,Green,RAL 6018,#2CA36A
112,6,182,3,6,Green,RAL 6018,#2CA36A
112,6,183,2,6,Green,RAL 6018,#2CA36A
112,6,184,1,6,Green,RAL 6018,#2CA36A
113,5,1,184,2,Black,RAL 9005,#111111
113,5,2,183,2,Black,RAL 9005,#111111
113,5,3,182,2,Black,RAL 9005,#111111
113,5,4,181,2,Black,RAL 9005,#111111
113,5,5,180,2,Black,RAL 9005,#111111
113,5,6,179,2,Black,RAL 9005,#111111
113,5,7,178,2,Black,RAL 9005,#111111
113,5,8,177,2,Black,RAL 9005,#111111
113,5,9,176,2,Black,RAL 9005,#111111
113,5,10,175,2,Black,RAL 9005,#111111
113,5,11,174,2,Black,RAL 9005,#111111
113,5,12,173,2,Black,RAL 9005,#111111
113,5,13,172,2,Black,RAL 9005,#111111
113,5,14,171,2,Black,RAL 9005,#111111
113,5,15,170,2,Black,RAL 9005,#111111
113,5,16,169,2,Black,RAL 9005,#111111
113,5,17,168,2,Black,RAL 9005,#111111
113,5,18,167,2,Black,RAL 9005,#111111
113,5,19,166,2,Black,RAL 9005,#111111
113,5,20,165,2,Black,RAL 9005,#111111
113,5,21,164,2,Black,RAL 9005,#111111
113,5,22,163,2,Black,RAL 9005,#111111
113,5,23,162,2,Black,RAL 9005,#111111
113,5,24,161,2,Black,RAL 9005,#111111
113,5,25,160,2,Black,RAL 9005,#111111
113,5,26,159,2,Black,RAL 9005,#111111
113,5,27,158,2,Black,RAL 9005,#111111
113,5,28,157,2,Black,RAL 9005,#111111
113,5,29,156,2,Black,RAL 9005,#111111
113,5,30,155,2,Black,RAL 9005,#111111
113,5,31,154,2,Black,RAL 9005,#111111
113,5,32,153,2,Black,RAL 9005,#111111
113,5,33,152,2,Black,RAL 9005,#111111
113,5,34,151,2,Black,RAL 9005,#111111
113,5,35,150,2,Black,RAL 9005,#111111
113,5,36,149,2,Black,RAL 9005,#111111
113,5,37,148,2,Black,RAL 9005,#111111
113,5,38,147,2,Black,RAL 9005,#111111
113,5,39,146,2,Black,RAL 9005,#111111
113,5,40,145,2,Black,RAL 9005,#111111
113,5,41,144,2,Black,RAL 9005,#111111
113,5,42,143,2,Black,RAL 9005,#111111
113,5,43,142,2,Black,RAL 9005,#111111
113,5,44,141,2,Black,RAL 9005,#111111
113,5,45,140,2,Black,RAL 9005,#111111
113,5,46,139,2,Black,RAL 9005,#111111
113,5,47,138,2,Black,RAL 9005,#111111
113,5,48,137,2,Black,RAL 9005,#111111
113,5,49,136,2,Black,RAL 9005,#111111
113,5,50,135,2,Black,RAL 9005,#111111
113,5,51,134,2,Black,RAL 9005,#111111
113,5,52,133,2,Black,RAL 9005,#111111
113,5,53,132,2,Black,RAL 9005,#111111
113,5,54,131,2,Black,RAL 9005,#111111
113,5,55,130,2,Black,RAL 9005,#111111
113,5,56,129,2,Black,RAL 9005,#111111
113,5,57,128,2,Black,RAL 9005,#111111
113,5,58,127,2,Black,RAL 9005,#111111
113,5,59,126,2,Black,RAL 9005,#111111
113,5,60,125,2,Black,RAL 9005,#111111
113,5,61,124,2,Black,RAL 9005,#111111
113,5,62,123,2,Black,RAL 9005,#111111
113,5,63,122,2,Black,RAL 9005,#111111
113,5,64,121,2,Black,RAL 9005,#111111
113,5,65,120,2,Black,RAL 9005,#111111
113,5,66,119,2,Black,RAL 9005,#111111
113,5,67,118,2,Black,RAL 9005,#111111
113,5,68,117,2,Black,RAL 9005,#111111
113,5,69,116,2,Black,RAL 9005,#111111
113,5,70,115,2,Black,RAL 9005,#111111
113,5,71,114,2,Black,RAL 9005,#111111
113,5,72,113,2,Black,RAL 9005,#111111
113,5,73,112,2,Black,RAL 9005,#111111
113,5,74,111,2,Black,RAL 9005,#111111
113,5,75,110,2,Black,RAL 9005,#111111
113,5,76,109,2,Black,RAL 9005,#111111
113,5,77,108,2,Black,RAL 9005,#111111
113,5,78,107,8,Gray,RAL 7040,#8E98A3
113,5,79,106,8,Gray,RAL 7040,#8E98A3
113,5,80,105,8,Gray,RAL 7040,#8E98A3
113,5,81,104,8,Gray,RAL 7040,#8E98A3
113,5,82,103,8,Gray,RAL 7040,#8E98A3
113,5,83,102,8,Gray,RAL 7040,#8E98A3
113,5,84,101,8,Gray,RAL 7040,#8E98A3
113,5,85,100,8,Gray,RAL 7040,#8E98A3
113,5,86,99,8,Gray,RAL 7040,#8E98A3
113,5,87,98,8,Gray,RAL 7040,#8E98A3
113,5,88,97,8,Gray,RAL 7040,#8E98A3
113,5,89,96,8,Gray,RAL 7040,#8E98A3
113,5,90,95,8,Gray,RAL 7040,#8E98A3
113,5,91,94,8,Gray,RAL 7040,#8E98A3
113,5,92,93,8,Gray,RAL 7040,#8E98A3
113,5,93,92,8,Gray,RAL 7040,#8E98A3
113,5,94,91,8,Gray,RAL 7040,#8E98A3
113,5,95,90,8,Gray,RAL 7040,#8E98A3
113,5,96,89,8,Gray,RAL 7040,#8E98A3
113,5,97,88,8,Gray,RAL 7040,#8E98A3
113,5,98,87,8,Gray,RAL 7040,#8E98A3
113,5,99,86,8,Gray,RAL 7040,#8E98A3
113,5,100,85,8,Gray,RAL 7040,#8E98A3
113,5,101,84,8,Gray,RAL 7040,#8E98A3
113,5,102,83,8,Gray,RAL 7040,#8E98A3
113,5,103,82,8,Gray,RAL 7040,#8E98A3
113,5,104,81,8,Gray,RAL 7040,#8E98A3
113,5,105,80,8,Gray,RAL 7040,#8E98A3
113,5,106,79,8,Gray,RAL 7040,#8E98A3
113,5,107,78,8,Gray,RAL 7040,#8E98A3
113,5,108,77,8,Gray,RAL 7040,#8E98A3
113,5,109,76,8,Gray,RAL 7040,#8E98A3
113,5,110,75,8,Gray,RAL 7040,#8E98A3
113,5,111,74,8,Gray,RAL 7040,#8E98A3
113,5,112,73,8,Gray,RAL 7040,#8E98A3
113,5,113,72,8,Gray,RAL 7040,#8E98A3
113,5,114,71,8,Gray,RAL 7040,#8E98A3
113,5,115,70,8,Gray,RAL 7040,#8E98A3
113,5,116,69,8,Gray,RAL 7040,#8E98A3
113,5,117,68,8,Gray,RAL 7040,#8E98A3
113,5,118,67,8,Gray,RAL 7040,#8E98A3
113,5,119,66,8,Gray,RAL 7040,#8E98A3
113,5,120,65,8,Gray,RAL 7040,#8E98A3
113,5,121,64,8,Gray,RAL 7040,#8E98A3
113,5,122,63,8,Gray,RAL 7040,#8E98A3
113,5,123,62,8,Gray,RAL 7040,#8E98A3
113,5,124,61,8,Gray,RAL 7040,#8E98A3
113,5,125,60,8,Gray,RAL 7040,#8E98A3
113,5,126,59,8,Gray,RAL 7040,#8E98A3
113,5,127,58,8,Gray,RAL 7040,#8E98A3
113,5,128,57,8,Gray,RAL 7040,#8E98A3
113,5,129,56,8,Gray,RAL 7040,#8E98A3
113,5,130,55,8,Gray,RAL 7040,#8E98A3
113,5,131,54,8,Gray,RAL 7040,#8E98A3
113,5,132,53,8,Gray,RAL 7040,#8E98A3
113,5,133,52,8,Gray,RAL 7040,#8E98A3
113,5,134,51,8,Gray,RAL 7040,#8E98A3
113,5,135,50,8,Gray,RAL 7040,#8E98A3
113,5,136,49,8,Gray,RAL 7040,#8E98A3
113,5,137,48,8,Gray,RAL 7040,#8E98A3
113,5,138,47,8,Gray,RAL 7040,#8E98A3
113,5,139,46,8,Gray,RAL 7040,#8E98A3
113,5,140,45,8,Gray,RAL 7040,#8E98A3
113,5,141,44,8,Gray,RAL 7040,#8E98A3
113,5,142,43,8,Gray,RAL 7040,#8E98A3
113,5,143,42,8,Gray,RAL 7040,#8E98A3
113,5,144,41,8,Gray,RAL 7040,#8E98A3
113,5,145,40,8,Gray,RAL 7040,#8E98A3
113,5,146,39,8,Gray,RAL 7040,#8E98A3
113,5,147,38,8,Gray,RAL 7040,#8E98A3
113,5,148,37,8,Gray,RAL 7040,#8E98A3
113,5,149,36,8,Gray,RAL 7040,#8E98A3
113,5,150,35,8,Gray,RAL 7040,#8E98A3
113,5,151,34,8,Gray,RAL 7040,#8E98A3
113,5,152,33,8,Gray,RAL 7040,#8E98A3
113,5,153,32,8,Gray,RAL 7040,#8E98A3
113,5,154,31,8,Gray,RAL 7040,#8E98A3
113,5,155,30,8,Gray,RAL 7040,#8E98A3
113,5,156,29,8,Gray,RAL 7040,#8E98A3
113,5,157,28,8,Gray,RAL 7040,#8E98A3
113,5,158,27,8,Gray,RAL 7040,#8E98A3
113,5,159,26,8,Gray,RAL 7040,#8E98A3
113,5,160,25,8,Gray,RAL 7040,#8E98A3
113,5,161,24,8,Gray,RAL 7040,#8E98A3
113,5,162,23,8,Gray,RAL 7040,#8E98A3
113,5,163,22,8,Gray,RAL 7040,#8E98A3
113,5,164,21,8,Gray,RAL 7040,#8E98A3
113,5,165,20,8,Gray,RAL 7040,#8E98A3
113,5,166,19,8,Gray,RAL 7040,#8E98A3
113,5,167,18,8,Gray,RAL 7040,#8E98A3
113,5,168,17,6,Green,RAL 6018,#2CA36A
113,5,169,16,6,Green,RAL 6018,#2CA36A
113,5,170,15,6,Green,RAL 6018,#2CA36A
113,5,171,14,6,Green,RAL 6018,#2CA36A
113,5,172,13,6,Green,RAL 6018,#2CA36A
113,5,173,12,6,Green,RAL 6018,#2CA36A
113,5,174,11,6,Green,RAL 6018,#2CA36A
113,5,175,10,6,Green,RAL 6018,#2CA36A
113,5,176,9,6,Green,RAL 6018,#2CA36A
113,5,177,8,6,Green,RAL 6018,#2CA36A
113,5,178,7,6,Green,RAL 6018,#2CA36A
113,5,179,6,6,Green,RAL 6018,#2CA36A
113,5,180,5,6,Green,RAL 6018,#2CA36A
113,5,181,4,6,Green,RAL 6018,#2CA36A
113,5,182,3,6,Green,RAL 6018,#2CA36A
113,5,183,2,6,Green,RAL 6018,#2CA36A
113,5,184,1,6,Green,RAL 6018,#2CA36A
114,4,1,184,2,Black,RAL 9005,#111111
114,4,2,183,2,Black,RAL 9005,#111111
114,4,3,182,2,Black,RAL 9005,#111111
114,4,4,181,2,Black,RAL 9005,#111111
114,4,5,180,2,Black,RAL 9005,#111111
114,4,6,179,2,Black,RAL 9005,#111111
114,4,7,178,2,Black,RAL 9005,#111111
114,4,8,177,2,Black,RAL 9005,#111111
114,4,9,176,2,Black,RAL 9005,#111111
114,4,10,175,2,Black,RAL 9005,#111111
114,4,11,174,2,Black,RAL 9005,#111111
114,4,12,173,2,Black,RAL 9005,#111111
114,4,13,172,2,Black,RAL 9005,#111111
114,4,14,171,2,Black,RAL 9005,#111111
114,4,15,170,2,Black,RAL 9005,#111111
114,4,16,169,2,Black,RAL 9005,#111111
114,4,17,168,2,Black,RAL 9005,#111111
114,4,18,167,2,Black,RAL 9005,#111111
114,4,19,166,2,Black,RAL 9005,#111111
114,4,20,165,2,Black,RAL 9005,#111111
114,4,21,164,2,Black,RAL 9005,#111111
114,4,22,163,2,Black,RAL 9005,#111111
114,4,23,162,2,Black,RAL 9005,#111111
114,4,24,161,2,Black,RAL 9005,#111111
114,4,25,160,2,Black,RAL 9005,#111111
114,4,26,159,2,Black,RAL 9005,#111111
114,4,27,158,2,Black,RAL 9005,#111111
114,4,28,157,2,Black,RAL 9005,#111111
114,4,29,156,2,Black,RAL 9005,#111111
114,4,30,155,2,Black,RAL 9005,#111111
114,4,31,154,2,Black,RAL 9005,#111111
114,4,32,153,2,Black,RAL 9005,#111111
114,4,33,152,2,Black,RAL 9005,#111111
114,4,34,151,2,Black,RAL 9005,#111111
114,4,35,150,2,Black,RAL 9005,#111111
114,4,36,149,2,Black,RAL 9005,#111111
114,4,37,148,2,Black,RAL 9005,#111111
114,4,38,147,2,Black,RAL 9005,#111111
114,4,39,146,2,Black,RAL 9005,#111111
114,4,40,145,2,Black,RAL 9005,#111111
114,4,41,144,2,Black,RAL 9005,#111111
114,4,42,143,2,Black,RAL 9005,#111111
114,4,43,142,2,Black,RAL 9005,#111111
114,4,44,141,2,Black,RAL 9005,#111111
114,4,45,140,2,Black,RAL 9005,#111111
114,4,46,139,2,Black,RAL 9005,#111111
114,4,47,138,2,Black,RAL 9005,#111111
114,4,48,137,2,Black,RAL 9005,#111111
114,4,49,136,2,Black,RAL 9005,#111111
114,4,50,135,2,Black,RAL 9005,#111111
114,4,51,134,2,Black,RAL 9005,#111111
114,4,52,133,2,Black,RAL 9005,#111111
114,4,53,132,2,Black,RAL 9005,#111111
114,4,54,131,2,Black,RAL 9005,#111111
114,4,55,130,2,Black,RAL 9005,#111111
114,4,56,129,2,Black,RAL 9005,#111111
114,4,57,128,2,Black,RAL 9005,#111111
114,4,58,127,2,Black,RAL 9005,#111111
114,4,59,126,2,Black,RAL 9005,#111111
114,4,60,125,2,Black,RAL 9005,#111111
114,4,61,124,2,Black,RAL 9005,#111111
114,4,62,123,2,Black,RAL 9005,#111111
114,4,63,122,2,Black,RAL 9005,#111111
114,4,64,121,2,Black,RAL 9005,#111111
114,4,65,120,2,Black,RAL 9005,#111111
114,4,66,119,2,Black,RAL 9005,#111111
114,4,67,118,2,Black,RAL 9005,#111111
114,4,68,117,2,Black,RAL 9005,#111111
114,4,69,116,2,Black,RAL 9005,#111111
114,4,70,115,2,Black,RAL 9005,#111111
114,4,71,114,2,Black,RAL 9005,#111111
114,4,72,113,2,Black,RAL 9005,#111111
114,4,73,112,2,Black,RAL 9005,#111111
114,4,74,111,2,Black,RAL 9005,#111111
114,4,75,110,2,Black,RAL 9005,#111111
114,4,76,109,2,Black,RAL 9005,#111111
114,4,77,108,2,Black,RAL 9005,#111111
114,4,78,107,2,Black,RAL 9005,#111111
114,4,79,106,8,Gray,RAL 7040,#8E98A3
114,4,80,105,8,Gray,RAL 7040,#8E98A3
114,4,81,104,8,Gray,RAL 7040,#8E98A3
114,4,82,103,8,Gray,RAL 7040,#8E98A3
114,4,83,102,8,Gray,RAL 7040,#8E98A3
114,4,84,101,8,Gray,RAL 7040,#8E98A3
114,4,85,100,8,Gray,RAL 7040,#8E98A3
114,4,86,99,8,Gray,RAL 7040,#8E98A3
114,4,87,98,8,Gray,RAL 7040,#8E98A3
114,4,88,97,8,Gray,RAL 7040,#8E98A3
114,4,89,96,8,Gray,RAL 7040,#8E98A3
114,4,90,95,8,Gray,RAL 7040,#8E98A3
114,4,91,94,8,Gray,RAL 7040,#8E98A3
114,4,92,93,8,Gray,RAL 7040,#8E98A3
114,4,93,92,8,Gray,RAL 7040,#8E98A3
114,4,94,91,8,Gray,RAL 7040,#8E98A3
114,4,95,90,8,Gray,RAL 7040,#8E98A3
114,4,96,89,8,Gray,RAL 7040,#8E98A3
114,4,97,88,8,Gray,RAL 7040,#8E98A3
114,4,98,87,8,Gray,RAL 7040,#8E98A3
114,4,99,86,8,Gray,RAL 7040,#8E98A3
114,4,100,85,8,Gray,RAL 7040,#8E98A3
114,4,101,84,8,Gray,RAL 7040,#8E98A3
114,4,102,83,8,Gray,RAL 7040,#8E98A3
114,4,103,82,8,Gray,RAL 7040,#8E98A3
114,4,104,81,8,Gray,RAL 7040,#8E98A3
114,4,105,80,8,Gray,RAL 7040,#8E98A3
114,4,106,79,8,Gray,RAL 7040,#8E98A3
114,4,107,78,8,Gray,RAL 7040,#8E98A3
114,4,108,77,8,Gray,RAL 7040,#8E98A3
114,4,109,76,8,Gray,RAL 7040,#8E98A3
114,4,110,75,8,Gray,RAL 7040,#8E98A3
114,4,111,74,8,Gray,RAL 7040,#8E98A3
114,4,112,73,8,Gray,RAL 7040,#8E98A3
114,4,113,72,8,Gray,RAL 7040,#8E98A3
114,4,114,71,8,Gray,RAL 7040,#8E98A3
114,4,115,70,8,Gray,RAL 7040,#8E98A3
114,4,116,69,8,Gray,RAL 7040,#8E98A3
114,4,117,68,8,Gray,RAL 7040,#8E98A3
114,4,118,67,8,Gray,RAL 7040,#8E98A3
114,4,119,66,8,Gray,RAL 7040,#8E98A3
114,4,120,65,8,Gray,RAL 7040,#8E98A3
114,4,121,64,8,Gray,RAL 7040,#8E98A3
114,4,122,63,8,Gray,RAL 7040,#8E98A3
114,4,123,62,8,Gray,RAL 7040,#8E98A3
114,4,124,61,8,Gray,RAL 7040,#8E98A3
114,4,125,60,8,Gray,RAL 7040,#8E98A3
114,4,126,59,8,Gray,RAL 7040,#8E98A3
114,4,127,58,8,Gray,RAL 7040,#8E98A3
114,4,128,57,8,Gray,RAL 7040,#8E98A3
114,4,129,56,8,Gray,RAL 7040,#8E98A3
114,4,130,55,8,Gray,RAL 7040,#8E98A3
114,4,131,54,8,Gray,RAL 7040,#8E98A3
114,4,132,53,8,Gray,RAL 7040,#8E98A3
114,4,133,52,8,Gray,RAL 7040,#8E98A3
114,4,134,51,8,Gray,RAL 7040,#8E98A3
114,4,135,50,8,Gray,RAL 7040,#8E98A3
114,4,136,49,8,Gray,RAL 7040,#8E98A3
114,4,137,48,8,Gray,RAL 7040,#8E98A3
114,4,138,47,8,Gray,RAL 7040,#8E98A3
114,4,139,46,8,Gray,RAL 7040,#8E98A3
114,4,140,45,8,Gray,RAL 7040,#8E98A3
114,4,141,44,8,Gray,RAL 7040,#8E98A3
114,4,142,43,8,Gray,RAL 7040,#8E98A3
114,4,143,42,8,Gray,RAL 7040,#8E98A3
114,4,144,41,8,Gray,RAL 7040,#8E98A3
114,4,145,40,8,Gray,RAL 7040,#8E98A3
114,4,146,39,8,Gray,RAL 7040,#8E98A3
114,4,147,38,8,Gray,RAL 7040,#8E98A3
114,4,148,37,8,Gray,RAL 7040,#8E98A3
114,4,149,36,8,Gray,RAL 7040,#8E98A3
114,4,150,35,8,Gray,RAL 7040,#8E98A3
114,4,151,34,8,Gray,RAL 7040,#8E98A3
114,4,152,33,8,Gray,RAL 7040,#8E98A3
114,4,153,32,8,Gray,RAL 7040,#8E98A3
114,4,154,31,8,Gray,RAL 7040,#8E98A3
114,4,155,30,8,Gray,RAL 7040,#8E98A3
114,4,156,29,8,Gray,RAL 7040,#8E98A3
114,4,157,28,8,Gray,RAL 7040,#8E98A3
114,4,158,27,8,Gray,RAL 7040,#8E98A3
114,4,159,26,8,Gray,RAL 7040,#8E98A3
114,4,160,25,8,Gray,RAL 7040,#8E98A3
114,4,161,24,8,Gray,RAL 7040,#8E98A3
114,4,162,23,8,Gray,RAL 7040,#8E98A3
114,4,163,22,8,Gray,RAL 7040,#8E98A3
114,4,164,21,8,Gray,RAL 7040,#8E98A3
114,4,165,20,8,Gray,RAL 7040,#8E98A3
114,4,166,19,8,Gray,RAL 7040,#8E98A3
114,4,167,18,8,Gray,RAL 7040,#8E98A3
114,4,168,17,6,Green,RAL 6018,#2CA36A
114,4,169,16,6,Green,RAL 6018,#2CA36A
114,4,170,15,6,Green,RAL 6018,#2CA36A
114,4,171,14,6,Green,RAL 6018,#2CA36A
114,4,172,13,6,Green,RAL 6018,#2CA36A
114,4,173,12,6,Green,RAL 6018,#2CA36A
114,4,174,11,6,Green,RAL 6018,#2CA36A
114,4,175,10,6,Green,RAL 6018,#2CA36A
114,4,176,9,6,Green,RAL 6018,#2CA36A
114,4,177,8,6,Green,RAL 6018,#2CA36A
114,4,178,7,6,Green,RAL 6018,#2CA36A
114,4,179,6,6,Green,RAL 6018,#2CA36A
114,4,180,5,6,Green,RAL 6018,#2CA36A
114,4,181,4,6,Green,RAL 6018,#2CA36A
114,4,182,3,6,Green,RAL 6018,#2CA36A
114,4,183,2,6,Green,RAL 6018,#2CA36A
114,4,184,1,6,Green,RAL 6018,#2CA36A
115,3,1,184,2,Black,RAL 9005,#111111
115,3,2,183,2,Black,RAL 9005,#111111
115,3,3,182,2,Black,RAL 9005,#111111
115,3,4,181,2,Black,RAL 9005,#111111
115,3,5,180,2,Black,RAL 9005,#111111
115,3,6,179,2,Black,RAL 9005,#111111
115,3,7,178,2,Black,RAL 9005,#111111
115,3,8,177,2,Black,RAL 9005,#111111
115,3,9,176,2,Black,RAL 9005,#111111
115,3,10,175,2,Black,RAL 9005,#111111
115,3,11,174,2,Black,RAL 9005,#111111
115,3,12,173,2,Black,RAL 9005,#111111
115,3,13,172,2,Black,RAL 9005,#111111
115,3,14,171,2,Black,RAL 9005,#111111
115,3,15,170,2,Black,RAL 9005,#111111
115,3,16,169,2,Black,RAL 9005,#111111
115,3,17,168,2,Black,RAL 9005,#111111
115,3,18,167,2,Black,RAL 9005,#111111
115,3,19,166,2,Black,RAL 9005,#111111
115,3,20,165,2,Black,RAL 9005,#111111
115,3,21,164,2,Black,RAL 9005,#111111
115,3,22,163,2,Black,RAL 9005,#111111
115,3,23,162,2,Black,RAL 9005,#111111
115,3,24,161,2,Black,RAL 9005,#111111
115,3,25,160,2,Black,RAL 9005,#111111
115,3,26,159,2,Black,RAL 9005,#111111
115,3,27,158,2,Black,RAL 9005,#111111
115,3,28,157,2,Black,RAL 9005,#111111
115,3,29,156,2,Black,RAL 9005,#111111
115,3,30,155,2,Black,RAL 9005,#111111
115,3,31,154,2,Black,RAL 9005,#111111
115,3,32,153,2,Black,RAL 9005,#111111
115,3,33,152,2,Black,RAL 9005,#111111
115,3,34,151,2,Black,RAL 9005,#111111
115,3,35,150,2,Black,RAL 9005,#111111
115,3,36,149,2,Black,RAL 9005,#111111
115,3,37,148,2,Black,RAL 9005,#111111
115,3,38,147,2,Black,RAL 9005,#111111
115,3,39,146,2,Black,RAL 9005,#111111
115,3,40,145,2,Black,RAL 9005,#111111
115,3,41,144,2,Black,RAL 9005,#111111
115,3,42,143,2,Black,RAL 9005,#111111
115,3,43,142,2,Black,RAL 9005,#111111
115,3,44,141,2,Black,RAL 9005,#111111
115,3,45,140,2,Black,RAL 9005,#111111
115,3,46,139,2,Black,RAL 9005,#111111
115,3,47,138,2,Black,RAL 9005,#111111
115,3,48,137,2,Black,RAL 9005,#111111
115,3,49,136,2,Black,RAL 9005,#111111
115,3,50,135,2,Black,RAL 9005,#111111
115,3,51,134,2,Black,RAL 9005,#111111
115,3,52,133,2,Black,RAL 9005,#111111
115,3,53,132,2,Black,RAL 9005,#111111
115,3,54,131,2,Black,RAL 9005,#111111
115,3,55,130,2,Black,RAL 9005,#111111
115,3,56,129,2,Black,RAL 9005,#111111
115,3,57,128,2,Black,RAL 9005,#111111
115,3,58,127,2,Black,RAL 9005,#111111
115,3,59,126,2,Black,RAL 9005,#111111
115,3,60,125,2,Black,RAL 9005,#111111
115,3,61,124,2,Black,RAL 9005,#111111
115,3,62,123,2,Black,RAL 9005,#111111
115,3,63,122,2,Black,RAL 9005,#111111
115,3,64,121,2,Black,RAL 9005,#111111
115,3,65,120,2,Black,RAL 9005,#111111
115,3,66,119,2,Black,RAL 9005,#111111
115,3,67,118,2,Black,RAL 9005,#111111
115,3,68,117,2,Black,RAL 9005,#111111
115,3,69,116,2,Black,RAL 9005,#111111
115,3,70,115,2,Black,RAL 9005,#111111
115,3,71,114,2,Black,RAL 9005,#111111
115,3,72,113,2,Black,RAL 9005,#111111
115,3,73,112,2,Black,RAL 9005,#111111
115,3,74,111,2,Black,RAL 9005,#111111
115,3,75,110,2,Black,RAL 9005,#111111
115,3,76,109,2,Black,RAL 9005,#111111
115,3,77,108,2,Black,RAL 9005,#111111
115,3,78,107,2,Black,RAL 9005,#111111
115,3,79,106,2,Black,RAL 9005,#111111
115,3,80,105,8,Gray,RAL 7040,#8E98A3
115,3,81,104,8,Gray,RAL 7040,#8E98A3
115,3,82,103,8,Gray,RAL 7040,#8E98A3
115,3,83,102,8,Gray,RAL 7040,#8E98A3
115,3,84,101,8,Gray,RAL 7040,#8E98A3
115,3,85,100,8,Gray,RAL 7040,#8E98A3
115,3,86,99,8,Gray,RAL 7040,#8E98A3
115,3,87,98,8,Gray,RAL 7040,#8E98A3
115,3,88,97,8,Gray,RAL 7040,#8E98A3
115,3,89,96,8,Gray,RAL 7040,#8E98A3
115,3,90,95,8,Gray,RAL 7040,#8E98A3
115,3,91,94,8,Gray,RAL 7040,#8E98A3
115,3,92,93,8,Gray,RAL 7040,#8E98A3
115,3,93,92,8,Gray,RAL 7040,#8E98A3
115,3,94,91,8,Gray,RAL 7040,#8E98A3
115,3,95,90,8,Gray,RAL 7040,#8E98A3
115,3,96,89,8,Gray,RAL 7040,#8E98A3
115,3,97,88,8,Gray,RAL 7040,#8E98A3
115,3,98,87,8,Gray,RAL 7040,#8E98A3
115,3,99,86,8,Gray,RAL 7040,#8E98A3
115,3,100,85,8,Gray,RAL 7040,#8E98A3
115,3,101,84,8,Gray,RAL 7040,#8E98A3
115,3,102,83,8,Gray,RAL 7040,#8E98A3
115,3,103,82,8,Gray,RAL 7040,#8E98A3
115,3,104,81,8,Gray,RAL 7040,#8E98A3
115,3,105,80,8,Gray,RAL 7040,#8E98A3
115,3,106,79,8,Gray,RAL 7040,#8E98A3
115,3,107,78,8,Gray,RAL 7040,#8E98A3
115,3,108,77,8,Gray,RAL 7040,#8E98A3
115,3,109,76,8,Gray,RAL 7040,#8E98A3
115,3,110,75,8,Gray,RAL 7040,#8E98A3
115,3,111,74,8,Gray,RAL 7040,#8E98A3
115,3,112,73,8,Gray,RAL 7040,#8E98A3
115,3,113,72,8,Gray,RAL 7040,#8E98A3
115,3,114,71,8,Gray,RAL 7040,#8E98A3
115,3,115,70,8,Gray,RAL 7040,#8E98A3
115,3,116,69,8,Gray,RAL 7040,#8E98A3
115,3,117,68,8,Gray,RAL 7040,#8E98A3
115,3,118,67,8,Gray,RAL 7040,#8E98A3
115,3,119,66,8,Gray,RAL 7040,#8E98A3
115,3,120,65,8,Gray,RAL 7040,#8E98A3
115,3,121,64,8,Gray,RAL 7040,#8E98A3
115,3,122,63,8,Gray,RAL 7040,#8E98A3
115,3,123,62,8,Gray,RAL 7040,#8E98A3
115,3,124,61,8,Gray,RAL 7040,#8E98A3
115,3,125,60,8,Gray,RAL 7040,#8E98A3
115,3,126,59,8,Gray,RAL 7040,#8E98A3
115,3,127,58,8,Gray,RAL 7040,#8E98A3
115,3,128,57,8,Gray,RAL 7040,#8E98A3
115,3,129,56,8,Gray,RAL 7040,#8E98A3
115,3,130,55,8,Gray,RAL 7040,#8E98A3
115,3,131,54,8,Gray,RAL 7040,#8E98A3
115,3,132,53,8,Gray,RAL 7040,#8E98A3
115,3,133,52,8,Gray,RAL 7040,#8E98A3
115,3,134,51,8,Gray,RAL 7040,#8E98A3
115,3,135,50,8,Gray,RAL 7040,#8E98A3
115,3,136,49,8,Gray,RAL 7040,#8E98A3
115,3,137,48,8,Gray,RAL 7040,#8E98A3
115,3,138,47,8,Gray,RAL 7040,#8E98A3
115,3,139,46,8,Gray,RAL 7040,#8E98A3
115,3,140,45,8,Gray,RAL 7040,#8E98A3
115,3,141,44,8,Gray,RAL 7040,#8E98A3
115,3,142,43,8,Gray,RAL 7040,#8E98A3
115,3,143,42,8,Gray,RAL 7040,#8E98A3
115,3,144,41,8,Gray,RAL 7040,#8E98A3
115,3,145,40,8,Gray,RAL 7040,#8E98A3
115,3,146,39,8,Gray,RAL 7040,#8E98A3
115,3,147,38,8,Gray,RAL 7040,#8E98A3
115,3,148,37,8,Gray,RAL 7040,#8E98A3
115,3,149,36,8,Gray,RAL 7040,#8E98A3
115,3,150,35,8,Gray,RAL 7040,#8E98A3
115,3,151,34,8,Gray,RAL 7040,#8E98A3
115,3,152,33,8,Gray,RAL 7040,#8E98A3
115,3,153,32,8,Gray,RAL 7040,#8E98A3
115,3,154,31,8,Gray,RAL 7040,#8E98A3
115,3,155,30,8,Gray,RAL 7040,#8E98A3
115,3,156,29,8,Gray,RAL 7040,#8E98A3
115,3,157,28,8,Gray,RAL 7040,#8E98A3
115,3,158,27,8,Gray,RAL 7040,#8E98A3
115,3,159,26,8,Gray,RAL 7040,#8E98A3
115,3,160,25,8,Gray,RAL 7040,#8E98A3
115,3,161,24,8,Gray,RAL 7040,#8E98A3
115,3,162,23,8,Gray,RAL 7040,#8E98A3
115,3,163,22,8,Gray,RAL 7040,#8E98A3
115,3,164,21,8,Gray,RAL 7040,#8E98A3
115,3,165,20,8,Gray,RAL 7040,#8E98A3
115,3,166,19,8,Gray,RAL 7040,#8E98A3
115,3,167,18,6,Green,RAL 6018,#2CA36A
115,3,168,17,6,Green,RAL 6018,#2CA36A
115,3,169,16,6,Green,RAL 6018,#2CA36A
115,3,170,15,6,Green,RAL 6018,#2CA36A
115,3,171,14,6,Green,RAL 6018,#2CA36A
115,3,172,13,6,Green,RAL 6018,#2CA36A
115,3,173,12,6,Green,RAL 6018,#2CA36A
115,3,174,11,6,Green,RAL 6018,#2CA36A
115,3,175,10,6,Green,RAL 6018,#2CA36A
115,3,176,9,6,Green,RAL 6018,#2CA36A
115,3,177,8,6,Green,RAL 6018,#2CA36A
115,3,178,7,6,Green,RAL 6018,#2CA36A
115,3,179,6,6,Green,RAL 6018,#2CA36A
115,3,180,5,6,Green,RAL 6018,#2CA36A
115,3,181,4,6,Green,RAL 6018,#2CA36A
115,3,182,3,6,Green,RAL 6018,#2CA36A
115,3,183,2,6,Green,RAL 6018,#2CA36A
115,3,184,1,6,Green,RAL 6018,#2CA36A
116,2,1,184,2,Black,RAL 9005,#111111
116,2,2,183,2,Black,RAL 9005,#111111
116,2,3,182,2,Black,RAL 9005,#111111
116,2,4,181,2,Black,RAL 9005,#111111
116,2,5,180,2,Black,RAL 9005,#111111
116,2,6,179,2,Black,RAL 9005,#111111
116,2,7,178,2,Black,RAL 9005,#111111
116,2,8,177,2,Black,RAL 9005,#111111
116,2,9,176,2,Black,RAL 9005,#111111
116,2,10,175,2,Black,RAL 9005,#111111
116,2,11,174,2,Black,RAL 9005,#111111
116,2,12,173,2,Black,RAL 9005,#111111
116,2,13,172,2,Black,RAL 9005,#111111
116,2,14,171,2,Black,RAL 9005,#111111
116,2,15,170,2,Black,RAL 9005,#111111
116,2,16,169,2,Black,RAL 9005,#111111
116,2,17,168,2,Black,RAL 9005,#111111
116,2,18,167,2,Black,RAL 9005,#111111
116,2,19,166,2,Black,RAL 9005,#111111
116,2,20,165,2,Black,RAL 9005,#111111
116,2,21,164,2,Black,RAL 9005,#111111
116,2,22,163,2,Black,RAL 9005,#111111
116,2,23,162,2,Black,RAL 9005,#111111
116,2,24,161,2,Black,RAL 9005,#111111
116,2,25,160,2,Black,RAL 9005,#111111
116,2,26,159,2,Black,RAL 9005,#111111
116,2,27,158,2,Black,RAL 9005,#111111
116,2,28,157,2,Black,RAL 9005,#111111
116,2,29,156,2,Black,RAL 9005,#111111
116,2,30,155,2,Black,RAL 9005,#111111
116,2,31,154,2,Black,RAL 9005,#111111
116,2,32,153,2,Black,RAL 9005,#111111
116,2,33,152,2,Black,RAL 9005,#111111
116,2,34,151,2,Black,RAL 9005,#111111
116,2,35,150,2,Black,RAL 9005,#111111
116,2,36,149,2,Black,RAL 9005,#111111
116,2,37,148,2,Black,RAL 9005,#111111
116,2,38,147,2,Black,RAL 9005,#111111
116,2,39,146,2,Black,RAL 9005,#111111
116,2,40,145,2,Black,RAL 9005,#111111
116,2,41,144,2,Black,RAL 9005,#111111
116,2,42,143,2,Black,RAL 9005,#111111
116,2,43,142,2,Black,RAL 9005,#111111
116,2,44,141,2,Black,RAL 9005,#111111
116,2,45,140,2,Black,RAL 9005,#111111
116,2,46,139,2,Black,RAL 9005,#111111
116,2,47,138,2,Black,RAL 9005,#111111
116,2,48,137,2,Black,RAL 9005,#111111
116,2,49,136,2,Black,RAL 9005,#111111
116,2,50,135,2,Black,RAL 9005,#111111
116,2,51,134,2,Black,RAL 9005,#111111
116,2,52,133,2,Black,RAL 9005,#111111
116,2,53,132,2,Black,RAL 9005,#111111
116,2,54,131,2,Black,RAL 9005,#111111
116,2,55,130,2,Black,RAL 9005,#111111
116,2,56,129,2,Black,RAL 9005,#111111
116,2,57,128,2,Black,RAL 9005,#111111
116,2,58,127,2,Black,RAL 9005,#111111
116,2,59,126,2,Black,RAL 9005,#111111
116,2,60,125,2,Black,RAL 9005,#111111
116,2,61,124,2,Black,RAL 9005,#111111
116,2,62,123,2,Black,RAL 9005,#111111
116,2,63,122,2,Black,RAL 9005,#111111
116,2,64,121,2,Black,RAL 9005,#111111
116,2,65,120,2,Black,RAL 9005,#111111
116,2,66,119,2,Black,RAL 9005,#111111
116,2,67,118,2,Black,RAL 9005,#111111
116,2,68,117,2,Black,RAL 9005,#111111
116,2,69,116,2,Black,RAL 9005,#111111
116,2,70,115,2,Black,RAL 9005,#111111
116,2,71,114,2,Black,RAL 9005,#111111
116,2,72,113,2,Black,RAL 9005,#111111
116,2,73,112,2,Black,RAL 9005,#111111
116,2,74,111,2,Black,RAL 9005,#111111
116,2,75,110,2,Black,RAL 9005,#111111
116,2,76,109,2,Black,RAL 9005,#111111
116,2,77,108,2,Black,RAL 9005,#111111
116,2,78,107,2,Black,RAL 9005,#111111
116,2,79,106,2,Black,RAL 9005,#111111
116,2,80,105,2,Black,RAL 9005,#111111
116,2,81,104,2,Black,RAL 9005,#111111
116,2,82,103,8,Gray,RAL 7040,#8E98A3
116,2,83,102,8,Gray,RAL 7040,#8E98A3
116,2,84,101,8,Gray,RAL 7040,#8E98A3
116,2,85,100,8,Gray,RAL 7040,#8E98A3
116,2,86,99,8,Gray,RAL 7040,#8E98A3
116,2,87,98,8,Gray,RAL 7040,#8E98A3
116,2,88,97,8,Gray,RAL 7040,#8E98A3
116,2,89,96,8,Gray,RAL 7040,#8E98A3
116,2,90,95,8,Gray,RAL 7040,#8E98A3
116,2,91,94,8,Gray,RAL 7040,#8E98A3
116,2,92,93,8,Gray,RAL 7040,#8E98A3
116,2,93,92,8,Gray,RAL 7040,#8E98A3
116,2,94,91,8,Gray,RAL 7040,#8E98A3
116,2,95,90,8,Gray,RAL 7040,#8E98A3
116,2,96,89,8,Gray,RAL 7040,#8E98A3
116,2,97,88,8,Gray,RAL 7040,#8E98A3
116,2,98,87,8,Gray,RAL 7040,#8E98A3
116,2,99,86,8,Gray,RAL 7040,#8E98A3
116,2,100,85,8,Gray,RAL 7040,#8E98A3
116,2,101,84,8,Gray,RAL 7040,#8E98A3
116,2,102,83,8,Gray,RAL 7040,#8E98A3
116,2,103,82,8,Gray,RAL 7040,#8E98A3
116,2,104,81,8,Gray,RAL 7040,#8E98A3
116,2,105,80,8,Gray,RAL 7040,#8E98A3
116,2,106,79,8,Gray,RAL 7040,#8E98A3
116,2,107,78,8,Gray,RAL 7040,#8E98A3
116,2,108,77,8,Gray,RAL 7040,#8E98A3
116,2,109,76,8,Gray,RAL 7040,#8E98A3
116,2,110,75,8,Gray,RAL 7040,#8E98A3
116,2,111,74,8,Gray,RAL 7040,#8E98A3
116,2,112,73,8,Gray,RAL 7040,#8E98A3
116,2,113,72,8,Gray,RAL 7040,#8E98A3
116,2,114,71,8,Gray,RAL 7040,#8E98A3
116,2,115,70,8,Gray,RAL 7040,#8E98A3
116,2,116,69,8,Gray,RAL 7040,#8E98A3
116,2,117,68,8,Gray,RAL 7040,#8E98A3
116,2,118,67,8,Gray,RAL 7040,#8E98A3
116,2,119,66,8,Gray,RAL 7040,#8E98A3
116,2,120,65,8,Gray,RAL 7040,#8E98A3
116,2,121,64,8,Gray,RAL 7040,#8E98A3
116,2,122,63,8,Gray,RAL 7040,#8E98A3
116,2,123,62,8,Gray,RAL 7040,#8E98A3
116,2,124,61,8,Gray,RAL 7040,#8E98A3
116,2,125,60,8,Gray,RAL 7040,#8E98A3
116,2,126,59,8,Gray,RAL 7040,#8E98A3
116,2,127,58,8,Gray,RAL 7040,#8E98A3
116,2,128,57,8,Gray,RAL 7040,#8E98A3
116,2,129,56,8,Gray,RAL 7040,#8E98A3
116,2,130,55,8,Gray,RAL 7040,#8E98A3
116,2,131,54,8,Gray,RAL 7040,#8E98A3
116,2,132,53,8,Gray,RAL 7040,#8E98A3
116,2,133,52,8,Gray,RAL 7040,#8E98A3
116,2,134,51,8,Gray,RAL 7040,#8E98A3
116,2,135,50,8,Gray,RAL 7040,#8E98A3
116,2,136,49,8,Gray,RAL 7040,#8E98A3
116,2,137,48,8,Gray,RAL 7040,#8E98A3
116,2,138,47,8,Gray,RAL 7040,#8E98A3
116,2,139,46,8,Gray,RAL 7040,#8E98A3
116,2,140,45,8,Gray,RAL 7040,#8E98A3
116,2,141,44,8,Gray,RAL 7040,#8E98A3
116,2,142,43,8,Gray,RAL 7040,#8E98A3
116,2,143,42,8,Gray,RAL 7040,#8E98A3
116,2,144,41,8,Gray,RAL 7040,#8E98A3
116,2,145,40,8,Gray,RAL 7040,#8E98A3
116,2,146,39,8,Gray,RAL 7040,#8E98A3
116,2,147,38,8,Gray,RAL 7040,#8E98A3
116,2,148,37,8,Gray,RAL 7040,#8E98A3
116,2,149,36,8,Gray,RAL 7040,#8E98A3
116,2,150,35,8,Gray,RAL 7040,#8E98A3
116,2,151,34,8,Gray,RAL 7040,#8E98A3
116,2,152,33,8,Gray,RAL 7040,#8E98A3
116,2,153,32,8,Gray,RAL 7040,#8E98A3
116,2,154,31,8,Gray,RAL 7040,#8E98A3
116,2,155,30,8,Gray,RAL 7040,#8E98A3
116,2,156,29,8,Gray,RAL 7040,#8E98A3
116,2,157,28,8,Gray,RAL 7040,#8E98A3
116,2,158,27,8,Gray,RAL 7040,#8E98A3
116,2,159,26,8,Gray,RAL 7040,#8E98A3
116,2,160,25,8,Gray,RAL 7040,#8E98A3
116,2,161,24,8,Gray,RAL 7040,#8E98A3
116,2,162,23,8,Gray,RAL 7040,#8E98A3
116,2,163,22,8,Gray,RAL 7040,#8E98A3
116,2,164,21,8,Gray,RAL 7040,#8E98A3
116,2,165,20,8,Gray,RAL 7040,#8E98A3
116,2,166,19,8,Gray,RAL 7040,#8E98A3
116,2,167,18,6,Green,RAL 6018,#2CA36A
116,2,168,17,6,Green,RAL 6018,#2CA36A
116,2,169,16,6,Green,RAL 6018,#2CA36A
116,2,170,15,6,Green,RAL 6018,#2CA36A
116,2,171,14,6,Green,RAL 6018,#2CA36A
116,2,172,13,6,Green,RAL 6018,#2CA36A
116,2,173,12,6,Green,RAL 6018,#2CA36A
116,2,174,11,6,Green,RAL 6018,#2CA36A
116,2,175,10,6,Green,RAL 6018,#2CA36A
116,2,176,9,6,Green,RAL 6018,#2CA36A
116,2,177,8,6,Green,RAL 6018,#2CA36A
116,2,178,7,6,Green,RAL 6018,#2CA36A
116,2,179,6,6,Green,RAL 6018,#2CA36A
116,2,180,5,6,Green,RAL 6018,#2CA36A
116,2,181,4,6,Green,RAL 6018,#2CA36A
116,2,182,3,6,Green,RAL 6018,#2CA36A
116,2,183,2,6,Green,RAL 6018,#2CA36A
116,2,184,1,6,Green,RAL 6018,#2CA36A
117,1,1,184,2,Black,RAL 9005,#111111
117,1,2,183,2,Black,RAL 9005,#111111
117,1,3,182,2,Black,RAL 9005,#111111
117,1,4,181,2,Black,RAL 9005,#111111
117,1,5,180,2,Black,RAL 9005,#111111
117,1,6,179,2,Black,RAL 9005,#111111
117,1,7,178,2,Black,RAL 9005,#111111
117,1,8,177,2,Black,RAL 9005,#111111
117,1,9,176,2,Black,RAL 9005,#111111
117,1,10,175,2,Black,RAL 9005,#111111
117,1,11,174,2,Black,RAL 9005,#111111
117,1,12,173,2,Black,RAL 9005,#111111
117,1,13,172,2,Black,RAL 9005,#111111
117,1,14,171,2,Black,RAL 9005,#111111
117,1,15,170,2,Black,RAL 9005,#111111
117,1,16,169,2,Black,RAL 9005,#111111
117,1,17,168,2,Black,RAL 9005,#111111
117,1,18,167,2,Black,RAL 9005,#111111
117,1,19,166,2,Black,RAL 9005,#111111
117,1,20,165,2,Black,RAL 9005,#111111
117,1,21,164,2,Black,RAL 9005,#111111
117,1,22,163,2,Black,RAL 9005,#111111
117,1,23,162,2,Black,RAL 9005,#111111
117,1,24,161,2,Black,RAL 9005,#111111
117,1,25,160,2,Black,RAL 9005,#111111
117,1,26,159,2,Black,RAL 9005,#111111
117,1,27,158,2,Black,RAL 9005,#111111
117,1,28,157,2,Black,RAL 9005,#111111
117,1,29,156,2,Black,RAL 9005,#111111
117,1,30,155,2,Black,RAL 9005,#111111
117,1,31,154,2,Black,RAL 9005,#111111
117,1,32,153,2,Black,RAL 9005,#111111
117,1,33,152,2,Black,RAL 9005,#111111
117,1,34,151,2,Black,RAL 9005,#111111
117,1,35,150,2,Black,RAL 9005,#111111
117,1,36,149,2,Black,RAL 9005,#111111
117,1,37,148,2,Black,RAL 9005,#111111
117,1,38,147,2,Black,RAL 9005,#111111
117,1,39,146,2,Black,RAL 9005,#111111
117,1,40,145,2,Black,RAL 9005,#111111
117,1,41,144,2,Black,RAL 9005,#111111
117,1,42,143,2,Black,RAL 9005,#111111
117,1,43,142,2,Black,RAL 9005,#111111
117,1,44,141,2,Black,RAL 9005,#111111
117,1,45,140,2,Black,RAL 9005,#111111
117,1,46,139,2,Black,RAL 9005,#111111
117,1,47,138,2,Black,RAL 9005,#111111
117,1,48,137,2,Black,RAL 9005,#111111
117,1,49,136,2,Black,RAL 9005,#111111
117,1,50,135,2,Black,RAL 9005,#111111
117,1,51,134,2,Black,RAL 9005,#111111
117,1,52,133,2,Black,RAL 9005,#111111
117,1,53,132,2,Black,RAL 9005,#111111
117,1,54,131,2,Black,RAL 9005,#111111
117,1,55,130,2,Black,RAL 9005,#111111
117,1,56,129,2,Black,RAL 9005,#111111
117,1,57,128,2,Black,RAL 9005,#111111
117,1,58,127,2,Black,RAL 9005,#111111
117,1,59,126,2,Black,RAL 9005,#111111
117,1,60,125,2,Black,RAL 9005,#111111
117,1,61,124,2,Black,RAL 9005,#111111
117,1,62,123,2,Black,RAL 9005,#111111
117,1,63,122,2,Black,RAL 9005,#111111
117,1,64,121,2,Black,RAL 9005,#111111
117,1,65,120,2,Black,RAL 9005,#111111
117,1,66,119,2,Black,RAL 9005,#111111
117,1,67,118,2,Black,RAL 9005,#111111
117,1,68,117,2,Black,RAL 9005,#111111
117,1,69,116,2,Black,RAL 9005,#111111
117,1,70,115,2,Black,RAL 9005,#111111
117,1,71,114,2,Black,RAL 9005,#111111
117,1,72,113,2,Black,RAL 9005,#111111
117,1,73,112,2,Black,RAL 9005,#111111
117,1,74,111,2,Black,RAL 9005,#111111
117,1,75,110,2,Black,RAL 9005,#111111
117,1,76,109,2,Black,RAL 9005,#111111
117,1,77,108,2,Black,RAL 9005,#111111
117,1,78,107,2,Black,RAL 9005,#111111
117,1,79,106,2,Black,RAL 9005,#111111
117,1,80,105,2,Black,RAL 9005,#111111
117,1,81,104,2,Black,RAL 9005,#111111
117,1,82,103,2,Black,RAL 9005,#111111
117,1,83,102,2,Black,RAL 9005,#111111
117,1,84,101,2,Black,RAL 9005,#111111
117,1,85,100,8,Gray,RAL 7040,#8E98A3
117,1,86,99,8,Gray,RAL 7040,#8E98A3
117,1,87,98,8,Gray,RAL 7040,#8E98A3
117,1,88,97,8,Gray,RAL 7040,#8E98A3
117,1,89,96,8,Gray,RAL 7040,#8E98A3
117,1,90,95,8,Gray,RAL 7040,#8E98A3
117,1,91,94,8,Gray,RAL 7040,#8E98A3
117,1,92,93,8,Gray,RAL 7040,#8E98A3
117,1,93,92,8,Gray,RAL 7040,#8E98A3
117,1,94,91,8,Gray,RAL 7040,#8E98A3
117,1,95,90,8,Gray,RAL 7040,#8E98A3
117,1,96,89,8,Gray,RAL 7040,#8E98A3
117,1,97,88,8,Gray,RAL 7040,#8E98A3
117,1,98,87,8,Gray,RAL 7040,#8E98A3
117,1,99,86,8,Gray,RAL 7040,#8E98A3
117,1,100,85,8,Gray,RAL 7040,#8E98A3
117,1,101,84,8,Gray,RAL 7040,#8E98A3
117,1,102,83,8,Gray,RAL 7040,#8E98A3
117,1,103,82,8,Gray,RAL 7040,#8E98A3
117,1,104,81,8,Gray,RAL 7040,#8E98A3
117,1,105,80,8,Gray,RAL 7040,#8E98A3
117,1,106,79,8,Gray,RAL 7040,#8E98A3
117,1,107,78,8,Gray,RAL 7040,#8E98A3
117,1,108,77,8,Gray,RAL 7040,#8E98A3
117,1,109,76,8,Gray,RAL 7040,#8E98A3
117,1,110,75,8,Gray,RAL 7040,#8E98A3
117,1,111,74,8,Gray,RAL 7040,#8E98A3
117,1,112,73,8,Gray,RAL 7040,#8E98A3
117,1,113,72,8,Gray,RAL 7040,#8E98A3
117,1,114,71,8,Gray,RAL 7040,#8E98A3
117,1,115,70,8,Gray,RAL 7040,#8E98A3
117,1,116,69,8,Gray,RAL 7040,#8E98A3
117,1,117,68,8,Gray,RAL 7040,#8E98A3
117,1,118,67,8,Gray,RAL 7040,#8E98A3
117,1,119,66,8,Gray,RAL 7040,#8E98A3
117,1,120,65,8,Gray,RAL 7040,#8E98A3
117,1,121,64,8,Gray,RAL 7040,#8E98A3
117,1,122,63,8,Gray,RAL 7040,#8E98A3
117,1,123,62,8,Gray,RAL 7040,#8E98A3
117,1,124,61,8,Gray,RAL 7040,#8E98A3
117,1,125,60,8,Gray,RAL 7040,#8E98A3
117,1,126,59,8,Gray,RAL 7040,#8E98A3
117,1,127,58,8,Gray,RAL 7040,#8E98A3
117,1,128,57,8,Gray,RAL 7040,#8E98A3
117,1,129,56,8,Gray,RAL 7040,#8E98A3
117,1,130,55,8,Gray,RAL 7040,#8E98A3
117,1,131,54,8,Gray,RAL 7040,#8E98A3
117,1,132,53,8,Gray,RAL 7040,#8E98A3
117,1,133,52,8,Gray,RAL 7040,#8E98A3
117,1,134,51,8,Gray,RAL 7040,#8E98A3
117,1,135,50,8,Gray,RAL 7040,#8E98A3
117,1,136,49,8,Gray,RAL 7040,#8E98A3
117,1,137,48,8,Gray,RAL 7040,#8E98A3
117,1,138,47,8,Gray,RAL 7040,#8E98A3
117,1,139,46,8,Gray,RAL 7040,#8E98A3
117,1,140,45,8,Gray,RAL 7040,#8E98A3
117,1,141,44,8,Gray,RAL 7040,#8E98A3
117,1,142,43,8,Gray,RAL 7040,#8E98A3
117,1,143,42,8,Gray,RAL 7040,#8E98A3
117,1,144,41,8,Gray,RAL 7040,#8E98A3
117,1,145,40,8,Gray,RAL 7040,#8E98A3
117,1,146,39,8,Gray,RAL 7040,#8E98A3
117,1,147,38,8,Gray,RAL 7040,#8E98A3
117,1,148,37,8,Gray,RAL 7040,#8E98A3
117,1,149,36,8,Gray,RAL 7040,#8E98A3
117,1,150,35,8,Gray,RAL 7040,#8E98A3
117,1,151,34,8,Gray,RAL 7040,#8E98A3
117,1,152,33,8,Gray,RAL 7040,#8E98A3
117,1,153,32,8,Gray,RAL 7040,#8E98A3
117,1,154,31,8,Gray,RAL 7040,#8E98A3
117,1,155,30,8,Gray,RAL 7040,#8E98A3
117,1,156,29,8,Gray,RAL 7040,#8E98A3
117,1,157,28,8,Gray,RAL 7040,#8E98A3
117,1,158,27,8,Gray,RAL 7040,#8E98A3
117,1,159,26,8,Gray,RAL 7040,#8E98A3
117,1,160,25,8,Gray,RAL 7040,#8E98A3
117,1,161,24,8,Gray,RAL 7040,#8E98A3
117,1,162,23,8,Gray,RAL 7040,#8E98A3
117,1,163,22,8,Gray,RAL 7040,#8E98A3
117,1,164,21,8,Gray,RAL 7040,#8E98A3
117,1,165,20,8,Gray,RAL 7040,#8E98A3
117,1,166,19,8,Gray,RAL 7040,#8E98A3
117,1,167,18,6,Green,RAL 6018,#2CA36A
117,1,168,17,6,Green,RAL 6018,#2CA36A
117,1,169,16,6,Green,RAL 6018,#2CA36A
117,1,170,15,6,Green,RAL 6018,#2CA36A
117,1,171,14,6,Green,RAL 6018,#2CA36A
117,1,172,13,6,Green,RAL 6018,#2CA36A
117,1,173,12,6,Green,RAL 6018,#2CA36A
117,1,174,11,6,Green,RAL 6018,#2CA36A
117,1,175,10,6,Green,RAL 6018,#2CA36A
117,1,176,9,6,Green,RAL 6018,#2CA36A
117,1,177,8,6,Green,RAL 6018,#2CA36A
117,1,178,7,6,Green,RAL 6018,#2CA36A
117,1,179,6,6,Green,RAL 6018,#2CA36A
117,1,180,5,6,Green,RAL 6018,#2CA36A
117,1,181,4,6,Green,RAL 6018,#2CA36A
117,1,182,3,6,Green,RAL 6018,#2CA36A
117,1,183,2,6,Green,RAL 6018,#2CA36A
117,1,184,1,6,Green,RAL 6018,#2CA36A
